2021-06-17 17:00:00,22174.00,22174.00,10136.00,20368.00,26642.60000000
2021-06-18 17:00:00,20368.00,21364.00,20140.00,20162.00,33129.90000000
2021-06-19 17:00:00,20148.00,21449.00,19015.00,20824.00,80028.00000000
2021-06-20 17:00:00,20824.00,20975.00,17101.00,17251.00,152221.90000000
2021-06-21 17:00:00,17376.00,20500.00,14603.00,16874.00,291834.00000000
2021-06-22 17:00:00,16873.00,18993.00,16175.00,18126.00,148938.30000000
2021-06-23 17:00:00,18130.00,20154.00,17347.00,19500.00,131260.70000000
2021-06-24 17:00:00,19700.00,20147.00,18020.00,18200.00,110173.70000000
2021-06-25 17:00:00,18200.00,19108.00,17402.00,18144.00,124876.80000000
2021-06-26 17:00:00,18300.00,19900.00,18038.00,19271.00,110623.40000000
2021-06-27 17:00:00,19271.00,19498.00,18852.00,19175.00,131976.10000000
2021-06-28 17:00:00,19171.00,20549.00,19084.00,19815.00,220042.70000000
2021-06-29 17:00:00,19886.00,20289.00,18691.00,20084.00,198444.50000000
2021-06-30 17:00:00,20084.00,20100.00,18950.00,19382.00,141657.40000000
2021-07-01 17:00:00,19300.00,20252.00,18714.00,20250.00,156715.60000000
2021-07-02 17:00:00,20283.00,20900.00,19708.00,20367.00,214066.90000000
2021-07-03 17:00:00,20330.00,21578.00,20017.00,21118.00,276501.00000000
2021-07-04 17:00:00,21096.00,21096.00,19978.00,20410.00,219779.50000000
2021-07-05 17:00:00,20410.00,21121.00,20194.00,20569.00,296302.50000000
2021-07-06 17:00:00,20531.00,20867.00,20308.00,20383.00,223829.00000000
2021-07-07 17:00:00,20341.00,20402.00,19300.00,19389.00,205289.80000000
2021-07-08 17:00:00,19395.00,20000.00,18808.00,19614.00,228969.70000000
2021-07-09 17:00:00,19676.00,19850.00,19200.00,19450.00,98116.20000000
2021-07-10 17:00:00,19511.00,19855.00,19269.00,19595.00,103519.20000000
2021-07-11 17:00:00,19595.00,19942.00,18792.00,19116.00,149581.60000000
2021-07-12 17:00:00,19097.00,19200.00,18178.00,18400.00,131677.30000000
2021-07-13 17:00:00,18399.00,18725.00,17400.00,18337.00,240376.50000000
2021-07-14 17:00:00,18339.00,18700.00,17520.00,17810.00,236273.70000000
2021-07-15 17:00:00,17818.00,18098.00,16999.00,17062.00,258338.80000000
2021-07-16 17:00:00,17048.00,17395.00,16750.00,17047.00,184354.50000000
2021-07-17 17:00:00,17047.00,17742.00,16986.00,17217.00,143359.10000000
2021-07-18 17:00:00,17190.00,17368.00,16340.00,16427.00,194896.90000000
2021-07-19 17:00:00,16456.00,16641.00,14965.00,15469.00,512677.80000000
2021-07-20 17:00:00,15464.00,17828.00,15222.00,17039.00,448993.50000000
2021-07-21 17:00:00,17067.00,17545.00,16707.00,17194.00,254191.80000000
2021-07-22 17:00:00,17217.00,17881.00,16678.00,17503.00,246947.50000000
2021-07-23 17:00:00,17519.00,18083.00,17000.00,17863.00,345340.80000000
2021-07-24 17:00:00,17844.00,17959.00,17223.00,17768.00,145162.30000000
2021-07-25 17:00:00,17795.00,20183.00,17696.00,18104.00,904981.00000000
2021-07-26 17:00:00,18077.00,19096.00,17604.00,18492.00,532063.40000000
2021-07-27 17:00:00,18526.00,19075.00,18233.00,18635.00,392934.60000000
2021-07-28 17:00:00,18635.00,18813.00,18254.00,18619.00,278477.50000000
2021-07-29 17:00:00,18600.00,19067.00,18121.00,18932.00,360218.50000000
2021-07-30 17:00:00,18919.00,19249.00,18600.00,19039.00,319366.00000000
2021-07-31 17:00:00,19073.00,20023.00,18700.00,19056.00,422732.90000000
2021-08-01 17:00:00,19028.00,19555.00,18780.00,18973.00,224481.10000000
2021-08-02 17:00:00,18973.00,19958.00,18252.00,19758.00,396411.30000000
2021-08-03 17:00:00,19758.00,20000.00,19084.00,19732.00,314323.60000000
2021-08-04 17:00:00,19729.00,20004.00,19259.00,19824.00,264417.90000000
2021-08-05 17:00:00,19805.00,20389.00,19526.00,20078.00,416217.70000000
2021-08-06 17:00:00,20084.00,21300.00,20022.00,21013.00,496389.40000000
2021-08-07 17:00:00,20983.00,21386.00,20182.00,20463.00,346210.80000000
2021-08-08 17:00:00,20450.00,21450.00,19957.00,21201.00,320480.10000000
2021-08-09 17:00:00,21174.00,24470.00,20962.00,24171.00,647543.00000000
2021-08-10 17:00:00,24149.00,27312.00,23991.00,25922.00,1311681.00000000
2021-08-11 17:00:00,25903.00,27000.00,24276.00,26421.00,988045.20000000
2021-08-12 17:00:00,26418.00,30690.00,26312.00,30527.00,1580939.00000000
2021-08-13 17:00:00,30527.00,31999.00,29754.00,31165.00,1814655.30000000
2021-08-14 17:00:00,31158.00,31999.00,29122.00,30803.00,1039173.30000000
2021-08-15 17:00:00,30857.00,31446.00,29500.00,29867.00,766608.40000000
2021-08-16 17:00:00,29917.00,30996.00,27722.00,28034.00,744330.60000000
2021-08-17 17:00:00,28038.00,31300.00,27326.00,30560.00,838452.30000000
2021-08-18 17:00:00,30561.00,35300.00,29649.00,35026.00,1276681.80000000
2021-08-19 17:00:00,35042.00,37027.00,34150.00,35269.00,1377572.00000000
2021-08-20 17:00:00,35315.00,36299.00,34279.00,34975.00,766227.60000000
2021-08-21 17:00:00,34960.00,39104.00,34906.00,38950.00,1045493.60000000
2021-08-22 17:00:00,38950.00,42728.00,38614.00,41972.00,1643558.80000000
2021-08-23 17:00:00,41998.00,42404.00,37652.00,39611.00,1714962.00000000
2021-08-24 17:00:00,39611.00,40600.00,37901.00,39675.00,1351509.00000000
2021-08-25 17:00:00,39735.00,40290.00,36004.00,36912.00,1222459.00000000
2021-08-26 17:00:00,36922.00,42575.00,36423.00,42564.00,1486576.40000000
2021-08-27 17:00:00,42568.00,42600.00,40182.00,41235.00,731902.00000000
2021-08-28 17:00:00,41235.00,42474.00,39451.00,41283.00,941102.30000000
2021-08-29 17:00:00,41243.00,41752.00,39403.00,39698.00,619679.20000000
2021-08-30 17:00:00,39636.00,41400.00,39250.00,39802.00,696542.60000000
2021-08-31 17:00:00,39768.00,41587.00,39180.00,41048.00,558609.00000000
2021-09-01 17:00:00,41087.00,44361.00,40560.00,42300.00,1174289.90000000
2021-09-02 17:00:00,42296.00,43200.00,41541.00,42339.00,589272.30000000
2021-09-03 17:00:00,42340.00,42359.00,40072.00,40461.00,563945.80000000
2021-09-04 17:00:00,40504.00,42088.00,40451.00,41534.00,428610.70000000
2021-09-05 17:00:00,41481.00,41737.00,40030.00,40661.00,494310.00000000
2021-09-06 17:00:00,40661.00,41146.00,28040.00,36521.00,2042764.30000000
2021-09-07 17:00:00,36546.00,37417.00,32000.00,35851.00,1133231.90000000
2021-09-08 17:00:00,35841.00,37929.00,34685.00,36273.00,980255.10000000
2021-09-09 17:00:00,36308.00,37246.00,32894.00,34474.00,771593.20000000
2021-09-10 17:00:00,34567.00,40312.00,34262.00,38186.00,1183470.00000000
2021-09-11 17:00:00,38186.00,40192.00,36091.00,37214.00,1130531.20000000
2021-09-12 17:00:00,37220.00,37408.00,33365.00,34647.00,958003.40000000
2021-09-13 17:00:00,34642.00,34964.00,33307.00,34307.00,430640.10000000
2021-09-14 17:00:00,34365.00,36949.00,33845.00,35800.00,608469.00000000
2021-09-15 17:00:00,35790.00,36059.00,34145.00,34631.00,385357.70000000
2021-09-16 17:00:00,34631.00,34967.00,33333.00,33717.00,327866.60000000
2021-09-17 17:00:00,33745.00,34929.00,33211.00,34001.00,302904.10000000
2021-09-18 17:00:00,34024.00,34400.00,32508.00,32873.00,318224.90000000
2021-09-19 17:00:00,32811.00,32958.00,28518.00,30041.00,684648.30000000
2021-09-20 17:00:00,29988.00,32136.00,27772.00,28747.00,745432.80000000
2021-09-21 17:00:00,28794.00,32499.00,28429.00,32444.00,444418.20000000
2021-09-22 17:00:00,32346.00,33387.00,31240.00,33114.00,362600.10000000
2021-09-23 17:00:00,33082.00,33371.00,29757.00,32670.00,639403.50000000
2021-09-24 17:00:00,32703.00,35333.00,32103.00,33082.00,702487.50000000
2021-09-25 17:00:00,33034.00,33084.00,31090.00,31724.00,396214.00000000
2021-09-26 17:00:00,31698.00,32600.00,30621.00,30677.00,354767.40000000
2021-09-27 17:00:00,30647.00,31259.00,29139.00,29273.00,340840.10000000
2021-09-28 17:00:00,29322.00,30772.00,29073.00,29716.00,293518.10000000
2021-09-29 17:00:00,29679.00,30577.00,29525.00,30285.00,226672.40000000
2021-09-30 17:00:00,30245.00,32352.00,30000.00,32102.00,375948.90000000
2021-10-01 17:00:00,32194.00,33089.00,31304.00,32004.00,270671.80000000
2021-10-02 17:00:00,32042.00,32850.00,31594.00,32100.00,207550.40000000
2021-10-03 17:00:00,32100.00,32100.00,30732.00,31248.00,209493.30000000
2021-10-04 17:00:00,31248.00,32100.00,31040.00,31813.00,187196.80000000
2021-10-05 17:00:00,31737.00,32121.00,30253.00,31523.00,327462.50000000
2021-10-06 17:00:00,31523.00,33779.00,30757.00,32410.00,447760.80000000
2021-10-07 17:00:00,32391.00,32906.00,31621.00,31806.00,219297.80000000
2021-10-08 17:00:00,31887.00,32685.00,31651.00,32302.00,145966.20000000
2021-10-09 17:00:00,32302.00,32409.00,31000.00,31314.00,137535.10000000
2021-10-10 17:00:00,31254.00,32000.00,30123.00,31061.00,154537.60000000
2021-10-11 17:00:00,31056.00,31120.00,29560.00,30115.00,209021.90000000
2021-10-12 17:00:00,30218.00,31210.00,29690.00,31018.00,204040.80000000
2021-10-13 17:00:00,31016.00,31400.00,30407.00,30576.00,485441.60000000
2021-10-14 17:00:00,30611.00,31576.00,30050.00,31071.00,298543.80000000
2021-10-15 17:00:00,31152.00,31588.00,30500.00,30600.00,197865.60000000
2021-10-16 17:00:00,30658.00,30762.00,29600.00,30336.00,181053.00000000
2021-10-17 17:00:00,30399.00,30576.00,29682.00,29982.00,123502.80000000
2021-10-18 17:00:00,29980.00,30324.00,29000.00,29629.00,231990.00000000
2021-10-19 17:00:00,29674.00,30760.00,29402.00,30531.00,166787.40000000
2021-10-20 17:00:00,30531.00,32231.00,30085.00,30172.00,356380.50000000
2021-10-21 17:00:00,30144.00,31216.00,30100.00,30469.00,150176.50000000
2021-10-22 17:00:00,30469.00,30665.00,30166.00,30550.00,127945.80000000
2021-10-23 17:00:00,30573.00,30650.00,29581.00,29940.00,174272.50000000
2021-10-24 17:00:00,29940.00,30749.00,29851.00,30286.00,974582.30000000
2021-10-25 17:00:00,30286.00,31070.00,30100.00,30329.00,290761.30000000
2021-10-26 17:00:00,30313.00,30497.00,26034.00,27370.00,664239.50000000
2021-10-27 17:00:00,27395.00,29250.00,27218.00,28173.00,385303.60000000
2021-10-28 17:00:00,28190.00,28984.00,28131.00,28514.00,202446.40000000
2021-10-29 17:00:00,28517.00,28586.00,27425.00,27718.00,185521.40000000
2021-10-30 17:00:00,27817.00,28787.00,27306.00,27907.00,443350.90000000
2021-10-31 17:00:00,27940.00,28750.00,27245.00,27803.00,660609.20000000
2021-11-01 17:00:00,27827.00,28424.00,27600.00,28000.00,723205.50000000
2021-11-02 17:00:00,28000.00,30649.00,27754.00,29435.00,879366.40000000
2021-11-03 17:00:00,29435.00,30018.00,27789.00,28467.00,550605.40000000
2021-11-04 17:00:00,28439.00,28933.00,28101.00,28491.00,194590.00000000
2021-11-05 17:00:00,28491.00,29215.00,27936.00,28699.00,195812.50000000
2021-11-06 17:00:00,28720.00,29156.00,28350.00,28923.00,179681.20000000
2021-11-07 16:00:00,28946.00,30478.00,28714.00,30211.00,341213.90000000
2021-11-08 16:00:00,30193.00,33863.00,29951.00,32377.00,726223.60000000
2021-11-09 16:00:00,32405.00,33254.00,27600.00,30430.00,532079.80000000
2021-11-10 16:00:00,30392.00,30843.00,29681.00,29824.00,192497.30000000
2021-11-11 16:00:00,29794.00,30056.00,28533.00,29287.00,171046.70000000
2021-11-12 16:00:00,29338.00,29699.00,28901.00,29344.00,116564.10000000
2021-11-13 16:00:00,29292.00,29556.00,28798.00,29150.00,93167.10000000
2021-11-14 16:00:00,29148.00,29850.00,28800.00,28847.00,193571.40000000
2021-11-15 16:00:00,28870.00,28870.00,25402.00,26973.00,402462.30000000
2021-11-16 16:00:00,26950.00,27203.00,25842.00,26841.00,170817.60000000
2021-11-17 16:00:00,26859.00,27300.00,24510.00,25743.00,220116.40000000
2021-11-18 16:00:00,25736.00,27135.00,25180.00,26706.00,183077.20000000
2021-11-19 16:00:00,26716.00,28000.00,26700.00,27540.00,156598.70000000
2021-11-20 16:00:00,27553.00,27553.00,26250.00,26300.00,120024.60000000
2021-11-21 16:00:00,26304.00,26346.00,25300.00,25572.00,179722.80000000
2021-11-22 16:00:00,25524.00,26045.00,24898.00,25007.00,192568.30000000
2021-11-23 16:00:00,25066.00,25081.00,22794.00,23919.00,444439.50000000
2021-11-24 16:00:00,23903.00,25049.00,23248.00,23971.00,278295.60000000
2021-11-25 16:00:00,24007.00,24122.00,21555.00,22206.00,413245.30000000
2021-11-26 16:00:00,22298.00,22950.00,22187.00,22396.00,146519.70000000
2021-11-27 16:00:00,22354.00,23020.00,20750.00,22950.00,237477.20000000
2021-11-28 16:00:00,22953.00,23491.00,22429.00,22969.00,184778.40000000
2021-11-29 16:00:00,23049.00,23353.00,22270.00,22357.00,194480.00000000
2021-11-30 16:00:00,22387.00,23332.00,22150.00,22251.00,198010.50000000
2021-12-01 16:00:00,22299.00,25400.00,22000.00,24773.00,1561019.20000000
2021-12-02 16:00:00,24844.00,24950.00,22185.00,22669.00,319682.10000000
2021-12-03 16:00:00,22708.00,22708.00,17715.00,21045.00,948950.90000000
2021-12-04 16:00:00,21045.00,21275.00,18901.00,20200.00,331834.50000000
2021-12-05 16:00:00,20247.00,20883.00,18400.00,20636.00,310359.10000000
2021-12-06 16:00:00,20606.00,21436.00,19778.00,19935.00,291273.00000000
2021-12-07 16:00:00,19951.00,20584.00,19386.00,20091.00,249857.10000000
2021-12-08 16:00:00,20112.00,20250.00,18666.00,18679.00,236779.50000000
2021-12-09 16:00:00,18679.00,19236.00,17561.00,17600.00,320660.50000000
2021-12-10 16:00:00,17619.00,19655.00,17369.00,19551.00,278839.30000000
2021-12-11 16:00:00,19546.00,20420.00,19071.00,19465.00,343571.50000000
2021-12-12 16:00:00,19411.00,19694.00,17400.00,17736.00,245377.10000000
2021-12-13 16:00:00,17749.00,18505.00,17348.00,18241.00,237993.00000000
2021-12-14 16:00:00,18271.00,19105.00,17388.00,18808.00,270539.50000000
2021-12-15 16:00:00,18793.00,19140.00,17808.00,17851.00,191277.50000000
2021-12-16 16:00:00,17851.00,18199.00,17129.00,17638.00,209218.60000000
2021-12-17 16:00:00,17638.00,18235.00,17394.00,17900.00,198782.00000000
2021-12-18 16:00:00,17898.00,18849.00,17873.00,17884.00,308380.50000000
2021-12-19 16:00:00,17917.00,18200.00,17369.00,17887.00,166699.30000000
2021-12-20 16:00:00,17871.00,18474.00,17729.00,18343.00,136945.80000000
2021-12-21 16:00:00,18314.00,19555.00,18285.00,19010.00,322396.10000000
2021-12-22 16:00:00,19001.00,21196.00,18731.00,20981.00,240026.00000000
2021-12-23 16:00:00,20947.00,21179.00,19656.00,19731.00,310136.30000000
2021-12-24 16:00:00,19799.00,20731.00,19650.00,20661.00,995891.00000000
2021-12-25 16:00:00,20634.00,20839.00,20032.00,20685.00,202009.00000000
2021-12-26 16:00:00,20686.00,22771.00,20641.00,21588.00,403553.50000000
2021-12-27 16:00:00,21589.00,22016.00,19830.00,20086.00,293288.20000000
2021-12-28 16:00:00,20103.00,20614.00,19064.00,19177.00,230229.40000000
2021-12-29 16:00:00,19162.00,19764.00,18704.00,19533.00,245962.70000000
2021-12-30 16:00:00,19523.00,19844.00,18461.00,18900.00,1170373.30000000
2021-12-31 16:00:00,18891.00,19799.00,18821.00,19773.00,179100.80000000
2022-01-01 16:00:00,19773.00,19949.00,19266.00,19750.00,1014676.90000000
2022-01-02 16:00:00,19748.00,19781.00,18857.00,18955.00,176932.60000000
2022-01-03 16:00:00,18955.00,19396.00,18634.00,18804.00,152161.40000000
2022-01-04 16:00:00,18817.00,19440.00,17445.00,17900.00,239129.90000000
2022-01-05 16:00:00,17944.00,18799.00,17171.00,18586.00,298415.70000000
2022-01-06 16:00:00,18555.00,18628.00,17244.00,17470.00,297127.90000000
2022-01-07 16:00:00,17502.00,18100.00,16350.00,17112.00,436062.50000000
2022-01-08 16:00:00,17102.00,17862.00,16603.00,16900.00,250731.40000000
2022-01-09 16:00:00,16878.00,17152.00,15522.00,16231.00,330374.90000000
2022-01-10 16:00:00,16201.00,17187.00,15479.00,17052.00,377266.00000000
2022-01-11 16:00:00,17044.00,18888.00,17044.00,18834.00,299619.70000000
2022-01-12 16:00:00,18835.00,19428.00,17620.00,17629.00,353462.90000000
2022-01-13 16:00:00,17632.00,18765.00,17526.00,18510.00,218050.10000000
2022-01-14 16:00:00,18493.00,18880.00,16944.00,18550.00,271394.80000000
2022-01-15 16:00:00,18521.00,20353.00,18475.00,20164.00,541404.80000000
2022-01-16 16:00:00,20165.00,23062.00,19812.00,23021.00,863409.60000000
2022-01-17 16:00:00,23026.00,23507.00,20184.00,20995.00,762443.90000000
2022-01-18 16:00:00,20960.00,22050.00,19100.00,19241.00,427700.60000000
2022-01-19 16:00:00,19225.00,20528.00,18054.00,18203.00,554274.30000000
2022-01-20 16:00:00,18159.00,18496.00,16067.00,16251.00,1005247.70000000
2022-01-21 16:00:00,16251.00,16731.00,13374.00,15566.00,1185878.30000000
2022-01-22 16:00:00,15529.00,16866.00,15000.00,16218.00,836529.00000000
2022-01-23 16:00:00,16233.00,16233.00,13777.00,15378.00,694188.70000000
2022-01-24 16:00:00,15405.00,15500.00,14309.00,15019.00,842932.10000000
2022-01-25 16:00:00,15052.00,16617.00,14743.00,15545.00,884756.40000000
2022-01-26 16:00:00,15545.00,16043.00,14000.00,15043.00,764209.10000000
2022-01-27 16:00:00,15043.00,15578.00,14000.00,15123.00,489863.00000000
2022-01-28 16:00:00,15095.00,15620.00,14515.00,15267.00,278166.70000000
2022-01-29 16:00:00,15267.00,15527.00,14793.00,14939.00,282646.00000000
2022-01-30 16:00:00,14936.00,15260.00,14550.00,15119.00,299396.80000000
2022-01-31 16:00:00,15118.00,15738.00,14858.00,15730.00,295730.60000000
2022-02-01 16:00:00,15723.00,15823.00,14748.00,14837.00,311132.30000000
2022-02-02 16:00:00,14820.00,15276.00,14650.00,15265.00,260502.30000000
2022-02-03 16:00:00,15276.00,16341.00,15033.00,16326.00,355289.10000000
2022-02-04 16:00:00,16336.00,16907.00,15794.00,16169.00,355362.20000000
2022-02-05 16:00:00,16200.00,17000.00,15778.00,16423.00,324499.60000000
2022-02-06 16:00:00,16408.00,17420.00,16176.00,17240.00,422314.20000000
2022-02-07 16:00:00,17264.00,18200.00,16360.00,16958.00,402260.20000000
2022-02-08 16:00:00,16988.00,17495.00,16592.00,17153.00,303635.30000000
2022-02-09 16:00:00,17157.00,17559.00,16450.00,16523.00,377077.20000000
2022-02-10 16:00:00,16547.00,16735.00,15350.00,15540.00,264235.90000000
2022-02-11 16:00:00,15560.00,15738.00,14819.00,15213.00,269401.40000000
2022-02-12 16:00:00,15228.00,15454.00,14846.00,15049.00,182988.90000000
2022-02-13 16:00:00,14996.00,15133.00,14627.00,15079.00,196120.00000000
2022-02-14 16:00:00,15070.00,15921.00,15054.00,15813.00,315129.50000000
2022-02-15 16:00:00,15837.00,15860.00,15236.00,15451.00,203148.40000000
2022-02-16 16:00:00,15433.00,15600.00,14526.00,14652.00,170963.10000000
2022-02-17 16:00:00,14683.00,14937.00,14181.00,14338.00,284890.70000000
2022-02-18 16:00:00,14353.00,14644.00,14011.00,14359.00,163561.40000000
2022-02-19 16:00:00,14344.00,14344.00,13238.00,13394.00,288786.40000000
2022-02-20 16:00:00,13385.00,14229.00,12300.00,12323.00,390505.40000000
2022-02-21 16:00:00,12387.00,12897.00,11726.00,12763.00,431550.00000000
2022-02-22 16:00:00,12763.00,13750.00,12400.00,12417.00,336690.40000000
2022-02-23 16:00:00,12425.00,12830.00,10734.00,12262.00,946952.00000000
2022-02-24 16:00:00,12254.00,13025.00,11817.00,12885.00,319015.80000000
2022-02-25 16:00:00,12861.00,13344.00,12665.00,12735.00,301647.20000000
2022-02-26 16:00:00,12736.00,13133.00,11973.00,12331.00,221006.40000000
2022-02-27 16:00:00,12331.00,13800.00,12125.00,13774.00,336328.50000000
2022-02-28 16:00:00,13823.00,14458.00,13500.00,13821.00,328857.10000000
2022-03-01 16:00:00,13797.00,13980.00,13328.00,13489.00,222408.70000000
2022-03-02 16:00:00,13470.00,13580.00,12730.00,12966.00,206380.30000000
2022-03-03 16:00:00,12966.00,12973.00,11939.00,12169.00,197311.80000000
2022-03-04 16:00:00,12199.00,12723.00,11875.00,12482.00,167908.80000000
2022-03-05 16:00:00,12472.00,12584.00,11850.00,11893.00,143806.20000000
2022-03-06 16:00:00,11892.00,12235.00,11250.00,11500.00,216242.30000000
2022-03-07 16:00:00,11494.00,11836.00,11379.00,11570.00,212482.90000000
2022-03-08 16:00:00,11591.00,12399.00,11538.00,12197.00,180379.10000000
2022-03-09 16:00:00,12210.00,12226.00,11293.00,11545.00,162702.60000000
2022-03-10 16:00:00,11545.00,11733.00,11238.00,11320.00,172511.80000000
2022-03-11 16:00:00,11320.00,11494.00,11313.00,11315.00,59058.00000000
2022-03-12 16:00:00,11317.00,11773.00,11216.00,11291.00,103780.40000000
2022-03-13 17:00:00,11311.00,11658.00,11175.00,11529.00,93568.80000000
2022-03-14 17:00:00,11528.00,11687.00,11238.00,11467.00,85176.00000000
2022-03-15 17:00:00,11447.00,12010.00,11385.00,11991.00,150359.70000000
2022-03-16 17:00:00,12000.00,12264.00,11857.00,11952.00,213047.20000000
2022-03-17 17:00:00,11944.00,12300.00,11778.00,12216.00,88435.60000000
2022-03-18 17:00:00,12204.00,13100.00,12180.00,12931.00,187221.40000000
2022-03-19 17:00:00,12938.00,13100.00,12362.00,12566.00,132659.10000000
2022-03-20 17:00:00,12600.00,13317.00,12361.00,13130.00,141953.10000000
2022-03-21 17:00:00,13177.00,14175.00,13019.00,13993.00,278660.30000000
2022-03-22 17:00:00,13993.00,15910.00,13750.00,15868.00,596030.60000000
2022-03-23 17:00:00,15867.00,17036.00,15471.00,16210.00,616988.10000000
2022-03-24 17:00:00,16236.00,17160.00,15387.00,15763.00,554600.50000000
2022-03-25 17:00:00,15707.00,16606.00,15500.00,16516.00,293130.90000000
2022-03-26 17:00:00,16521.00,16970.00,15851.00,16928.00,241541.70000000
2022-03-27 17:00:00,16953.00,17872.00,16626.00,16790.00,417771.40000000
2022-03-28 17:00:00,16788.00,17822.00,16766.00,17136.00,335171.00000000
2022-03-29 17:00:00,17094.00,17451.00,16720.00,17054.00,187827.10000000
2022-03-30 17:00:00,17018.00,17615.00,16285.00,16398.00,410979.80000000
2022-03-31 17:00:00,16398.00,16884.00,15859.00,16750.00,256537.60000000
2022-04-01 17:00:00,16708.00,17155.00,16487.00,16622.00,210890.40000000
2022-04-02 17:00:00,16599.00,17206.00,16490.00,17052.00,150025.80000000
2022-04-03 17:00:00,17059.00,17890.00,16667.00,17375.00,401975.80000000
2022-04-04 17:00:00,17477.00,17499.00,16741.00,16850.00,204444.40000000
2022-04-05 17:00:00,16822.00,16823.00,15088.00,15102.00,417336.40000000
2022-04-06 17:00:00,15146.00,15810.00,14986.00,15700.00,149199.10000000
2022-04-07 17:00:00,15673.00,15815.00,14664.00,14740.00,169575.20000000
2022-04-08 17:00:00,14743.00,15052.00,14689.00,15007.00,78435.20000000
2022-04-09 17:00:00,15016.00,15350.00,14703.00,14705.00,103286.50000000
2022-04-10 17:00:00,14736.00,14842.00,13235.00,13277.00,357627.70000000
2022-04-11 17:00:00,13303.00,14117.00,13219.00,13784.00,171546.10000000
2022-04-12 17:00:00,13759.00,14081.00,13450.00,14005.00,165783.20000000
2022-04-13 17:00:00,14005.00,14161.00,13300.00,13447.00,94769.20000000
2022-04-14 17:00:00,13409.00,13800.00,13400.00,13749.00,73017.80000000
2022-04-15 17:00:00,13750.00,13843.00,13493.00,13669.00,43002.10000000
2022-04-16 17:00:00,13680.00,13833.00,13145.00,13176.00,74586.40000000
2022-04-17 17:00:00,13160.00,13513.00,12611.00,13476.00,166357.60000000
2022-04-18 17:00:00,13499.00,13758.00,13334.00,13716.00,108880.10000000
2022-04-19 17:00:00,13716.00,14050.00,13404.00,13476.00,127528.20000000
2022-04-20 17:00:00,13476.00,13944.00,12851.00,13111.00,151762.30000000
2022-04-21 17:00:00,13097.00,13300.00,12871.00,13077.00,107700.00000000
2022-04-22 17:00:00,13114.00,13124.00,12735.00,12783.00,117387.60000000
2022-04-23 17:00:00,12777.00,12945.00,12681.00,12763.00,66167.30000000
2022-04-24 17:00:00,12763.00,13025.00,11990.00,12962.00,331480.80000000
2022-04-25 17:00:00,12961.00,13020.00,11817.00,11963.00,284823.20000000
2022-04-26 17:00:00,11937.00,12358.00,11852.00,12148.00,231536.10000000
2022-04-27 17:00:00,12140.00,12371.00,12000.00,12223.00,200009.50000000
2022-04-28 17:00:00,12236.00,12314.00,11527.00,11731.00,275381.80000000
2022-04-29 17:00:00,11754.00,11917.00,10778.00,11076.00,231132.00000000
2022-04-30 17:00:00,11071.00,11720.00,10942.00,11590.00,313165.20000000
2022-05-01 17:00:00,11578.00,11662.00,11214.00,11459.00,137340.10000000
2022-05-02 17:00:00,11442.00,11700.00,11150.00,11295.00,118226.40000000
2022-05-03 17:00:00,11295.00,13100.00,11276.00,13080.00,498735.80000000
2022-05-04 17:00:00,13100.00,13188.00,11350.00,11583.00,648404.30000000
2022-05-05 17:00:00,11562.00,11710.00,11181.00,11449.00,388359.70000000
2022-05-06 17:00:00,11407.00,11483.00,10942.00,11132.00,220396.40000000
2022-05-07 17:00:00,11170.00,11222.00,10650.00,10835.00,269364.10000000
2022-05-08 17:00:00,10876.00,11051.00,8800.00,8845.00,1517099.90000000
2022-05-09 17:00:00,8935.00,10238.00,8600.00,9235.00,1501679.80000000
2022-05-10 17:00:00,9218.00,9681.00,6951.00,7627.00,2101734.90000000
2022-05-11 17:00:00,7629.00,8116.00,5768.00,6909.00,3618422.30000000
2022-05-12 17:00:00,6909.00,8912.00,6865.00,7780.00,1741015.40000000
2022-05-13 17:00:00,7780.00,8200.00,7230.00,7925.00,617403.50000000
2022-05-14 17:00:00,7881.00,8825.00,7587.00,8814.00,456965.70000000
2022-05-15 17:00:00,8797.00,9049.00,8022.00,8175.00,558107.20000000
2022-05-16 17:00:00,8202.00,8800.00,8111.00,8487.00,301712.00000000
2022-05-17 17:00:00,8485.00,8603.00,7419.00,7450.00,389439.30000000
2022-05-18 17:00:00,7466.00,8037.00,7255.00,7835.00,583520.50000000
2022-05-19 17:00:00,7828.00,8002.00,7374.00,7592.00,366694.40000000
2022-05-20 17:00:00,7598.00,7912.00,7489.00,7757.00,188588.10000000
2022-05-21 17:00:00,7758.00,8050.00,7673.00,7954.00,242536.60000000
2022-05-22 17:00:00,7950.00,8200.00,7410.00,7520.00,366845.20000000
2022-05-23 17:00:00,7520.00,7710.00,7247.00,7661.00,232694.40000000
2022-05-24 17:00:00,7667.00,7814.00,7438.00,7534.00,177520.20000000
2022-05-25 17:00:00,7538.00,7636.00,6789.00,7031.00,358371.60000000
2022-05-26 17:00:00,7041.00,7104.00,6518.00,6663.00,400829.30000000
2022-05-27 17:00:00,6667.00,6865.00,6553.00,6799.00,158527.00000000
2022-05-28 17:00:00,6802.00,7051.00,6670.00,7040.00,184841.30000000
2022-05-29 17:00:00,7050.00,8424.00,6981.00,8324.00,500657.60000000
2022-05-30 17:00:00,8302.00,10056.00,8290.00,9148.00,2609286.30000000
2022-05-31 17:00:00,9153.00,9209.00,7850.00,8050.00,1072386.70000000
2022-06-01 17:00:00,8072.00,8687.00,8023.00,8529.00,1283403.70000000
2022-06-02 17:00:00,8498.00,8770.00,7813.00,8101.00,810992.10000000
2022-06-03 17:00:00,8115.00,8270.00,7884.00,8196.00,383647.90000000
2022-06-04 17:00:00,8185.00,8385.00,8010.00,8199.00,247637.70000000
2022-06-05 17:00:00,8188.00,9350.00,8172.00,8814.00,1024328.80000000
2022-06-06 17:00:00,8813.00,9321.00,8274.00,8891.00,1034507.00000000
2022-06-07 17:00:00,8895.00,9680.00,8818.00,9294.00,1416571.70000000
2022-06-08 17:00:00,9303.00,9552.00,9068.00,9215.00,453489.10000000
2022-06-09 17:00:00,9207.00,9259.00,8311.00,8383.00,731015.90000000
2022-06-10 17:00:00,8383.00,8993.00,7939.00,8081.00,1130471.10000000
2022-06-11 17:00:00,8104.00,8196.00,7160.00,7180.00,1741412.30000000
2022-06-12 17:00:00,7170.00,7286.00,6429.00,6831.00,4767647.00000000
2022-06-13 17:00:00,6797.00,7664.00,6435.00,7116.00,3440103.20000000
2022-06-14 17:00:00,7109.00,7947.00,6634.00,7899.00,3355920.90000000
2022-06-15 17:00:00,7892.00,8057.00,6929.00,7055.00,1040789.90000000
2022-06-16 17:00:00,7067.00,7471.00,7000.00,7221.00,562855.30000000
2022-06-17 17:00:00,7221.00,7350.00,6262.00,6768.00,1285913.00000000
2022-06-18 17:00:00,6756.00,7267.00,6480.00,7201.00,833196.30000000
2022-06-19 17:00:00,7194.00,7550.00,6850.00,7299.00,741299.50000000
2022-06-20 17:00:00,7305.00,7578.00,7068.00,7144.00,752171.50000000
2022-06-21 17:00:00,7135.00,7155.00,6794.00,6829.00,581776.20000000
2022-06-22 17:00:00,6832.00,7171.00,6793.00,7126.00,373704.80000000
2022-06-23 17:00:00,7125.00,7570.00,7070.00,7383.00,597116.30000000
2022-06-24 17:00:00,7414.00,7547.00,7128.00,7414.00,344616.00000000
2022-06-25 17:00:00,7412.00,7803.00,7269.00,7277.00,563996.40000000
2022-06-26 17:00:00,7281.00,7543.00,7061.00,7200.00,277803.80000000
2022-06-27 17:00:00,7200.00,7387.00,6935.00,6971.00,253431.90000000
2022-06-28 17:00:00,6973.00,7076.00,6827.00,6913.00,287814.60000000
2022-06-29 17:00:00,6914.00,6936.00,6504.00,6876.00,483669.70000000
2022-06-30 17:00:00,6880.00,7080.00,6638.00,6725.00,401594.30000000
2022-07-01 17:00:00,6725.00,6911.00,6610.00,6829.00,183158.40000000
2022-07-02 17:00:00,6829.00,6880.00,6599.00,6821.00,238708.40000000
2022-07-03 17:00:00,6821.00,7128.00,6661.00,7024.00,459527.20000000
2022-07-04 17:00:00,7024.00,7058.00,6669.00,6861.00,281644.30000000
2022-07-05 17:00:00,6854.00,6978.00,6716.00,6929.00,245205.90000000
2022-07-06 17:00:00,6941.00,7225.00,6901.00,7165.00,252444.00000000
2022-07-07 17:00:00,7165.00,7380.00,6901.00,6972.00,302036.20000000
2022-07-08 17:00:00,7001.00,7264.00,6980.00,7168.00,197929.00000000
2022-07-09 17:00:00,7146.00,7177.00,6822.00,6934.00,230774.20000000
2022-07-10 17:00:00,6938.00,6938.00,6473.00,6527.00,263580.00000000
2022-07-11 17:00:00,6515.00,6624.00,6238.00,6253.00,251036.50000000
2022-07-12 17:00:00,6253.00,6624.00,6058.00,6586.00,709503.20000000
2022-07-13 17:00:00,6567.00,6688.00,6274.00,6626.00,391134.40000000
2022-07-14 17:00:00,6633.00,6780.00,6493.00,6633.00,286134.30000000
2022-07-15 17:00:00,6621.00,6864.00,6477.00,6849.00,212094.00000000
2022-07-16 17:00:00,6871.00,6967.00,6622.00,6697.00,232551.30000000
2022-07-17 17:00:00,6697.00,7470.00,6673.00,7359.00,644979.00000000
2022-07-18 17:00:00,7316.00,7875.00,7100.00,7730.00,656737.30000000
2022-07-19 17:00:00,7730.00,8230.00,7310.00,7357.00,1667142.90000000
2022-07-20 17:00:00,7352.00,7553.00,7143.00,7497.00,1314049.60000000
2022-07-21 17:00:00,7501.00,7680.00,7178.00,7260.00,1059412.80000000
2022-07-22 17:00:00,7260.00,7794.00,7115.00,7777.00,1053170.40000000
2022-07-23 17:00:00,7778.00,8065.00,7670.00,7703.00,1597979.20000000
2022-07-24 17:00:00,7695.00,7741.00,7131.00,7146.00,1670853.20000000
2022-07-25 17:00:00,7146.00,7179.00,6775.00,7035.00,1895479.20000000
2022-07-26 17:00:00,7033.00,7665.00,6901.00,7651.00,2403260.90000000
2022-07-27 17:00:00,7653.00,7806.00,7315.00,7654.00,1654740.50000000
2022-07-28 17:00:00,7656.00,8115.00,7550.00,7769.00,2841016.10000000
2022-07-29 17:00:00,7775.00,8272.00,7586.00,7844.00,2278155.30000000
2022-07-30 17:00:00,7825.00,8100.00,7652.00,7700.00,1634375.10000000
2022-07-31 17:00:00,7700.00,7843.00,7463.00,7648.00,1261320.10000000
2022-08-01 17:00:00,7637.00,8200.00,7288.00,7403.00,1507611.80000000
2022-08-02 17:00:00,7411.00,7701.00,7300.00,7466.00,930469.70000000
2022-08-03 17:00:00,7466.00,7621.00,7373.00,7445.00,764104.10000000
2022-08-04 17:00:00,7453.00,7736.00,7450.00,7730.00,785479.00000000
2022-08-05 17:00:00,7721.00,7804.00,7609.00,7625.00,503208.20000000
2022-08-06 17:00:00,7628.00,8018.00,7555.00,7877.00,575549.30000000
2022-08-07 17:00:00,7870.00,8185.00,7803.00,7982.00,809917.30000000
2022-08-08 17:00:00,7983.00,7994.00,7540.00,7650.00,655477.70000000
2022-08-09 17:00:00,7640.00,7985.00,7496.00,7948.00,890082.70000000
2022-08-10 17:00:00,7958.00,8103.00,7811.00,7836.00,1076116.50000000
2022-08-11 17:00:00,7834.00,7961.00,7675.00,7951.00,616139.20000000
2022-08-12 17:00:00,7951.00,8352.00,7902.00,8233.00,918225.40000000
2022-08-13 17:00:00,8225.00,8748.00,8193.00,8388.00,1118680.10000000
2022-08-14 17:00:00,8388.00,8573.00,8027.00,8124.00,1095470.70000000
2022-08-15 17:00:00,8124.00,8425.00,8094.00,8241.00,1100810.40000000
2022-08-16 17:00:00,8231.00,8600.00,7850.00,7955.00,1555578.40000000
2022-08-17 17:00:00,7973.00,8075.00,7561.00,7612.00,953194.50000000
2022-08-18 17:00:00,7612.00,7612.00,6660.00,6738.00,1817032.40000000
2022-08-19 17:00:00,6730.00,6906.00,6495.00,6724.00,1196188.00000000
2022-08-20 17:00:00,6733.00,7044.00,6676.00,6905.00,1289294.30000000
2022-08-21 17:00:00,6914.00,6914.00,6529.00,6897.00,1129158.20000000
2022-08-22 17:00:00,6891.00,6982.00,6669.00,6925.00,920087.50000000
2022-08-23 17:00:00,6929.00,6975.00,6751.00,6809.00,686827.20000000
2022-08-24 17:00:00,6812.00,7037.00,6806.00,6902.00,988071.60000000
2022-08-25 17:00:00,6898.00,7161.00,6351.00,6430.00,1957406.40000000
2022-08-26 17:00:00,6443.00,6741.00,6355.00,6726.00,1098679.90000000
2022-08-27 17:00:00,6709.00,6778.00,6385.00,6406.00,793977.20000000
2022-08-28 17:00:00,6408.00,7050.00,6341.00,6725.00,903106.60000000
2022-08-29 17:00:00,6731.00,6888.00,6542.00,6750.00,1043946.90000000
2022-08-30 17:00:00,6757.00,6895.00,6632.00,6651.00,1342241.90000000
2022-08-31 17:00:00,6647.00,6890.00,6579.00,6828.00,902608.60000000
2022-09-01 17:00:00,6828.00,6954.00,6714.00,6788.00,437224.50000000
2022-09-02 17:00:00,6788.00,7256.00,6783.00,7176.00,1014842.40000000
2022-09-03 17:00:00,7175.00,7626.00,7107.00,7537.00,890832.30000000
2022-09-04 17:00:00,7548.00,7581.00,7220.00,7443.00,766438.00000000
2022-09-05 17:00:00,7451.00,7628.00,6883.00,6905.00,1204244.20000000
2022-09-06 17:00:00,6892.00,7188.00,6792.00,7146.00,1099556.80000000
2022-09-07 17:00:00,7141.00,7211.00,6906.00,7156.00,1000199.00000000
2022-09-08 17:00:00,7159.00,7507.00,7148.00,7474.00,1094779.70000000
2022-09-09 17:00:00,7473.00,7796.00,7361.00,7621.00,1420206.10000000
2022-09-10 17:00:00,7623.00,7740.00,7455.00,7586.00,771745.90000000
2022-09-11 17:00:00,7586.00,7728.00,7379.00,7450.00,1079225.30000000
2022-09-12 17:00:00,7461.00,7576.00,6915.00,6948.00,1549505.90000000
2022-09-13 17:00:00,6947.00,7271.00,6923.00,7177.00,845592.00000000
2022-09-14 17:00:00,7170.00,7184.00,6901.00,6945.00,1078237.50000000
2022-09-15 17:00:00,6962.00,7100.00,6808.00,7100.00,635818.20000000
2022-09-16 17:00:00,7109.00,7308.00,7092.00,7284.00,114814.50000000
2022-09-17 17:00:00,7282.00,7346.00,6624.00,6691.00,201159.20000000
2022-09-18 17:00:00,6704.00,6856.00,6490.00,6808.00,959276.70000000
2022-09-19 17:00:00,6812.00,6830.00,6565.00,6638.00,796693.70000000
2022-09-20 17:00:00,6642.00,6969.00,6491.00,6615.00,2029421.00000000
2022-09-21 17:00:00,6607.00,7013.00,6547.00,6893.00,1128281.50000000
2022-09-22 17:00:00,6892.00,7250.00,6731.00,6958.00,3384969.80000000
2022-09-23 17:00:00,6956.00,7070.00,6800.00,6815.00,919014.60000000
2022-09-24 17:00:00,6808.00,6978.00,6623.00,6735.00,735854.10000000
2022-09-25 17:00:00,6733.00,6816.00,6606.00,6788.00,1207594.60000000
2022-09-26 17:00:00,6776.00,7019.00,6637.00,6693.00,973139.50000000
2022-09-27 17:00:00,6694.00,6715.00,6478.00,6643.00,993440.90000000
2022-09-28 17:00:00,6645.00,6700.00,6521.00,6678.00,664258.70000000
2022-09-29 17:00:00,6678.00,6720.00,6550.00,6618.00,400102.40000000
2022-09-30 17:00:00,6625.00,6650.00,6534.00,6573.00,230149.50000000
2022-10-01 17:00:00,6573.00,6607.00,6389.00,6417.00,455848.20000000
2022-10-02 17:00:00,6414.00,6555.00,6363.00,6542.00,504560.50000000
2022-10-03 17:00:00,6535.00,6656.00,6502.00,6628.00,489529.90000000
2022-10-04 17:00:00,6618.00,6633.00,6450.00,6555.00,474981.20000000
2022-10-05 17:00:00,6570.00,6647.00,6485.00,6522.00,422215.00000000
2022-10-06 17:00:00,6537.00,6545.00,6431.00,6465.00,293947.30000000
2022-10-07 17:00:00,6465.00,6519.00,6403.00,6429.00,190301.90000000
2022-10-08 17:00:00,6438.00,6481.00,6410.00,6453.00,143521.30000000
2022-10-09 17:00:00,6453.00,6516.00,6111.00,6140.00,533780.00000000
2022-10-10 17:00:00,6145.00,6590.00,5885.00,5987.00,1265141.10000000
2022-10-11 17:00:00,5997.00,6073.00,5775.00,5858.00,457243.90000000
2022-10-12 17:00:00,5856.00,5878.00,5376.00,5800.00,2248547.70000000
2022-10-13 17:00:00,5796.00,6450.00,5578.00,5671.00,639160.90000000
2022-10-14 17:00:00,5670.00,5712.00,5592.00,5627.00,212366.40000000
2022-10-15 17:00:00,5629.00,5787.00,5629.00,5716.00,169897.70000000
2022-10-16 17:00:00,5717.00,5811.00,5665.00,5753.00,181275.80000000
2022-10-17 17:00:00,5766.00,5779.00,5533.00,5599.00,291498.10000000
2022-10-18 17:00:00,5612.00,5612.00,5400.00,5435.00,203634.90000000
2022-10-19 17:00:00,5440.00,5545.00,5231.00,5289.00,354103.80000000
2022-10-20 17:00:00,5285.00,5438.00,5157.00,5434.00,276630.80000000
2022-10-21 17:00:00,5444.00,5522.00,5353.00,5483.00,193259.70000000
2022-10-22 17:00:00,5498.00,5664.00,5411.00,5647.00,195311.40000000
2022-10-23 17:00:00,5647.00,5707.00,5535.00,5580.00,254321.20000000
2022-10-24 17:00:00,5594.00,6480.00,5584.00,6221.00,928168.70000000
2022-10-25 17:00:00,6246.00,6411.00,6155.00,6275.00,294209.40000000
2022-10-26 17:00:00,6294.00,6530.00,6019.00,6047.00,378078.90000000
2022-10-27 17:00:00,6047.00,6394.00,5888.00,6300.00,260993.60000000
2022-10-28 17:00:00,6299.00,6832.00,6244.00,6535.00,454876.30000000
2022-10-29 17:00:00,6543.00,6560.00,6206.00,6319.00,203453.50000000
2022-10-30 17:00:00,6326.00,6492.00,6200.00,6348.00,524633.40000000
2022-10-31 17:00:00,6335.00,6483.00,6233.00,6271.00,366013.80000000
2022-11-01 17:00:00,6271.00,6384.00,5953.00,6056.00,929283.80000000
2022-11-02 17:00:00,6049.00,6250.00,6031.00,6121.00,389123.90000000
2022-11-03 17:00:00,6121.00,6668.00,6105.00,6596.00,1060133.10000000
2022-11-04 17:00:00,6609.00,6925.00,6580.00,6672.00,783659.70000000
2022-11-05 17:00:00,6673.00,6745.00,6300.00,6317.00,517280.80000000
2022-11-06 16:00:00,6300.00,6537.00,6248.00,6355.00,584692.80000000
2022-11-07 16:00:00,6355.00,6513.00,5500.00,5927.00,3574121.90000000
2022-11-08 16:00:00,5913.00,5973.00,4923.00,5042.00,3662537.70000000
2022-11-09 16:00:00,5034.00,5953.00,4952.00,5799.00,2590300.00000000
2022-11-10 16:00:00,5799.00,5876.00,5373.00,5571.00,1285462.70000000
2022-11-11 16:00:00,5565.00,5583.00,5250.00,5322.00,590510.90000000
2022-11-12 16:00:00,5318.00,5383.00,5088.00,5160.00,686143.80000000
2022-11-13 16:00:00,5142.00,5326.00,4890.00,5186.00,725199.60000000
2022-11-14 16:00:00,5180.00,5379.00,5150.00,5246.00,138420.50000000
2022-11-15 16:00:00,5246.00,5379.00,5083.00,5209.00,122381.30000000
2022-11-16 16:00:00,5192.00,5232.00,5014.00,5153.00,133076.40000000
2022-11-17 16:00:00,5116.00,5227.00,5047.00,5124.00,195026.60000000
2022-11-18 16:00:00,5134.00,5212.00,5066.00,5169.00,84947.80000000
2022-11-19 16:00:00,5174.00,5217.00,4894.00,4933.00,216469.60000000
2022-11-20 16:00:00,4926.00,4937.00,4664.00,4807.00,330021.80000000
2022-11-21 16:00:00,4817.00,4992.00,4706.00,4921.00,209309.80000000
2022-11-22 16:00:00,4931.00,5031.00,4880.00,4997.00,240852.90000000
2022-11-23 16:00:00,5013.00,5045.00,4903.00,4978.00,207484.30000000
2022-11-24 16:00:00,4978.00,5004.00,4841.00,4970.00,139976.40000000
2022-11-25 16:00:00,4970.00,5097.00,4920.00,4965.00,242308.90000000
2022-11-26 16:00:00,4964.00,5049.00,4919.00,4935.00,115091.00000000
2022-11-27 16:00:00,4932.00,4950.00,4741.00,4868.00,270317.10000000
2022-11-28 16:00:00,4850.00,4952.00,4830.00,4898.00,147689.90000000
2022-11-29 16:00:00,4918.00,5060.00,4880.00,5014.00,182948.40000000
2022-11-30 16:00:00,5031.00,5031.00,4903.00,4930.00,125768.10000000
2022-12-01 16:00:00,4926.00,4972.00,4842.00,4961.00,175514.10000000
2022-12-02 16:00:00,4975.00,5070.00,4910.00,4944.00,288271.70000000
2022-12-03 16:00:00,4984.00,5030.00,4940.00,5017.00,140890.00000000
2022-12-04 16:00:00,4997.00,5100.00,4915.00,4958.00,219511.30000000
2022-12-05 16:00:00,4963.00,5006.00,4925.00,5006.00,126538.90000000
2022-12-06 16:00:00,5006.00,5020.00,4820.00,4867.00,192159.10000000
2022-12-07 16:00:00,4867.00,4939.00,4829.00,4918.00,87551.10000000
2022-12-08 16:00:00,4918.00,4951.00,4835.00,4876.00,117528.50000000
2022-12-09 16:00:00,4879.00,4936.00,4867.00,4900.00,37356.40000000
2022-12-10 16:00:00,4900.00,4934.00,4790.00,4821.00,99352.40000000
2022-12-11 16:00:00,4815.00,4826.00,4721.00,4809.00,130061.60000000
2022-12-12 16:00:00,4805.00,4990.00,4708.00,4910.00,181175.30000000
2022-12-13 16:00:00,4905.00,4930.00,4780.00,4819.00,105983.00000000
2022-12-14 16:00:00,4821.00,4822.00,4648.00,4704.00,121668.90000000
2022-12-15 16:00:00,4711.00,4712.00,3992.00,4132.00,773500.90000000
2022-12-16 16:00:00,4124.00,4191.00,4058.00,4187.00,242885.40000000
2022-12-17 16:00:00,4196.00,4251.00,4135.00,4194.00,100003.60000000
2022-12-18 16:00:00,4194.00,4221.00,3900.00,3959.00,246302.50000000
2022-12-19 16:00:00,3959.00,4095.00,3940.00,4051.00,114946.70000000
2022-12-20 16:00:00,4044.00,4048.00,3876.00,3955.00,160421.50000000
2022-12-21 16:00:00,3955.00,4013.00,3850.00,4001.00,173752.60000000
2022-12-22 16:00:00,4000.00,4115.00,3995.00,4053.00,135197.00000000
2022-12-23 16:00:00,4053.00,4076.00,4021.00,4059.00,62097.50000000
2022-12-24 16:00:00,4065.00,4074.00,3994.00,4066.00,73446.20000000
2022-12-25 16:00:00,4058.00,4899.00,4044.00,4151.00,430123.70000000
2022-12-26 16:00:00,4163.00,4172.00,4029.00,4071.00,163024.60000000
2022-12-27 16:00:00,4078.00,4081.00,3890.00,3921.00,200533.60000000
2022-12-28 16:00:00,3911.00,3911.00,3765.00,3829.00,235731.00000000
2022-12-29 16:00:00,3829.00,3862.00,3731.00,3840.00,87707.00000000
2022-12-30 16:00:00,3836.00,3945.00,3816.00,3842.00,75754.30000000
2022-12-31 16:00:00,3844.00,3917.00,3822.00,3917.00,37916.90000000
2023-01-01 16:00:00,3920.00,4007.00,3873.00,3966.00,103560.70000000
2023-01-02 16:00:00,3963.00,4000.00,3915.00,3960.00,56510.60000000
2023-01-03 16:00:00,3953.00,4220.00,3945.00,4173.00,368440.00000000
2023-01-04 16:00:00,4182.00,4233.00,4117.00,4209.00,130454.20000000
2023-01-05 16:00:00,4208.00,4378.00,4190.00,4365.00,399343.40000000
2023-01-06 16:00:00,4355.00,4389.00,4270.00,4337.00,107910.20000000
2023-01-07 16:00:00,4334.00,4668.00,4300.00,4654.00,465663.70000000
2023-01-08 16:00:00,4644.00,5401.00,4631.00,4954.00,1978860.20000000
2023-01-09 16:00:00,4950.00,5063.00,4793.00,5025.00,380150.60000000
2023-01-10 16:00:00,5000.00,5038.00,4767.00,5000.00,204490.30000000
2023-01-11 16:00:00,4996.00,5120.00,4788.00,5025.00,585767.50000000
2023-01-12 16:00:00,5025.00,5336.00,4931.00,5253.00,277982.20000000
2023-01-13 16:00:00,5253.00,5596.00,5043.00,5352.00,1617145.80000000
2023-01-14 16:00:00,5352.00,5366.00,5137.00,5309.00,1775785.50000000
2023-01-15 16:00:00,5303.00,5467.00,5100.00,5281.00,379757.40000000
2023-01-16 16:00:00,5260.00,5390.00,5181.00,5207.00,232042.00000000
2023-01-17 16:00:00,5221.00,5345.00,4880.00,4922.00,788768.40000000
2023-01-18 16:00:00,4920.00,5166.00,4920.00,5115.00,101663.90000000
2023-01-19 16:00:00,5101.00,5491.00,4954.00,5485.00,366757.70000000
2023-01-20 16:00:00,5489.00,5747.00,5378.00,5561.00,1094869.20000000
2023-01-21 16:00:00,5555.00,5850.00,5483.00,5687.00,990521.00000000
2023-01-22 16:00:00,5687.00,5798.00,5568.00,5663.00,591738.80000000
2023-01-23 16:00:00,5655.00,5740.00,5373.00,5406.00,287257.30000000
2023-01-24 16:00:00,5404.00,5700.00,5224.00,5615.00,397056.60000000
2023-01-25 16:00:00,5610.00,5844.00,5571.00,5700.00,517934.90000000
2023-01-26 16:00:00,5701.00,5876.00,5527.00,5860.00,278244.20000000
2023-01-27 16:00:00,5882.00,5978.00,5698.00,5742.00,367948.20000000
2023-01-28 16:00:00,5750.00,5996.00,5684.00,5970.00,274430.30000000
2023-01-29 16:00:00,5970.00,5978.00,5500.00,5615.00,680015.50000000
2023-01-30 16:00:00,5614.00,6015.00,5541.00,5879.00,517061.30000000
2023-01-31 16:00:00,5871.00,6020.00,5579.00,5938.00,697186.30000000
2023-02-01 16:00:00,5976.00,6183.00,5857.00,5939.00,704439.00000000
2023-02-02 16:00:00,5954.00,6091.00,5924.00,6045.00,251720.20000000
2023-02-03 16:00:00,6030.00,6077.00,5946.00,5977.00,161452.00000000
2023-02-04 16:00:00,5966.00,6015.00,5798.00,5921.00,158094.40000000
2023-02-05 16:00:00,5935.00,6065.00,5737.00,5781.00,192657.00000000
2023-02-06 16:00:00,5770.00,6055.00,5770.00,6052.00,262460.80000000
2023-02-07 16:00:00,6054.00,6103.00,5839.00,5952.00,162918.90000000
2023-02-08 16:00:00,5952.00,5974.00,5393.00,5515.00,436618.50000000
2023-02-09 16:00:00,5494.00,5550.00,5375.00,5467.00,206093.60000000
2023-02-10 16:00:00,5455.00,5646.00,5443.00,5633.00,103778.40000000
2023-02-11 16:00:00,5623.00,5700.00,5492.00,5541.00,159801.90000000
2023-02-12 16:00:00,5572.00,5578.00,5264.00,5486.00,264001.30000000
2023-02-13 16:00:00,5469.00,5956.00,5405.00,5867.00,297964.30000000
2023-02-14 16:00:00,5873.00,6354.00,5804.00,6342.00,290817.70000000
2023-02-15 16:00:00,6350.00,6367.00,5850.00,5850.00,416129.10000000
2023-02-16 16:00:00,5862.00,6226.00,5845.00,6142.00,187552.90000000
2023-02-17 16:00:00,6137.00,6357.00,6055.00,6188.00,155846.40000000
2023-02-18 16:00:00,6164.00,6263.00,6049.00,6081.00,251790.90000000
2023-02-19 16:00:00,6113.00,6218.00,5933.00,6112.00,226349.60000000
2023-02-20 16:00:00,6129.00,6167.00,5889.00,5979.00,200180.50000000
2023-02-21 16:00:00,5963.00,5974.00,5750.00,5916.00,226143.00000000
2023-02-22 16:00:00,5928.00,6006.00,5779.00,5833.00,139772.00000000
2023-02-23 16:00:00,5818.00,5856.00,5474.00,5580.00,297151.50000000
2023-02-24 16:00:00,5598.00,5626.00,5375.00,5533.00,134529.50000000
2023-02-25 16:00:00,5513.00,5658.00,5473.00,5649.00,75879.90000000
2023-02-26 16:00:00,5645.00,5648.00,5471.00,5562.00,92818.10000000
2023-02-27 16:00:00,5561.00,5605.00,5324.00,5378.00,100947.30000000
2023-02-28 16:00:00,5381.00,5546.00,5344.00,5506.00,95294.80000000
2023-03-01 16:00:00,5497.00,5521.00,5269.00,5339.00,117943.10000000
2023-03-02 16:00:00,5347.00,5347.00,4925.00,5260.00,569465.70000000
2023-03-03 16:00:00,5245.00,5283.00,5067.00,5158.00,115162.50000000
2023-03-04 16:00:00,5165.00,5258.00,5131.00,5181.00,94670.60000000
2023-03-05 16:00:00,5154.00,5200.00,5046.00,5071.00,115474.40000000
2023-03-06 16:00:00,5071.00,5133.00,4940.00,5079.00,183913.40000000
2023-03-07 16:00:00,5100.00,5114.00,4837.00,4904.00,302452.80000000
2023-03-08 16:00:00,4892.00,4969.00,4665.00,4807.00,519008.30000000
2023-03-09 16:00:00,4785.00,4949.00,4620.00,4890.00,363342.40000000
2023-03-10 16:00:00,4913.00,5025.00,4694.00,4748.00,395061.20000000
2023-03-11 16:00:00,4720.00,5127.00,4690.00,5104.00,413601.10000000
2023-03-12 17:00:00,5111.00,5378.00,5050.00,5268.00,890064.80000000
2023-03-13 17:00:00,5264.00,5640.00,5187.00,5273.00,839290.60000000
2023-03-14 17:00:00,5271.00,5332.00,4880.00,4995.00,350738.70000000
2023-03-15 17:00:00,4997.00,5065.00,4909.00,4997.00,179475.90000000
2023-03-16 17:00:00,4997.00,5380.00,4959.00,5372.00,296801.40000000
2023-03-17 17:00:00,5373.00,5486.00,5169.00,5169.00,185785.50000000
2023-03-18 17:00:00,5223.00,5425.00,5200.00,5347.00,77604.90000000
2023-03-19 17:00:00,5313.00,5317.00,5099.00,5109.00,124325.90000000
2023-03-20 17:00:00,5103.00,5935.00,5067.00,5670.00,620868.40000000
2023-03-21 17:00:00,5712.00,5935.00,5371.00,5523.00,455402.00000000
2023-03-22 17:00:00,5524.00,5817.00,5424.00,5609.00,132248.20000000
2023-03-23 17:00:00,5630.00,5631.00,5426.00,5481.00,86865.60000000
2023-03-24 17:00:00,5475.00,5537.00,5338.00,5353.00,74566.60000000
2023-03-25 17:00:00,5358.00,5518.00,5327.00,5450.00,101191.40000000
2023-03-26 17:00:00,5450.00,5450.00,5131.00,5257.00,159973.10000000
2023-03-27 17:00:00,5278.00,5600.00,5218.00,5570.00,131953.80000000
2023-03-28 17:00:00,5570.00,5888.00,5549.00,5800.00,250994.40000000
2023-03-29 17:00:00,5758.00,5861.00,5576.00,5668.00,259366.20000000
2023-03-30 17:00:00,5682.00,6143.00,5641.00,5987.00,749645.30000000
2023-03-31 17:00:00,5982.00,6048.00,5832.00,5883.00,287986.00000000
2023-04-01 17:00:00,5900.00,5903.00,5660.00,5725.00,320428.50000000
2023-04-02 17:00:00,5725.00,6085.00,5573.00,5791.00,795958.50000000
2023-04-03 17:00:00,5780.00,5970.00,5743.00,5825.00,261506.60000000
2023-04-04 17:00:00,5809.00,5987.00,5800.00,5875.00,122157.00000000
2023-04-05 17:00:00,5857.00,5857.00,5635.00,5738.00,120660.50000000
2023-04-06 17:00:00,5735.00,5766.00,5625.00,5740.00,75541.30000000
2023-04-07 17:00:00,5745.00,5850.00,5702.00,5771.00,87543.00000000
2023-04-08 17:00:00,5800.00,5880.00,5767.00,5828.00,39880.50000000
2023-04-09 17:00:00,5828.00,5944.00,5757.00,5931.00,110748.80000000
2023-04-10 17:00:00,5929.00,6156.00,5915.00,5994.00,282855.00000000
2023-04-11 17:00:00,6010.00,6055.00,5792.00,6023.00,221754.10000000
2023-04-12 17:00:00,6028.00,6338.00,5926.00,6290.00,501816.10000000
2023-04-13 17:00:00,6294.00,6550.00,6250.00,6471.00,806980.00000000
2023-04-14 17:00:00,6476.00,6818.00,6375.00,6689.00,655550.50000000
2023-04-15 17:00:00,6689.00,6761.00,6532.00,6665.00,231585.30000000
2023-04-16 17:00:00,6658.00,6658.00,6394.00,6427.00,298535.60000000
2023-04-17 17:00:00,6429.00,6642.00,6353.00,6593.00,113130.60000000
2023-04-18 17:00:00,6590.00,6590.00,6095.00,6224.00,556261.90000000
2023-04-19 17:00:00,6240.00,6320.00,5935.00,6015.00,360871.30000000
2023-04-20 17:00:00,6015.00,6116.00,5691.00,5737.00,633730.40000000
2023-04-21 17:00:00,5752.00,5992.00,5733.00,5946.00,189312.10000000
2023-04-22 17:00:00,5945.00,5959.00,5724.00,5836.00,121079.10000000
2023-04-23 17:00:00,5860.00,5987.00,5728.00,5784.00,156975.00000000
2023-04-24 17:00:00,5763.00,5905.00,5663.00,5901.00,151168.70000000
2023-04-25 17:00:00,5901.00,6204.00,5657.00,5993.00,606567.30000000
2023-04-26 17:00:00,5999.00,6183.00,5958.00,6064.00,248349.00000000
2023-04-27 17:00:00,6064.00,6074.00,5849.00,5968.00,82548.40000000
2023-04-28 17:00:00,5952.00,6014.00,5892.00,5932.00,55805.90000000
2023-04-29 17:00:00,5918.00,6108.00,5827.00,5836.00,94468.60000000
2023-04-30 17:00:00,5850.00,5860.00,5629.00,5713.00,246367.10000000
2023-05-01 17:00:00,5708.00,5825.00,5643.00,5778.00,67404.90000000
2023-05-02 17:00:00,5778.00,5825.00,5575.00,5781.00,187950.60000000
2023-05-03 17:00:00,5784.00,5809.00,5670.00,5704.00,120203.30000000
2023-05-04 17:00:00,5712.00,5831.00,5644.00,5799.00,118536.70000000
2023-05-05 17:00:00,5784.00,5828.00,5505.00,5589.00,148791.70000000
2023-05-06 17:00:00,5599.00,5651.00,5515.00,5542.00,49354.10000000
2023-05-07 17:00:00,5534.00,5593.00,5231.00,5410.00,304423.80000000
2023-05-08 17:00:00,5396.00,5465.00,5338.00,5382.00,135628.10000000
2023-05-09 17:00:00,5389.00,5507.00,5250.00,5470.00,271182.00000000
2023-05-10 17:00:00,5457.00,5461.00,5175.00,5350.00,153673.70000000
2023-05-11 17:00:00,5336.00,5487.00,5243.00,5486.00,151948.30000000
2023-05-12 17:00:00,5463.00,5466.00,5381.00,5401.00,27164.10000000
2023-05-13 17:00:00,5389.00,5520.00,5379.00,5498.00,28863.60000000
2023-05-14 17:00:00,5500.00,5568.00,5435.00,5435.00,59265.20000000
2023-05-15 17:00:00,5442.00,5490.00,5371.00,5444.00,81099.70000000
2023-05-16 17:00:00,5454.00,5658.00,5423.00,5579.00,96201.20000000
2023-05-17 17:00:00,5568.00,5653.00,5455.00,5534.00,68194.50000000
2023-05-18 17:00:00,5539.00,5554.00,5460.00,5490.00,94718.70000000
2023-05-19 17:00:00,5487.00,5487.00,5430.00,5467.00,54342.40000000
2023-05-20 17:00:00,5467.00,5485.00,5335.00,5381.00,75449.40000000
2023-05-21 17:00:00,5374.00,5574.00,5320.00,5476.00,162613.80000000
2023-05-22 17:00:00,5486.00,5575.00,5454.00,5517.00,89823.20000000
2023-05-23 17:00:00,5517.00,5517.00,5380.00,5433.00,101131.20000000
2023-05-24 17:00:00,5433.00,5433.00,5294.00,5351.00,128949.30000000
2023-05-25 17:00:00,5355.00,5480.00,5285.00,5424.00,92183.70000000
2023-05-26 17:00:00,5424.00,5500.00,5410.00,5492.00,62038.80000000
2023-05-27 17:00:00,5500.00,5742.00,5483.00,5730.00,191009.30000000
2023-05-28 17:00:00,5723.00,5780.00,5628.00,5677.00,153078.60000000
2023-05-29 17:00:00,5682.00,5732.00,5605.00,5650.00,78913.40000000
2023-05-30 17:00:00,5650.00,5701.00,5554.00,5614.00,114066.00000000
2023-05-31 17:00:00,5605.00,5629.00,5413.00,5453.00,138105.40000000
2023-06-01 17:00:00,5455.00,5680.00,5425.00,5665.00,93604.30000000
2023-06-02 17:00:00,5650.00,5663.00,5600.00,5626.00,32641.40000000
2023-06-03 17:00:00,5639.00,5720.00,5621.00,5658.00,58962.20000000
2023-06-04 17:00:00,5649.00,5665.00,5197.00,5262.00,185279.50000000
2023-06-05 17:00:00,5255.00,5311.00,5023.00,5262.00,270197.90000000
2023-06-06 17:00:00,5250.00,5250.00,4744.00,4798.00,290790.10000000
2023-06-07 17:00:00,4797.00,4904.00,4756.00,4792.00,193778.20000000
2023-06-08 17:00:00,4781.00,4812.00,4316.00,4386.00,637147.10000000
2023-06-09 17:00:00,4383.00,4388.00,3277.00,4099.00,3559895.20000000
2023-06-10 17:00:00,4090.00,4150.00,3867.00,4053.00,333015.70000000
2023-06-11 17:00:00,4059.00,4257.00,3959.00,4090.00,167263.30000000
2023-06-12 17:00:00,4110.00,4303.00,3995.00,4088.00,365420.10000000
2023-06-13 17:00:00,4089.00,4124.00,3820.00,3924.00,266273.30000000
2023-06-14 17:00:00,3921.00,3960.00,3785.00,3906.00,172860.20000000
2023-06-15 17:00:00,3901.00,3981.00,3805.00,3937.00,136125.90000000
2023-06-16 17:00:00,3937.00,4075.00,3905.00,4003.00,151020.20000000
2023-06-17 17:00:00,3998.00,4012.00,3880.00,3898.00,89599.00000000
2023-06-18 17:00:00,3898.00,3946.00,3850.00,3946.00,65916.50000000
2023-06-19 17:00:00,3936.00,4050.00,3780.00,4050.00,130267.00000000
2023-06-20 17:00:00,4031.00,4301.00,4025.00,4297.00,227951.90000000
2023-06-21 17:00:00,4280.00,4519.00,4276.00,4324.00,185606.50000000
2023-06-22 17:00:00,4378.00,4525.00,4300.00,4416.00,147331.70000000
2023-06-23 17:00:00,4421.00,4452.00,4278.00,4335.00,105859.50000000
2023-06-24 17:00:00,4345.00,4569.00,4335.00,4377.00,62993.50000000
2023-06-25 17:00:00,4385.00,4385.00,4166.00,4212.00,87960.10000000
2023-06-26 17:00:00,4212.00,4324.00,4169.00,4293.00,114220.40000000
2023-06-27 17:00:00,4293.00,4293.00,3924.00,4007.00,347406.80000000
2023-06-28 17:00:00,4004.00,4174.00,4004.00,4140.00,175338.50000000
2023-06-29 17:00:00,4143.00,4505.00,4009.00,4312.00,854058.90000000
2023-06-30 17:00:00,4314.00,4408.00,4238.00,4387.00,196672.40000000
2023-07-01 17:00:00,4392.00,4416.00,4300.00,4385.00,148154.40000000
2023-07-02 17:00:00,4395.00,4500.00,4369.00,4459.00,172733.30000000
2023-07-03 17:00:00,4455.00,4517.00,4340.00,4402.00,259143.70000000
2023-07-04 17:00:00,4387.00,4429.00,4207.00,4282.00,205056.40000000
2023-07-05 17:00:00,4270.00,4410.00,4161.00,4208.00,270350.30000000
2023-07-06 17:00:00,4208.00,4314.00,4166.00,4296.00,178413.20000000
2023-07-07 17:00:00,4302.00,4420.00,4264.00,4392.00,225055.60000000
2023-07-08 17:00:00,4396.00,4407.00,4272.00,4289.00,135335.30000000
2023-07-09 17:00:00,4289.00,4430.00,4200.00,4350.00,205049.90000000
2023-07-10 17:00:00,4362.00,4447.00,4355.00,4422.00,141556.30000000
2023-07-11 17:00:00,4450.00,4458.00,4281.00,4337.00,123170.20000000
2023-07-12 17:00:00,4337.00,5469.00,4290.00,5313.00,2245925.20000000
2023-07-13 17:00:00,5319.00,5639.00,4767.00,4936.00,1122673.30000000
2023-07-14 17:00:00,4933.00,5049.00,4871.00,4891.00,157839.40000000
2023-07-15 17:00:00,4891.00,4903.00,4700.00,4713.00,104007.10000000
2023-07-16 17:00:00,4713.00,4777.00,4600.00,4678.00,74038.10000000
2023-07-17 17:00:00,4697.00,4697.00,4500.00,4633.00,95220.80000000
2023-07-18 17:00:00,4633.00,4890.00,4614.00,4868.00,109324.90000000
2023-07-19 17:00:00,4879.00,4988.00,4699.00,4738.00,171759.90000000
2023-07-20 17:00:00,4739.00,4769.00,4400.00,4680.00,102165.90000000
2023-07-21 17:00:00,4680.00,4770.00,4618.00,4665.00,87311.20000000
2023-07-22 17:00:00,4645.00,4775.00,4623.00,4753.00,34618.90000000
2023-07-23 17:00:00,4761.00,4777.00,4512.00,4586.00,95417.20000000
2023-07-24 17:00:00,4575.00,4600.00,4529.00,4556.00,97032.10000000
2023-07-25 17:00:00,4550.00,4650.00,4510.00,4587.00,60548.90000000
2023-07-26 17:00:00,4589.00,4694.00,4587.00,4621.00,67997.10000000
2023-07-27 17:00:00,4629.00,4720.00,4612.00,4676.00,83633.20000000
2023-07-28 17:00:00,4681.00,4729.00,4651.00,4710.00,42659.10000000
2023-07-29 17:00:00,4703.00,4790.00,4612.00,4755.00,80152.00000000
2023-07-30 17:00:00,4745.00,4805.00,4630.00,4640.00,75367.40000000
2023-07-31 17:00:00,4630.00,4675.00,4480.00,4675.00,104029.20000000
2023-08-01 17:00:00,4700.00,4707.00,4515.00,4525.00,85964.40000000
2023-08-02 17:00:00,4523.00,4578.00,4395.00,4449.00,85519.40000000
2023-08-03 17:00:00,4446.00,4510.00,4429.00,4448.00,35131.50000000
2023-08-04 17:00:00,4460.00,4464.00,4406.00,4455.00,72020.00000000
2023-08-05 17:00:00,4452.00,4487.00,4415.00,4436.00,78000.80000000
2023-08-06 17:00:00,4441.00,4492.00,4328.00,4417.00,82351.10000000
2023-08-07 17:00:00,4424.00,4607.00,4407.00,4535.00,108272.90000000
2023-08-08 17:00:00,4547.00,4590.00,4510.00,4590.00,108723.10000000
2023-08-09 17:00:00,4582.00,4589.00,4502.00,4504.00,74117.20000000
2023-08-10 17:00:00,4509.00,4533.00,4473.00,4486.00,39060.10000000
2023-08-11 17:00:00,4480.00,4530.00,4444.00,4453.00,260451.20000000
2023-08-12 17:00:00,4456.00,4479.00,4395.00,4396.00,297080.60000000
2023-08-13 17:00:00,4422.00,4490.00,4389.00,4451.00,51204.70000000
2023-08-14 17:00:00,4451.00,4470.00,4230.00,4332.00,136969.80000000
2023-08-15 17:00:00,4321.00,4332.00,4100.00,4217.00,75366.90000000
2023-08-16 17:00:00,4213.00,4287.00,3819.00,3990.00,153356.90000000
2023-08-17 17:00:00,3988.00,4124.00,3945.00,4077.00,89860.20000000
2023-08-18 17:00:00,4077.00,4158.00,4045.00,4126.00,55346.60000000
2023-08-19 17:00:00,4143.00,4200.00,4079.00,4176.00,22366.70000000
2023-08-20 17:00:00,4161.00,4190.00,4000.00,4056.00,28412.90000000
2023-08-21 17:00:00,4050.00,4050.00,3877.00,3981.00,45047.80000000
2023-08-22 17:00:00,3983.00,4130.00,3978.00,4099.00,32377.70000000
2023-08-23 17:00:00,4136.00,4155.00,4038.00,4076.00,18888.40000000
2023-08-24 17:00:00,4067.00,4150.00,4000.00,4031.00,46011.80000000
2023-08-25 17:00:00,4008.00,4033.00,3988.00,4015.00,32968.20000000
2023-08-26 17:00:00,4017.00,4071.00,4010.00,4047.00,30475.60000000
2023-08-27 17:00:00,4044.00,4123.00,3981.00,4107.00,46547.20000000
2023-08-28 17:00:00,4122.00,4291.00,4000.00,4183.00,69550.80000000
2023-08-29 17:00:00,4183.00,4183.00,4000.00,4063.00,59532.60000000
2023-08-30 17:00:00,4068.00,4076.00,3850.00,3914.00,87999.70000000
2023-08-31 17:00:00,3918.00,3954.00,3870.00,3909.00,22296.40000000
2023-09-01 17:00:00,3900.00,3955.00,3900.00,3930.00,33810.30000000
2023-09-02 17:00:00,3930.00,3948.00,3895.00,3930.00,28479.90000000
