2021-12-09 16:00:00,194.70000000,260.00000000,125.20000000,183.00000000,101182.93500000
2021-12-10 16:00:00,184.30000000,198.60000000,180.90000000,193.00000000,70679.10800000
2021-12-11 16:00:00,193.00000000,204.00000000,185.00000000,191.20000000,60244.24900000
2021-12-12 16:00:00,191.10000000,193.70000000,166.00000000,169.30000000,46936.32500000
2021-12-13 16:00:00,168.80000000,180.00000000,165.10000000,175.80000000,40914.07200000
2021-12-14 16:00:00,175.20000000,191.80000000,171.60000000,187.20000000,70831.93900000
2021-12-15 16:00:00,187.20000000,206.10000000,187.20000000,198.50000000,89154.46200000
2021-12-16 16:00:00,198.40000000,207.60000000,194.10000000,201.30000000,85018.58100000
2021-12-17 16:00:00,201.30000000,207.30000000,197.00000000,204.60000000,54387.85800000
2021-12-18 16:00:00,205.10000000,209.80000000,201.20000000,204.20000000,56033.92800000
2021-12-19 16:00:00,204.30000000,209.60000000,145.30000000,167.00000000,119382.75300000
2021-12-20 16:00:00,166.60000000,180.10000000,140.80000000,169.40000000,99551.93200000
2021-12-21 16:00:00,171.70000000,175.00000000,163.70000000,171.60000000,50104.12700000
2021-12-22 16:00:00,171.70000000,176.90000000,140.20000000,167.40000000,80854.10500000
2021-12-23 16:00:00,167.40000000,181.50000000,160.00000000,162.60000000,88001.26400000
2021-12-24 16:00:00,163.10000000,176.20000000,161.50000000,171.50000000,41654.41600000
2021-12-25 16:00:00,170.60000000,177.50000000,164.30000000,173.00000000,55019.63800000
2021-12-26 16:00:00,173.90000000,181.40000000,155.00000000,168.30000000,61406.88800000
2021-12-27 16:00:00,168.30000000,180.00000000,155.20000000,156.20000000,86919.01900000
2021-12-28 16:00:00,157.50000000,167.40000000,155.70000000,158.60000000,74599.50800000
2021-12-29 16:00:00,158.80000000,168.10000000,153.00000000,163.90000000,99813.84600000
2021-12-30 16:00:00,164.00000000,175.00000000,161.50000000,167.50000000,67911.34400000
2021-12-31 16:00:00,167.50000000,178.10000000,167.50000000,178.00000000,60714.28200000
2022-01-01 16:00:00,178.00000000,179.60000000,170.70000000,175.10000000,51467.52000000
2022-01-02 16:00:00,175.10000000,175.50000000,163.00000000,168.30000000,72577.64100000
2022-01-03 16:00:00,168.20000000,189.20000000,164.60000000,185.00000000,115182.20700000
2022-01-04 16:00:00,185.00000000,193.60000000,161.40000000,171.40000000,119285.34700000
2022-01-05 16:00:00,171.40000000,177.00000000,162.00000000,170.10000000,122733.74500000
2022-01-06 16:00:00,170.20000000,171.00000000,158.00000000,160.40000000,79029.64100000
2022-01-07 16:00:00,160.70000000,166.00000000,133.70000000,153.90000000,69460.26800000
2022-01-08 16:00:00,153.90000000,159.80000000,152.00000000,156.20000000,19520.51800000
2022-01-09 16:00:00,155.30000000,158.40000000,140.00000000,143.10000000,44350.32600000
2022-01-10 16:00:00,143.10000000,153.10000000,142.00000000,150.40000000,46639.23200000
2022-01-11 16:00:00,150.80000000,160.50000000,148.00000000,153.80000000,49454.43200000
2022-01-12 16:00:00,154.70000000,157.20000000,146.10000000,147.10000000,37254.44300000
2022-01-13 16:00:00,147.00000000,149.60000000,141.20000000,147.70000000,40825.47200000
2022-01-14 16:00:00,147.70000000,156.80000000,145.00000000,151.10000000,49167.07700000
2022-01-15 16:00:00,152.00000000,155.50000000,149.00000000,152.80000000,24349.06900000
2022-01-16 16:00:00,153.00000000,154.00000000,140.60000000,142.70000000,35476.59800000
2022-01-17 16:00:00,142.70000000,144.50000000,137.00000000,140.50000000,24478.21400000
2022-01-18 16:00:00,140.20000000,143.00000000,134.30000000,137.40000000,28924.87400000
2022-01-19 16:00:00,137.60000000,143.70000000,129.50000000,129.80000000,43081.55600000
2022-01-20 16:00:00,130.00000000,135.30000000,106.70000000,109.70000000,57338.37700000
2022-01-21 16:00:00,110.10000000,112.00000000,86.90000000,94.70000000,74644.85800000
2022-01-22 16:00:00,94.90000000,103.00000000,89.20000000,93.90000000,104308.91600000
2022-01-23 16:00:00,93.90000000,93.90000000,78.70000000,89.40000000,125154.91900000
2022-01-24 16:00:00,89.40000000,95.80000000,85.50000000,89.30000000,78327.66700000
2022-01-25 16:00:00,89.00000000,104.80000000,89.00000000,92.20000000,124466.26000000
2022-01-26 16:00:00,92.00000000,95.80000000,88.10000000,91.00000000,43894.07900000
2022-01-27 16:00:00,91.30000000,95.70000000,88.10000000,93.00000000,41934.09700000
2022-01-28 16:00:00,92.90000000,95.70000000,90.80000000,93.60000000,27522.05100000
2022-01-29 16:00:00,93.80000000,98.30000000,90.80000000,91.80000000,33184.41900000
2022-01-30 16:00:00,91.70000000,94.10000000,87.00000000,92.80000000,77871.14600000
2022-01-31 16:00:00,92.20000000,101.10000000,92.20000000,99.00000000,101381.35900000
2022-02-01 16:00:00,99.40000000,103.00000000,91.80000000,93.80000000,51327.92100000
2022-02-02 16:00:00,93.60000000,97.90000000,89.00000000,92.20000000,55502.74500000
2022-02-03 16:00:00,92.00000000,99.10000000,90.60000000,98.80000000,98939.79500000
2022-02-04 16:00:00,98.80000000,125.40000000,98.00000000,111.00000000,192308.18800000
2022-02-05 16:00:00,110.80000000,123.40000000,108.10000000,119.70000000,246402.18000000
2022-02-06 16:00:00,119.40000000,134.10000000,116.60000000,129.00000000,112318.26000000
2022-02-07 16:00:00,130.00000000,130.70000000,115.20000000,125.10000000,105586.10100000
2022-02-08 16:00:00,125.10000000,126.70000000,118.70000000,121.30000000,74472.43500000
2022-02-09 16:00:00,121.30000000,127.00000000,112.80000000,113.80000000,146305.39100000
2022-02-10 16:00:00,114.10000000,119.90000000,101.70000000,104.70000000,81830.98000000
2022-02-11 16:00:00,104.50000000,109.90000000,100.00000000,106.00000000,48662.76400000
2022-02-12 16:00:00,106.40000000,110.50000000,99.20000000,100.10000000,51254.74000000
2022-02-13 16:00:00,100.10000000,102.50000000,96.40000000,101.20000000,70077.55800000
2022-02-14 16:00:00,101.70000000,120.00000000,101.20000000,119.20000000,210941.95900000
2022-02-15 16:00:00,119.10000000,126.50000000,118.00000000,122.30000000,176853.21100000
2022-02-16 16:00:00,122.60000000,127.30000000,109.70000000,111.20000000,93709.58900000
2022-02-17 16:00:00,111.20000000,114.60000000,105.00000000,106.40000000,62626.14700000
2022-02-18 16:00:00,106.20000000,107.40000000,100.60000000,106.00000000,57729.61600000
2022-02-19 16:00:00,106.00000000,106.20000000,96.00000000,97.50000000,70205.54300000
2022-02-20 16:00:00,97.70000000,110.00000000,88.80000000,89.70000000,140169.72900000
2022-02-21 16:00:00,89.70000000,95.30000000,85.30000000,94.90000000,114739.20300000
2022-02-22 16:00:00,94.30000000,114.40000000,92.30000000,99.10000000,282596.27900000
2022-02-23 16:00:00,99.30000000,104.70000000,85.00000000,97.20000000,308707.31500000
2022-02-24 16:00:00,97.70000000,105.00000000,93.00000000,102.80000000,159755.33300000
2022-02-25 16:00:00,102.90000000,105.20000000,98.10000000,99.50000000,89208.22900000
2022-02-26 16:00:00,99.30000000,101.00000000,92.50000000,95.50000000,132621.85500000
2022-02-27 16:00:00,95.70000000,104.00000000,93.80000000,103.50000000,133022.50200000
2022-02-28 16:00:00,104.00000000,110.00000000,101.10000000,109.60000000,142590.57300000
2022-03-01 16:00:00,109.90000000,110.00000000,102.40000000,103.80000000,88259.46400000
2022-03-02 16:00:00,103.90000000,105.90000000,100.40000000,102.60000000,83740.39200000
2022-03-03 16:00:00,102.50000000,102.90000000,94.50000000,97.00000000,76358.98100000
2022-03-04 16:00:00,96.10000000,99.80000000,94.00000000,98.70000000,42254.59800000
2022-03-05 16:00:00,98.50000000,99.70000000,92.10000000,92.70000000,52022.59600000
2022-03-06 16:00:00,92.80000000,96.20000000,88.30000000,89.50000000,70441.68600000
2022-03-07 16:00:00,89.10000000,92.60000000,87.80000000,88.50000000,134272.23200000
2022-03-08 16:00:00,88.60000000,95.60000000,88.20000000,93.40000000,180805.32400000
2022-03-09 16:00:00,93.10000000,94.90000000,86.30000000,89.70000000,150218.04500000
2022-03-10 16:00:00,89.60000000,91.00000000,85.80000000,86.70000000,176726.30700000
2022-03-11 16:00:00,86.70000000,90.90000000,85.00000000,86.70000000,166045.58700000
2022-03-12 16:00:00,87.00000000,89.80000000,80.90000000,82.20000000,126759.93100000
2022-03-13 17:00:00,82.20000000,84.40000000,81.10000000,84.00000000,100057.08900000
2022-03-14 17:00:00,84.10000000,86.00000000,81.40000000,85.30000000,101542.12100000
2022-03-15 17:00:00,85.30000000,90.00000000,83.30000000,89.70000000,164451.53800000
2022-03-16 17:00:00,89.90000000,95.00000000,89.10000000,91.10000000,277974.46000000
2022-03-17 17:00:00,91.00000000,93.20000000,87.90000000,92.20000000,114469.56700000
2022-03-18 17:00:00,92.50000000,99.00000000,91.50000000,95.70000000,131866.96100000
2022-03-19 17:00:00,95.50000000,98.20000000,90.20000000,91.90000000,111669.37100000
2022-03-20 17:00:00,92.00000000,98.00000000,89.70000000,94.60000000,698354.05500000
2022-03-21 17:00:00,94.20000000,102.50000000,93.80000000,97.30000000,153918.04900000
2022-03-22 17:00:00,97.20000000,103.00000000,95.60000000,102.40000000,139128.86300000
2022-03-23 17:00:00,102.50000000,107.00000000,102.50000000,106.10000000,126508.64700000
2022-03-24 17:00:00,105.50000000,107.50000000,100.60000000,102.60000000,100374.52000000
2022-03-25 17:00:00,102.60000000,107.20000000,102.30000000,106.80000000,49701.36700000
2022-03-26 17:00:00,106.80000000,114.90000000,106.30000000,113.30000000,105697.34800000
2022-03-27 17:00:00,113.50000000,119.60000000,106.50000000,109.30000000,129291.48600000
2022-03-28 17:00:00,109.40000000,117.00000000,108.00000000,112.20000000,119480.92400000
2022-03-29 17:00:00,111.70000000,116.90000000,107.70000000,114.10000000,107151.74900000
2022-03-30 17:00:00,114.30000000,120.90000000,109.40000000,111.10000000,148678.80700000
2022-03-31 17:00:00,111.30000000,129.30000000,104.10000000,124.20000000,323404.70500000
2022-04-01 17:00:00,124.50000000,129.50000000,119.40000000,121.50000000,235655.66900000
2022-04-02 17:00:00,121.50000000,123.90000000,115.80000000,121.60000000,105465.35800000
2022-04-03 17:00:00,121.70000000,124.20000000,111.50000000,116.80000000,131553.89400000
2022-04-04 17:00:00,117.00000000,121.00000000,111.70000000,112.30000000,90031.30500000
2022-04-05 17:00:00,112.00000000,112.30000000,99.40000000,99.90000000,146795.97000000
2022-04-06 17:00:00,99.90000000,107.00000000,98.50000000,104.40000000,110172.88800000
2022-04-07 17:00:00,104.40000000,110.00000000,96.00000000,97.10000000,111682.54000000
2022-04-08 17:00:00,97.10000000,102.00000000,96.80000000,101.40000000,69313.64000000
2022-04-09 17:00:00,101.40000000,102.80000000,97.10000000,97.30000000,70229.69300000
2022-04-10 17:00:00,97.20000000,98.20000000,89.20000000,90.90000000,98966.55100000
2022-04-11 17:00:00,90.80000000,97.50000000,90.60000000,95.00000000,109994.17600000
2022-04-12 17:00:00,94.60000000,97.90000000,92.10000000,96.00000000,65220.18500000
2022-04-13 17:00:00,96.00000000,98.70000000,92.60000000,94.30000000,38035.80000000
2022-04-14 17:00:00,94.40000000,96.40000000,92.50000000,94.70000000,30942.98700000
2022-04-15 17:00:00,94.70000000,104.00000000,94.50000000,99.60000000,105046.29200000
2022-04-16 17:00:00,99.60000000,103.80000000,95.70000000,96.20000000,149329.52700000
2022-04-17 17:00:00,95.80000000,97.70000000,90.40000000,96.60000000,77611.81400000
2022-04-18 17:00:00,96.50000000,101.40000000,94.70000000,99.60000000,89859.01300000
2022-04-19 17:00:00,99.40000000,105.00000000,95.00000000,100.80000000,127298.86700000
2022-04-20 17:00:00,100.70000000,107.90000000,94.10000000,96.80000000,149482.99300000
2022-04-21 17:00:00,96.60000000,99.70000000,95.30000000,96.40000000,79264.83800000
2022-04-22 17:00:00,96.40000000,96.70000000,92.40000000,94.70000000,72209.03200000
2022-04-23 17:00:00,94.60000000,95.50000000,93.00000000,94.50000000,54093.29500000
2022-04-24 17:00:00,94.60000000,94.70000000,86.30000000,92.70000000,112633.21300000
2022-04-25 17:00:00,92.70000000,94.20000000,84.50000000,85.50000000,69212.31300000
2022-04-26 17:00:00,85.50000000,91.00000000,84.70000000,88.30000000,58099.45100000
2022-04-27 17:00:00,88.50000000,95.40000000,88.00000000,92.80000000,184577.35300000
2022-04-28 17:00:00,92.90000000,102.00000000,86.50000000,87.90000000,502029.48400000
2022-04-29 17:00:00,88.30000000,93.00000000,68.10000000,75.20000000,168685.60100000
2022-04-30 17:00:00,75.20000000,78.80000000,73.00000000,77.50000000,152681.06400000
2022-05-01 17:00:00,77.30000000,79.60000000,71.60000000,74.90000000,85245.87300000
2022-05-02 17:00:00,75.00000000,77.30000000,72.90000000,74.30000000,75354.51100000
2022-05-03 17:00:00,74.30000000,80.20000000,72.90000000,80.00000000,143524.32000000
2022-05-04 17:00:00,80.20000000,81.30000000,71.00000000,73.20000000,147005.26300000
2022-05-05 17:00:00,73.40000000,76.10000000,70.60000000,74.20000000,145030.91900000
2022-05-06 17:00:00,74.20000000,76.00000000,68.00000000,69.50000000,121613.46200000
2022-05-07 17:00:00,69.60000000,70.80000000,67.40000000,68.80000000,103624.37500000
2022-05-08 17:00:00,69.00000000,70.50000000,55.00000000,55.10000000,147141.91000000
2022-05-09 17:00:00,56.60000000,66.40000000,53.90000000,58.30000000,114534.81800000
2022-05-10 17:00:00,59.30000000,61.10000000,36.60000000,39.90000000,202958.09000000
2022-05-11 17:00:00,39.50000000,43.60000000,26.20000000,34.90000000,182053.99400000
2022-05-12 17:00:00,34.90000000,45.70000000,34.10000000,40.30000000,210218.38100000
2022-05-13 17:00:00,40.30000000,46.90000000,37.10000000,42.00000000,138933.31500000
2022-05-14 17:00:00,42.00000000,45.80000000,40.20000000,45.50000000,93635.85100000
2022-05-15 17:00:00,45.60000000,45.60000000,40.50000000,42.20000000,99894.86900000
2022-05-16 17:00:00,43.00000000,50.70000000,42.90000000,50.20000000,243177.49800000
2022-05-17 17:00:00,50.30000000,53.50000000,47.30000000,48.00000000,261093.92500000
2022-05-18 17:00:00,48.70000000,50.50000000,44.40000000,49.00000000,126772.94400000
2022-05-19 17:00:00,49.00000000,50.00000000,44.30000000,46.20000000,191700.28100000
2022-05-20 17:00:00,46.30000000,49.00000000,45.00000000,48.20000000,106115.85400000
2022-05-21 17:00:00,48.40000000,51.10000000,46.60000000,49.00000000,112646.01800000
2022-05-22 17:00:00,49.00000000,50.50000000,45.30000000,45.80000000,150354.25900000
2022-05-23 17:00:00,46.00000000,48.00000000,44.50000000,47.70000000,68319.41000000
2022-05-24 17:00:00,47.60000000,48.40000000,45.80000000,47.10000000,67260.56100000
2022-05-25 17:00:00,47.10000000,48.20000000,40.60000000,43.00000000,115561.17400000
2022-05-26 17:00:00,43.60000000,43.80000000,39.80000000,41.40000000,58955.01700000
2022-05-27 17:00:00,41.60000000,44.30000000,41.10000000,43.90000000,56427.02700000
2022-05-28 17:00:00,43.80000000,49.40000000,42.70000000,48.70000000,120921.23600000
2022-05-29 17:00:00,48.70000000,53.80000000,48.40000000,52.90000000,182724.73800000
2022-05-30 17:00:00,52.90000000,54.19000000,48.17000000,51.50000000,141696.76700000
2022-05-31 17:00:00,51.80000000,53.29000000,45.10000000,46.74000000,63504.01900000
2022-06-01 17:00:00,46.12000000,50.00000000,45.60000000,48.10000000,76395.45200000
2022-06-02 17:00:00,48.03000000,48.17000000,43.91000000,47.16000000,163874.35200000
2022-06-03 17:00:00,47.19000000,50.40000000,45.74000000,49.69000000,339379.82400000
2022-06-04 17:00:00,49.68000000,49.70000000,46.15000000,46.60000000,74346.94700000
2022-06-05 17:00:00,46.90000000,50.35000000,46.12000000,47.98000000,146504.07500000
2022-06-06 17:00:00,48.06000000,48.06000000,43.66000000,46.30000000,118882.57400000
2022-06-07 17:00:00,46.40000000,50.82000000,44.00000000,48.65000000,243191.69100000
2022-06-08 17:00:00,48.50000000,51.98000000,47.68000000,49.20000000,129671.57600000
2022-06-09 17:00:00,49.35000000,49.35000000,45.53000000,46.04000000,130816.21900000
2022-06-10 17:00:00,46.04000000,46.97000000,40.62000000,41.71000000,108236.09600000
2022-06-11 17:00:00,41.78000000,42.11000000,37.50000000,37.50000000,65094.25700000
2022-06-12 17:00:00,37.55000000,38.61000000,33.45000000,36.40000000,143234.52900000
2022-06-13 17:00:00,35.81000000,38.44000000,33.07000000,35.93000000,112239.34200000
2022-06-14 17:00:00,35.75000000,42.82000000,32.23000000,41.21000000,326954.48400000
2022-06-15 17:00:00,41.21000000,41.35000000,33.00000000,34.93000000,279830.46700000
2022-06-16 17:00:00,34.82000000,38.00000000,34.30000000,35.65000000,169975.31300000
2022-06-17 17:00:00,35.63000000,36.23000000,32.50000000,35.86000000,203145.94600000
2022-06-18 17:00:00,36.00000000,40.50000000,34.79000000,38.60000000,552073.93000000
2022-06-19 17:00:00,39.64000000,41.23000000,36.48000000,38.23000000,238806.16700000
2022-06-20 17:00:00,38.25000000,42.98000000,37.38000000,40.12000000,193256.11300000
2022-06-21 17:00:00,40.16000000,41.20000000,37.51000000,40.45000000,131571.88000000
2022-06-22 17:00:00,40.78000000,48.41000000,40.45000000,46.24000000,409561.98100000
2022-06-23 17:00:00,46.25000000,47.80000000,43.56000000,45.90000000,160054.18700000
2022-06-24 17:00:00,46.10000000,49.00000000,44.01000000,47.28000000,136516.21400000
2022-06-25 17:00:00,47.51000000,49.60000000,43.11000000,43.11000000,204539.00200000
2022-06-26 17:00:00,43.07000000,46.69000000,42.69000000,43.42000000,132019.22900000
2022-06-27 17:00:00,43.45000000,46.18000000,41.81000000,46.05000000,158355.48000000
2022-06-28 17:00:00,46.20000000,47.41000000,42.88000000,43.28000000,164511.92200000
2022-06-29 17:00:00,42.90000000,43.32000000,36.50000000,39.14000000,232600.42700000
2022-06-30 17:00:00,38.70000000,39.66000000,36.33000000,37.48000000,127969.67700000
2022-07-01 17:00:00,37.58000000,37.83000000,36.13000000,37.38000000,89899.58100000
2022-07-02 17:00:00,37.41000000,38.20000000,36.37000000,37.50000000,50245.43300000
2022-07-03 17:00:00,37.50000000,39.40000000,36.67000000,39.22000000,105167.66400000
2022-07-04 17:00:00,39.11000000,39.44000000,36.85000000,37.78000000,131237.81000000
2022-07-05 17:00:00,37.79000000,39.84000000,37.39000000,39.43000000,108114.83100000
2022-07-06 17:00:00,39.44000000,42.95000000,39.25000000,41.87000000,508973.94500000
2022-07-07 17:00:00,41.91000000,42.50000000,39.70000000,40.97000000,272623.86500000
2022-07-08 17:00:00,41.06000000,42.27000000,40.87000000,41.78000000,110912.95600000
2022-07-09 17:00:00,41.76000000,41.82000000,39.00000000,39.33000000,224764.59300000
2022-07-10 17:00:00,39.25000000,39.28000000,36.36000000,36.48000000,237296.95000000
2022-07-11 17:00:00,36.48000000,37.71000000,35.45000000,35.45000000,148180.96600000
2022-07-12 17:00:00,35.42000000,37.85000000,34.18000000,37.63000000,176122.80200000
2022-07-13 17:00:00,37.60000000,38.63000000,35.79000000,38.17000000,245611.96900000
2022-07-14 17:00:00,38.29000000,39.55000000,37.07000000,38.25000000,136358.12900000
2022-07-15 17:00:00,38.31000000,39.22000000,37.23000000,38.51000000,123382.93000000
2022-07-16 17:00:00,38.47000000,39.69000000,37.65000000,37.74000000,141364.50900000
2022-07-17 17:00:00,37.74000000,41.62000000,37.42000000,41.09000000,213090.03100000
2022-07-18 17:00:00,41.09000000,43.62000000,40.01000000,42.84000000,174829.64600000
2022-07-19 17:00:00,42.78000000,48.10000000,42.27000000,43.52000000,282120.38200000
2022-07-20 17:00:00,43.52000000,45.29000000,41.26000000,44.29000000,129235.02400000
2022-07-21 17:00:00,45.29000000,45.90000000,42.27000000,42.27000000,83513.01300000
2022-07-22 17:00:00,42.28000000,44.21000000,41.35000000,42.71000000,200113.52700000
2022-07-23 17:00:00,42.75000000,43.62000000,41.00000000,42.33000000,99877.57000000
2022-07-24 17:00:00,42.35000000,42.36000000,39.20000000,39.40000000,109032.68800000
2022-07-25 17:00:00,39.22000000,39.71000000,37.80000000,39.71000000,72939.52600000
2022-07-26 17:00:00,39.84000000,45.81000000,38.74000000,45.66000000,333828.26600000
2022-07-27 17:00:00,45.66000000,53.21000000,45.30000000,49.64000000,1052397.13400000
2022-07-28 17:00:00,49.69000000,56.57000000,48.33000000,50.83000000,505293.43500000
2022-07-29 17:00:00,51.04000000,55.69000000,50.01000000,50.62000000,340515.89000000
2022-07-30 17:00:00,50.62000000,58.45000000,50.62000000,51.75000000,388758.82400000
2022-07-31 17:00:00,51.82000000,53.28000000,50.76000000,52.88000000,194676.12500000
2022-08-01 17:00:00,52.88000000,53.10000000,47.55000000,49.11000000,338666.05200000
2022-08-02 17:00:00,48.82000000,51.18000000,47.39000000,48.77000000,189240.08800000
2022-08-03 17:00:00,48.77000000,50.90000000,48.43000000,49.02000000,210476.03600000
2022-08-04 17:00:00,49.03000000,51.33000000,49.03000000,50.94000000,180430.04900000
2022-08-05 17:00:00,50.97000000,51.10000000,49.37000000,49.62000000,210601.33600000
2022-08-06 17:00:00,49.52000000,50.62000000,48.50000000,50.29000000,154655.37800000
2022-08-07 17:00:00,50.29000000,52.95000000,50.29000000,52.18000000,236316.77000000
2022-08-08 17:00:00,52.32000000,54.83000000,48.60000000,49.64000000,299289.61900000
2022-08-09 17:00:00,49.55000000,51.68000000,48.34000000,51.30000000,210021.33600000
2022-08-10 17:00:00,51.31000000,54.00000000,50.87000000,51.63000000,262439.66900000
2022-08-11 17:00:00,51.44000000,54.03000000,50.68000000,52.96000000,225072.43300000
2022-08-12 17:00:00,52.75000000,53.11000000,51.42000000,51.97000000,254277.28700000
2022-08-13 17:00:00,51.95000000,53.62000000,49.41000000,50.01000000,235063.20100000
2022-08-14 17:00:00,49.88000000,51.31000000,48.53000000,49.57000000,219141.22900000
2022-08-15 17:00:00,49.57000000,50.75000000,48.57000000,49.86000000,154320.68900000
2022-08-16 17:00:00,49.72000000,50.86000000,45.42000000,45.96000000,242212.51300000
2022-08-17 17:00:00,46.12000000,48.70000000,42.00000000,43.88000000,216551.26400000
2022-08-18 17:00:00,43.74000000,43.76000000,39.00000000,40.00000000,291930.51800000
2022-08-19 17:00:00,39.86000000,41.48000000,38.26000000,39.69000000,106310.88200000
2022-08-20 17:00:00,39.81000000,41.47000000,39.48000000,41.12000000,103989.91800000
2022-08-21 17:00:00,40.73000000,40.85000000,38.28000000,40.12000000,117199.15200000
2022-08-22 17:00:00,40.12000000,41.24000000,39.05000000,40.94000000,155172.74900000
2022-08-23 17:00:00,40.94000000,42.92000000,39.92000000,41.40000000,291345.27000000
2022-08-24 17:00:00,41.57000000,42.97000000,40.98000000,41.63000000,133615.36600000
2022-08-25 17:00:00,41.86000000,42.30000000,37.45000000,37.75000000,157020.57500000
2022-08-26 17:00:00,37.80000000,38.07000000,36.73000000,37.25000000,46386.44500000
2022-08-27 17:00:00,37.21000000,37.97000000,35.80000000,35.91000000,91534.70700000
2022-08-28 17:00:00,35.90000000,38.41000000,35.39000000,38.30000000,86649.72400000
2022-08-29 17:00:00,38.23000000,38.84000000,36.44000000,37.36000000,88146.68700000
2022-08-30 17:00:00,37.63000000,38.67000000,36.84000000,36.98000000,95376.61300000
2022-08-31 17:00:00,37.00000000,37.86000000,35.86000000,37.55000000,91492.95000000
2022-09-01 17:00:00,37.55000000,38.66000000,36.12000000,37.39000000,238176.09000000
2022-09-02 17:00:00,37.39000000,37.73000000,37.03000000,37.69000000,86912.50900000
2022-09-03 17:00:00,37.72000000,39.17000000,37.57000000,38.93000000,160516.52300000
2022-09-04 17:00:00,38.95000000,39.31000000,37.56000000,39.04000000,89693.90600000
2022-09-05 17:00:00,39.22000000,39.95000000,35.74000000,35.74000000,188029.53200000
2022-09-06 17:00:00,35.75000000,37.88000000,34.64000000,37.57000000,169484.07100000
2022-09-07 17:00:00,37.55000000,38.26000000,36.99000000,38.07000000,98682.05100000
2022-09-08 17:00:00,38.18000000,40.59000000,38.18000000,40.24000000,61256.53500000
2022-09-09 17:00:00,40.22000000,41.09000000,39.75000000,40.57000000,79506.00500000
2022-09-10 17:00:00,40.57000000,41.04000000,39.54000000,40.31000000,78383.71100000
2022-09-11 17:00:00,40.08000000,41.22000000,39.65000000,39.97000000,89871.22500000
2022-09-12 17:00:00,39.78000000,39.78000000,37.08000000,37.34000000,108137.25300000
2022-09-13 17:00:00,37.10000000,37.93000000,36.41000000,37.50000000,89042.03700000
2022-09-14 17:00:00,37.34000000,37.46000000,35.95000000,36.44000000,51489.79900000
2022-09-15 17:00:00,36.33000000,37.17000000,35.92000000,37.17000000,38431.14500000
2022-09-16 17:00:00,36.95000000,37.72000000,36.95000000,37.56000000,38467.38400000
2022-09-17 17:00:00,37.47000000,37.74000000,32.10000000,33.61000000,88712.43000000
2022-09-18 17:00:00,33.65000000,35.54000000,31.50000000,34.07000000,181521.07500000
2022-09-19 17:00:00,34.09000000,34.50000000,32.82000000,33.31000000,348130.19000000
2022-09-20 17:00:00,33.19000000,34.19000000,31.00000000,31.21000000,154590.38300000
2022-09-21 17:00:00,31.31000000,33.42000000,31.29000000,33.23000000,142462.18200000
2022-09-22 17:00:00,33.23000000,33.71000000,31.95000000,33.01000000,109793.13500000
2022-09-23 17:00:00,33.04000000,33.30000000,32.21000000,32.30000000,72573.97000000
2022-09-24 17:00:00,32.33000000,32.63000000,31.20000000,31.56000000,72487.38400000
2022-09-25 17:00:00,31.36000000,32.09000000,30.70000000,32.02000000,214254.39700000
2022-09-26 17:00:00,32.02000000,33.06000000,31.10000000,31.35000000,156522.72300000
2022-09-27 17:00:00,31.35000000,31.93000000,30.03000000,31.72000000,133572.15000000
2022-09-28 17:00:00,31.75000000,32.19000000,30.90000000,31.92000000,128672.88600000
2022-09-29 17:00:00,31.80000000,32.67000000,31.57000000,31.99000000,81098.98800000
2022-09-30 17:00:00,31.99000000,32.28000000,31.60000000,32.03000000,28871.88600000
2022-10-01 17:00:00,32.01000000,32.14000000,31.13000000,31.35000000,34096.77500000
2022-10-02 17:00:00,31.11000000,33.80000000,30.84000000,33.07000000,282827.19100000
2022-10-03 17:00:00,33.00000000,33.70000000,32.67000000,33.27000000,116034.82400000
2022-10-04 17:00:00,33.25000000,33.38000000,32.32000000,33.02000000,59395.09500000
2022-10-05 17:00:00,33.08000000,33.31000000,32.13000000,32.37000000,43650.22600000
2022-10-06 17:00:00,32.48000000,32.60000000,31.79000000,32.24000000,32027.73500000
2022-10-07 17:00:00,32.29000000,32.55000000,32.02000000,32.14000000,17490.05000000
2022-10-08 17:00:00,32.17000000,32.57000000,32.12000000,32.35000000,24843.19300000
2022-10-09 17:00:00,32.38000000,32.71000000,29.74000000,30.10000000,44655.74800000
2022-10-10 17:00:00,30.00000000,30.36000000,28.94000000,29.69000000,54407.85000000
2022-10-11 17:00:00,29.70000000,30.13000000,29.30000000,29.51000000,40934.21900000
2022-10-12 17:00:00,29.48000000,29.53000000,26.40000000,28.85000000,170135.35800000
2022-10-13 17:00:00,28.86000000,29.85000000,28.39000000,28.76000000,108345.52200000
2022-10-14 17:00:00,28.74000000,29.50000000,28.70000000,29.10000000,63663.76800000
2022-10-15 17:00:00,29.03000000,29.99000000,29.03000000,29.52000000,45825.93500000
2022-10-16 17:00:00,29.52000000,30.27000000,29.29000000,30.27000000,37937.40700000
2022-10-17 17:00:00,30.33000000,31.00000000,29.02000000,29.65000000,1915459.37100000
2022-10-18 17:00:00,29.62000000,29.99000000,27.96000000,28.10000000,210766.90600000
2022-10-19 17:00:00,28.07000000,28.86000000,27.65000000,28.04000000,41110.62300000
2022-10-20 17:00:00,28.06000000,28.46000000,27.10000000,28.34000000,44906.43400000
2022-10-21 17:00:00,28.39000000,28.51000000,28.00000000,28.32000000,35256.39300000
2022-10-22 17:00:00,28.32000000,28.90000000,27.63000000,28.73000000,49154.38800000
2022-10-23 17:00:00,28.87000000,28.93000000,28.06000000,28.16000000,51377.74100000
2022-10-24 17:00:00,28.50000000,30.05000000,28.24000000,29.28000000,163731.80100000
2022-10-25 17:00:00,29.28000000,30.37000000,29.28000000,30.10000000,124904.97000000
2022-10-26 17:00:00,30.27000000,31.25000000,29.83000000,30.18000000,90704.47800000
2022-10-27 17:00:00,30.18000000,31.82000000,29.73000000,31.51000000,78853.95500000
2022-10-28 17:00:00,31.47000000,32.69000000,31.00000000,31.99000000,106193.26800000
2022-10-29 17:00:00,31.99000000,35.90000000,31.35000000,32.05000000,185420.81500000
2022-10-30 17:00:00,32.18000000,32.41000000,31.10000000,32.15000000,80287.73400000
2022-10-31 17:00:00,32.13000000,32.36000000,31.03000000,31.13000000,77862.62700000
2022-11-01 17:00:00,31.05000000,31.30000000,29.34000000,29.75000000,85824.57100000
2022-11-02 17:00:00,29.77000000,35.75000000,29.69000000,32.39000000,173181.32800000
2022-11-03 17:00:00,32.25000000,34.11000000,32.15000000,33.76000000,138011.23500000
2022-11-04 17:00:00,33.85000000,36.17000000,33.31000000,33.94000000,150269.06100000
2022-11-05 17:00:00,33.96000000,34.54000000,32.12000000,32.21000000,77558.15100000
2022-11-06 16:00:00,32.31000000,33.19000000,31.72000000,32.35000000,49292.87200000
2022-11-07 16:00:00,32.57000000,33.17000000,24.33000000,27.09000000,192543.77100000
2022-11-08 16:00:00,26.98000000,27.46000000,20.05000000,20.48000000,286904.32500000
2022-11-09 16:00:00,20.54000000,25.00000000,20.13000000,24.03000000,259032.26700000
2022-11-10 16:00:00,23.95000000,26.90000000,21.68000000,23.03000000,389661.80700000
2022-11-11 16:00:00,23.05000000,23.05000000,21.32000000,21.82000000,81372.07800000
2022-11-12 16:00:00,21.86000000,23.40000000,21.14000000,22.34000000,124517.16300000
2022-11-13 16:00:00,22.34000000,23.11000000,20.91000000,22.88000000,256116.60100000
2022-11-14 16:00:00,23.00000000,23.80000000,22.68000000,23.11000000,78646.21600000
2022-11-15 16:00:00,23.11000000,23.83000000,22.23000000,22.71000000,58517.45600000
2022-11-16 16:00:00,22.71000000,22.85000000,22.15000000,22.53000000,39619.12000000
2022-11-17 16:00:00,22.74000000,22.92000000,22.23000000,22.87000000,37987.00600000
2022-11-18 16:00:00,22.76000000,23.46000000,22.40000000,23.30000000,75106.57600000
2022-11-19 16:00:00,23.32000000,25.20000000,21.84000000,21.95000000,134734.90400000
2022-11-20 16:00:00,21.76000000,25.50000000,20.55000000,21.27000000,100451.95300000
2022-11-21 16:00:00,21.23000000,22.31000000,20.72000000,22.31000000,52871.19100000
2022-11-22 16:00:00,22.30000000,24.20000000,22.14000000,23.40000000,101843.81900000
2022-11-23 16:00:00,23.40000000,24.10000000,22.88000000,23.47000000,58695.26200000
2022-11-24 16:00:00,23.43000000,24.50000000,22.69000000,23.45000000,168689.72100000
2022-11-25 16:00:00,23.50000000,24.11000000,23.33000000,23.57000000,52835.31900000
2022-11-26 16:00:00,23.92000000,24.85000000,23.51000000,23.58000000,89927.20600000
2022-11-27 16:00:00,23.69000000,23.92000000,22.65000000,23.63000000,39082.74800000
2022-11-28 16:00:00,23.50000000,24.35000000,23.24000000,23.32000000,87492.97700000
2022-11-29 16:00:00,23.50000000,25.50000000,23.49000000,24.82000000,173521.20200000
2022-11-30 16:00:00,24.79000000,25.40000000,24.32000000,25.15000000,123939.70200000
2022-12-01 16:00:00,25.15000000,26.40000000,24.93000000,25.64000000,168129.24700000
2022-12-02 16:00:00,25.64000000,25.96000000,24.86000000,24.86000000,22267.40300000
2022-12-03 16:00:00,24.91000000,30.56000000,24.91000000,25.73000000,711557.69500000
2022-12-04 16:00:00,25.65000000,26.41000000,25.00000000,26.07000000,134838.36600000
2022-12-05 16:00:00,26.02000000,26.38000000,25.01000000,25.45000000,112985.41900000
2022-12-06 16:00:00,25.45000000,25.52000000,24.00000000,24.10000000,32344.99800000
2022-12-07 16:00:00,24.10000000,24.80000000,24.02000000,24.71000000,42980.57000000
2022-12-08 16:00:00,24.73000000,25.05000000,24.47000000,24.64000000,47808.22400000
2022-12-09 16:00:00,24.71000000,25.31000000,24.71000000,24.89000000,30743.49400000
2022-12-10 16:00:00,24.96000000,25.19000000,24.20000000,24.34000000,11578.76700000
2022-12-11 16:00:00,24.31000000,24.32000000,23.25000000,23.91000000,31098.25600000
2022-12-12 16:00:00,24.00000000,24.25000000,22.67000000,24.21000000,65622.60800000
2022-12-13 16:00:00,24.21000000,25.85000000,23.82000000,24.47000000,300823.16100000
2022-12-14 16:00:00,24.47000000,24.54000000,23.70000000,24.00000000,32108.59000000
2022-12-15 16:00:00,24.09000000,24.22000000,20.72000000,20.86000000,54729.29700000
2022-12-16 16:00:00,20.88000000,21.48000000,20.26000000,21.38000000,42094.63500000
2022-12-17 16:00:00,21.37000000,21.52000000,21.03000000,21.29000000,19383.35700000
2022-12-18 16:00:00,21.30000000,21.77000000,19.85000000,20.39000000,44760.97500000
2022-12-19 16:00:00,20.26000000,21.34000000,20.26000000,21.13000000,23730.07600000
2022-12-20 16:00:00,21.00000000,21.06000000,20.21000000,20.58000000,23302.65700000
2022-12-21 16:00:00,20.54000000,20.86000000,20.16000000,20.72000000,42380.05100000
2022-12-22 16:00:00,20.73000000,21.45000000,20.60000000,20.98000000,24995.06000000
2022-12-23 16:00:00,20.99000000,21.13000000,20.58000000,20.73000000,14382.04200000
2022-12-24 16:00:00,20.72000000,20.72000000,20.04000000,20.42000000,66106.13000000
2022-12-25 16:00:00,20.40000000,20.70000000,20.30000000,20.70000000,25868.44800000
2022-12-26 16:00:00,20.69000000,20.80000000,20.15000000,20.76000000,15855.59800000
2022-12-27 16:00:00,20.80000000,20.80000000,19.69000000,20.05000000,25223.30700000
2022-12-28 16:00:00,20.06000000,20.27000000,19.50000000,19.90000000,22951.23400000
2022-12-29 16:00:00,19.84000000,20.02000000,19.29000000,20.02000000,35356.73400000
2022-12-30 16:00:00,20.02000000,20.78000000,19.81000000,20.04000000,57592.66100000
2022-12-31 16:00:00,20.17000000,20.36000000,20.01000000,20.31000000,28955.90200000
2023-01-01 16:00:00,20.27000000,21.38000000,19.91000000,20.85000000,40101.09800000
2023-01-02 16:00:00,20.90000000,21.09000000,20.53000000,20.72000000,24018.63400000
2023-01-03 16:00:00,20.72000000,21.38000000,20.72000000,21.26000000,50458.01200000
2023-01-04 16:00:00,21.30000000,22.19000000,20.93000000,21.11000000,123849.74900000
2023-01-05 16:00:00,21.25000000,21.74000000,20.54000000,21.68000000,43088.70700000
2023-01-06 16:00:00,21.68000000,22.26000000,21.44000000,21.50000000,44471.33300000
2023-01-07 16:00:00,21.50000000,22.89000000,21.17000000,22.46000000,63875.83000000
2023-01-08 16:00:00,22.57000000,24.13000000,22.57000000,23.33000000,86384.58900000
2023-01-09 16:00:00,23.51000000,24.17000000,22.32000000,23.66000000,61102.89200000
2023-01-10 16:00:00,23.66000000,24.21000000,22.84000000,23.97000000,66924.00700000
2023-01-11 16:00:00,24.18000000,24.98000000,23.36000000,24.54000000,71008.61900000
2023-01-12 16:00:00,24.62000000,29.87000000,24.21000000,27.94000000,671355.68800000
2023-01-13 16:00:00,28.02000000,29.35000000,25.63000000,28.16000000,258591.31100000
2023-01-14 16:00:00,28.17000000,29.95000000,26.88000000,28.70000000,172491.95200000
2023-01-15 16:00:00,28.70000000,29.79000000,27.76000000,28.78000000,140636.76600000
2023-01-16 16:00:00,28.58000000,30.95000000,28.04000000,28.37000000,304026.18000000
2023-01-17 16:00:00,28.42000000,28.88000000,25.54000000,26.36000000,193709.66700000
2023-01-18 16:00:00,26.38000000,27.11000000,26.00000000,26.87000000,61614.25400000
2023-01-19 16:00:00,26.83000000,29.12000000,26.25000000,29.12000000,93377.24200000
2023-01-20 16:00:00,29.13000000,30.82000000,28.85000000,28.85000000,124800.74200000
2023-01-21 16:00:00,28.93000000,32.04000000,28.88000000,30.64000000,366473.35700000
2023-01-22 16:00:00,30.49000000,33.41000000,30.33000000,31.16000000,312347.21500000
2023-01-23 16:00:00,31.18000000,32.42000000,28.48000000,29.05000000,130248.78200000
2023-01-24 16:00:00,29.10000000,32.00000000,28.36000000,30.74000000,105370.27700000
2023-01-25 16:00:00,30.79000000,31.99000000,30.35000000,31.74000000,107557.80100000
2023-01-26 16:00:00,31.74000000,33.64000000,30.63000000,33.00000000,271386.70500000
2023-01-27 16:00:00,32.89000000,35.77000000,32.50000000,32.92000000,175321.10100000
2023-01-28 16:00:00,32.79000000,39.76000000,32.31000000,36.54000000,1726756.18000000
2023-01-29 16:00:00,36.54000000,38.35000000,33.00000000,34.28000000,411407.99000000
2023-01-30 16:00:00,34.48000000,34.97000000,33.48000000,34.40000000,141087.16400000
2023-01-31 16:00:00,34.54000000,35.64000000,32.02000000,35.30000000,139863.19600000
2023-02-01 16:00:00,35.60000000,36.95000000,34.10000000,34.21000000,118079.46400000
2023-02-02 16:00:00,34.39000000,36.25000000,33.84000000,35.51000000,109089.42500000
2023-02-03 16:00:00,35.70000000,36.37000000,34.90000000,35.79000000,67366.60900000
2023-02-04 16:00:00,36.35000000,36.63000000,33.02000000,34.18000000,109229.12500000
2023-02-05 16:00:00,34.18000000,34.97000000,33.35000000,33.77000000,50217.58500000
2023-02-06 16:00:00,33.79000000,42.40000000,33.54000000,40.94000000,457189.93800000
2023-02-07 16:00:00,40.93000000,42.25000000,37.93000000,39.00000000,352117.29500000
2023-02-08 16:00:00,39.19000000,40.00000000,32.00000000,32.94000000,150192.89400000
2023-02-09 16:00:00,32.87000000,33.77000000,31.63000000,32.87000000,229356.18900000
2023-02-10 16:00:00,32.84000000,33.85000000,30.34000000,33.73000000,115331.11800000
2023-02-11 16:00:00,33.73000000,34.87000000,32.71000000,33.51000000,146305.47400000
2023-02-12 16:00:00,33.58000000,33.73000000,31.00000000,32.09000000,81182.47700000
2023-02-13 16:00:00,32.17000000,34.65000000,31.84000000,34.19000000,169792.15600000
2023-02-14 16:00:00,34.23000000,37.25000000,33.50000000,37.12000000,182084.48400000
2023-02-15 16:00:00,37.12000000,40.00000000,34.05000000,34.47000000,244953.28400000
2023-02-16 16:00:00,34.57000000,37.67000000,34.51000000,37.33000000,124661.53200000
2023-02-17 16:00:00,37.31000000,38.87000000,37.31000000,37.87000000,99869.87700000
2023-02-18 16:00:00,37.92000000,38.80000000,36.35000000,36.77000000,95665.22700000
2023-02-19 16:00:00,36.88000000,39.85000000,35.93000000,39.62000000,153967.68200000
2023-02-20 16:00:00,39.48000000,43.50000000,37.98000000,38.98000000,792375.60700000
2023-02-21 16:00:00,39.05000000,39.34000000,36.90000000,39.00000000,92897.01900000
2023-02-22 16:00:00,39.22000000,41.94000000,39.05000000,40.22000000,308671.98300000
2023-02-23 16:00:00,40.24000000,40.35000000,35.70000000,36.44000000,128576.70700000
2023-02-24 16:00:00,36.42000000,36.43000000,34.55000000,35.78000000,57224.68200000
2023-02-25 16:00:00,35.53000000,37.80000000,35.50000000,37.32000000,52774.88400000
2023-02-26 16:00:00,37.25000000,38.39000000,36.53000000,37.41000000,124671.69000000
2023-02-27 16:00:00,37.41000000,37.65000000,35.01000000,35.19000000,30307.46200000
2023-02-28 16:00:00,35.26000000,36.91000000,34.95000000,36.83000000,33726.51900000
2023-03-01 16:00:00,36.83000000,37.06000000,34.93000000,35.63000000,27895.33500000
2023-03-02 16:00:00,35.63000000,35.63000000,31.30000000,32.81000000,53063.65100000
2023-03-03 16:00:00,32.87000000,33.86000000,30.21000000,31.22000000,39519.11400000
2023-03-04 16:00:00,31.30000000,32.07000000,30.88000000,30.98000000,14872.80200000
2023-03-05 16:00:00,31.00000000,32.10000000,30.36000000,31.66000000,46348.31500000
2023-03-06 16:00:00,31.66000000,32.05000000,29.76000000,30.47000000,37640.62700000
2023-03-07 16:00:00,30.47000000,30.55000000,27.50000000,28.14000000,73475.36900000
2023-03-08 16:00:00,28.14000000,29.02000000,25.79000000,26.07000000,58855.03100000
2023-03-09 16:00:00,26.13000000,26.95000000,24.70000000,26.84000000,84062.83700000
2023-03-10 16:00:00,26.84000000,27.41000000,25.44000000,26.62000000,52375.58300000
2023-03-11 16:00:00,26.41000000,29.00000000,25.63000000,28.76000000,47379.61900000
2023-03-12 17:00:00,29.00000000,30.57000000,27.87000000,29.93000000,71298.53500000
2023-03-13 17:00:00,29.93000000,32.76000000,29.38000000,31.60000000,105583.66200000
2023-03-14 17:00:00,31.80000000,32.44000000,28.47000000,28.92000000,77238.41000000
2023-03-15 17:00:00,29.07000000,30.02000000,28.76000000,29.79000000,34977.04400000
2023-03-16 17:00:00,29.57000000,32.76000000,29.27000000,32.76000000,82527.21800000
2023-03-17 17:00:00,32.61000000,34.02000000,31.60000000,31.64000000,68536.36900000
2023-03-18 17:00:00,31.85000000,33.23000000,31.69000000,32.56000000,38051.69600000
2023-03-19 17:00:00,32.49000000,33.56000000,30.00000000,30.00000000,98873.24500000
2023-03-20 17:00:00,30.20000000,30.99000000,28.70000000,30.91000000,152061.23300000
2023-03-21 17:00:00,30.85000000,31.10000000,28.00000000,28.93000000,168240.72500000
2023-03-22 17:00:00,29.01000000,31.00000000,28.73000000,30.83000000,43736.17800000
2023-03-23 17:00:00,30.79000000,31.00000000,29.38000000,29.67000000,71119.93600000
2023-03-24 17:00:00,29.82000000,30.09000000,28.40000000,28.94000000,36066.00500000
2023-03-25 17:00:00,28.94000000,29.97000000,28.87000000,29.63000000,42588.18800000
2023-03-26 17:00:00,29.57000000,29.68000000,27.34000000,28.74000000,58841.65600000
2023-03-27 17:00:00,28.58000000,29.20000000,27.38000000,29.02000000,44036.45300000
2023-03-28 17:00:00,29.04000000,30.30000000,29.04000000,30.18000000,53009.38000000
2023-03-29 17:00:00,30.19000000,30.50000000,28.80000000,29.44000000,65830.04800000
2023-03-30 17:00:00,29.51000000,31.10000000,28.63000000,30.72000000,74590.41900000
2023-03-31 17:00:00,30.79000000,31.26000000,30.42000000,30.86000000,70344.50400000
2023-04-01 17:00:00,30.91000000,32.20000000,30.29000000,30.78000000,348982.73700000
2023-04-02 17:00:00,30.86000000,31.50000000,29.70000000,30.90000000,87760.94800000
2023-04-03 17:00:00,31.01000000,31.88000000,30.72000000,31.71000000,63882.45200000
2023-04-04 17:00:00,31.76000000,32.23000000,31.10000000,31.80000000,58082.16300000
2023-04-05 17:00:00,31.78000000,32.95000000,31.00000000,32.12000000,176517.84300000
2023-04-06 17:00:00,32.10000000,33.50000000,31.67000000,32.66000000,215124.02100000
2023-04-07 17:00:00,32.69000000,33.79000000,32.06000000,33.47000000,210094.07400000
2023-04-08 17:00:00,33.46000000,34.94000000,33.20000000,34.10000000,770383.85300000
2023-04-09 17:00:00,34.03000000,35.11000000,33.56000000,34.37000000,186920.86200000
2023-04-10 17:00:00,34.32000000,34.60000000,33.70000000,33.99000000,174335.71100000
2023-04-11 17:00:00,34.06000000,34.18000000,32.35000000,33.44000000,102639.82600000
2023-04-12 17:00:00,33.44000000,34.42000000,32.93000000,34.34000000,79546.57300000
2023-04-13 17:00:00,34.34000000,35.65000000,33.80000000,35.28000000,119265.75400000
2023-04-14 17:00:00,35.21000000,35.94000000,34.58000000,35.62000000,52195.05000000
2023-04-15 17:00:00,35.61000000,37.18000000,35.05000000,36.17000000,209681.87500000
2023-04-16 17:00:00,36.23000000,36.25000000,34.58000000,35.69000000,136911.66700000
2023-04-17 17:00:00,35.93000000,39.89000000,35.54000000,37.59000000,704134.17700000
2023-04-18 17:00:00,37.53000000,37.87000000,34.83000000,36.86000000,123902.12600000
2023-04-19 17:00:00,36.67000000,40.00000000,34.34000000,34.80000000,1068506.69800000
2023-04-20 17:00:00,34.73000000,35.87000000,32.15000000,32.83000000,461431.70900000
2023-04-21 17:00:00,32.83000000,33.25000000,32.09000000,33.12000000,214954.24500000
2023-04-22 17:00:00,33.15000000,33.59000000,30.65000000,32.20000000,146767.01100000
2023-04-23 17:00:00,32.24000000,32.70000000,30.94000000,32.01000000,95987.09000000
2023-04-24 17:00:00,31.96000000,32.85000000,30.80000000,32.83000000,131646.10300000
2023-04-25 17:00:00,32.77000000,34.32000000,31.07000000,32.63000000,255275.87100000
2023-04-26 17:00:00,32.75000000,33.51000000,31.85000000,33.25000000,96870.40900000
2023-04-27 17:00:00,33.23000000,33.47000000,31.90000000,33.36000000,63581.65800000
2023-04-28 17:00:00,33.31000000,33.46000000,32.90000000,33.13000000,39828.39600000
2023-04-29 17:00:00,33.17000000,33.24000000,31.97000000,32.34000000,49922.06900000
2023-04-30 17:00:00,32.31000000,32.44000000,31.05000000,31.67000000,33241.83500000
2023-05-01 17:00:00,31.57000000,31.90000000,31.04000000,31.64000000,32344.62800000
2023-05-02 17:00:00,31.52000000,32.10000000,30.53000000,31.78000000,30153.74000000
2023-05-03 17:00:00,31.82000000,31.97000000,30.94000000,31.10000000,20677.14800000
2023-05-04 17:00:00,31.13000000,31.80000000,30.50000000,31.61000000,37319.28500000
2023-05-05 17:00:00,31.61000000,31.75000000,29.76000000,30.56000000,23161.26900000
2023-05-06 17:00:00,30.66000000,30.83000000,30.00000000,30.10000000,15408.83100000
2023-05-07 17:00:00,30.00000000,30.20000000,26.53000000,27.30000000,68780.59800000
2023-05-08 17:00:00,27.30000000,27.92000000,27.25000000,27.59000000,41228.01400000
2023-05-09 17:00:00,27.62000000,28.45000000,26.71000000,28.28000000,60903.83900000
2023-05-10 17:00:00,28.20000000,28.20000000,26.49000000,26.71000000,42358.03700000
2023-05-11 17:00:00,26.71000000,27.63000000,25.93000000,27.46000000,94157.96500000
2023-05-12 17:00:00,27.49000000,27.55000000,26.51000000,26.51000000,73349.48800000
2023-05-13 17:00:00,26.50000000,27.31000000,26.39000000,27.17000000,61353.29000000
2023-05-14 17:00:00,27.16000000,27.75000000,26.60000000,26.91000000,81956.89500000
2023-05-15 17:00:00,26.89000000,27.24000000,26.38000000,27.17000000,58626.63800000
2023-05-16 17:00:00,27.18000000,27.77000000,26.33000000,27.64000000,133941.05900000
2023-05-17 17:00:00,27.62000000,27.78000000,26.65000000,27.61000000,70713.52700000
2023-05-18 17:00:00,27.64000000,27.64000000,26.98000000,27.37000000,22954.49900000
2023-05-19 17:00:00,27.30000000,27.90000000,27.07000000,27.69000000,53838.01000000
2023-05-20 17:00:00,27.61000000,27.67000000,26.77000000,26.90000000,24314.31300000
2023-05-21 17:00:00,27.00000000,27.98000000,26.48000000,27.83000000,76664.70100000
2023-05-22 17:00:00,27.77000000,28.31000000,27.52000000,27.86000000,34253.76100000
2023-05-23 17:00:00,27.80000000,27.80000000,26.84000000,27.25000000,14357.41500000
2023-05-24 17:00:00,27.25000000,27.70000000,26.38000000,27.70000000,39552.46900000
2023-05-25 17:00:00,27.63000000,28.05000000,27.24000000,27.81000000,20784.53700000
2023-05-26 17:00:00,27.72000000,28.02000000,27.30000000,27.89000000,15586.25800000
2023-05-27 17:00:00,27.75000000,28.28000000,27.26000000,27.98000000,24956.80300000
2023-05-28 17:00:00,28.06000000,28.11000000,27.14000000,27.32000000,39862.92800000
2023-05-29 17:00:00,27.20000000,27.50000000,26.77000000,27.50000000,33290.77100000
2023-05-30 17:00:00,27.48000000,27.67000000,26.51000000,27.20000000,29767.11900000
2023-05-31 17:00:00,27.21000000,27.66000000,26.72000000,27.31000000,15976.89400000
2023-06-01 17:00:00,27.31000000,28.21000000,27.00000000,28.03000000,20007.67800000
2023-06-02 17:00:00,27.95000000,28.24000000,27.00000000,27.46000000,34769.52700000
2023-06-03 17:00:00,27.30000000,27.60000000,26.93000000,27.18000000,30586.77100000
2023-06-04 17:00:00,27.11000000,27.25000000,24.00000000,24.41000000,90312.35800000
2023-06-05 17:00:00,24.35000000,26.15000000,24.17000000,26.09000000,75965.73300000
2023-06-06 17:00:00,26.00000000,26.70000000,25.59000000,26.06000000,73892.15200000
2023-06-07 17:00:00,26.00000000,26.47000000,25.55000000,26.23000000,48334.69600000
2023-06-08 17:00:00,26.19000000,26.44000000,25.67000000,25.95000000,38223.84500000
2023-06-09 17:00:00,25.83000000,25.83000000,19.08000000,21.00000000,174794.76900000
2023-06-10 17:00:00,20.99000000,21.16000000,20.48000000,20.63000000,79239.88800000
2023-06-11 17:00:00,20.64000000,21.53000000,20.00000000,21.39000000,95617.79600000
2023-06-12 17:00:00,21.35000000,22.81000000,21.25000000,21.61000000,437376.72100000
2023-06-13 17:00:00,21.73000000,21.93000000,19.83000000,20.28000000,147876.14400000
2023-06-14 17:00:00,20.20000000,21.00000000,20.04000000,20.90000000,66921.86500000
2023-06-15 17:00:00,20.90000000,21.85000000,20.76000000,21.40000000,83737.51000000
2023-06-16 17:00:00,21.42000000,22.00000000,21.25000000,21.71000000,59822.11700000
2023-06-17 17:00:00,21.68000000,21.70000000,21.01000000,21.19000000,53904.16600000
2023-06-18 17:00:00,21.11000000,21.25000000,20.32000000,21.13000000,66552.81100000
2023-06-19 17:00:00,21.07000000,21.57000000,20.29000000,21.51000000,88138.40000000
2023-06-20 17:00:00,21.46000000,22.87000000,21.39000000,22.48000000,96493.70000000
2023-06-21 17:00:00,22.50000000,24.63000000,22.49000000,24.18000000,136151.18200000
2023-06-22 17:00:00,24.25000000,26.52000000,24.22000000,26.12000000,68004.24700000
2023-06-23 17:00:00,26.06000000,26.63000000,25.47000000,26.53000000,89726.19400000
2023-06-24 17:00:00,26.60000000,27.84000000,26.60000000,27.22000000,149848.59500000
2023-06-25 17:00:00,27.22000000,28.19000000,26.28000000,27.81000000,52345.55400000
2023-06-26 17:00:00,27.77000000,28.53000000,27.63000000,28.24000000,106968.16400000
2023-06-27 17:00:00,28.26000000,28.26000000,25.51000000,26.02000000,57944.76400000
2023-06-28 17:00:00,26.03000000,26.78000000,25.99000000,26.30000000,38486.25900000
2023-06-29 17:00:00,26.24000000,28.20000000,25.91000000,27.71000000,67937.08400000
2023-06-30 17:00:00,27.77000000,34.00000000,27.30000000,30.35000000,479346.92400000
2023-07-01 17:00:00,30.38000000,32.00000000,28.10000000,28.68000000,1281771.76300000
2023-07-02 17:00:00,28.64000000,29.46000000,28.30000000,29.09000000,220388.27400000
2023-07-03 17:00:00,29.17000000,29.22000000,28.12000000,28.32000000,115321.91400000
2023-07-04 17:00:00,28.45000000,29.21000000,26.80000000,27.28000000,157732.79500000
2023-07-05 17:00:00,27.21000000,28.49000000,26.28000000,26.37000000,59140.15800000
2023-07-06 17:00:00,26.37000000,27.05000000,26.20000000,27.01000000,29092.41300000
2023-07-07 17:00:00,26.91000000,27.28000000,26.08000000,26.45000000,36896.64200000
2023-07-08 17:00:00,26.36000000,26.77000000,26.23000000,26.33000000,32466.93900000
2023-07-09 17:00:00,26.26000000,27.24000000,25.51000000,26.72000000,67427.85900000
2023-07-10 17:00:00,26.78000000,27.24000000,26.52000000,27.20000000,43456.33500000
2023-07-11 17:00:00,27.23000000,27.51000000,26.65000000,26.88000000,42073.64300000
2023-07-12 17:00:00,26.91000000,28.37000000,26.42000000,28.33000000,93415.26400000
2023-07-13 17:00:00,28.30000000,29.25000000,26.67000000,27.64000000,121674.88300000
2023-07-14 17:00:00,27.59000000,28.29000000,27.20000000,27.92000000,35018.51800000
2023-07-15 17:00:00,27.88000000,28.00000000,26.70000000,26.76000000,57037.51100000
2023-07-16 17:00:00,26.78000000,27.66000000,26.25000000,27.61000000,80134.46100000
2023-07-17 17:00:00,27.61000000,27.70000000,26.86000000,27.67000000,40016.83900000
2023-07-18 17:00:00,27.67000000,27.86000000,27.11000000,27.31000000,32289.60100000
2023-07-19 17:00:00,27.30000000,28.00000000,27.12000000,27.63000000,63897.45400000
2023-07-20 17:00:00,27.65000000,27.86000000,27.23000000,27.59000000,26623.64100000
2023-07-21 17:00:00,27.73000000,27.80000000,26.86000000,27.11000000,26202.18800000
2023-07-22 17:00:00,26.99000000,27.65000000,26.86000000,27.53000000,37156.64500000
2023-07-23 17:00:00,27.36000000,27.36000000,25.72000000,26.15000000,42804.05200000
2023-07-24 17:00:00,26.05000000,26.05000000,25.50000000,25.55000000,20168.95200000
2023-07-25 17:00:00,25.63000000,26.25000000,25.38000000,25.72000000,34774.89200000
2023-07-26 17:00:00,25.72000000,26.35000000,25.34000000,25.86000000,46263.46500000
2023-07-27 17:00:00,25.86000000,26.20000000,25.57000000,25.95000000,24497.83400000
2023-07-28 17:00:00,25.95000000,26.19000000,25.75000000,26.14000000,20281.65100000
2023-07-29 17:00:00,26.05000000,26.14000000,24.96000000,25.51000000,36469.43800000
2023-07-30 17:00:00,25.52000000,25.96000000,25.31000000,25.51000000,16756.12200000
2023-07-31 17:00:00,25.31000000,25.87000000,24.68000000,25.87000000,17869.16400000
2023-08-01 17:00:00,25.94000000,26.00000000,25.29000000,25.59000000,21360.61800000
2023-08-02 17:00:00,25.58000000,26.10000000,25.31000000,25.83000000,63873.73400000
2023-08-03 17:00:00,25.81000000,25.91000000,25.12000000,25.39000000,32051.92400000
2023-08-04 17:00:00,25.34000000,26.06000000,24.81000000,25.98000000,28060.32100000
2023-08-05 17:00:00,26.06000000,27.10000000,25.57000000,25.83000000,89994.84500000
2023-08-06 17:00:00,25.82000000,26.60000000,24.39000000,24.84000000,167253.82300000
2023-08-07 17:00:00,24.81000000,25.29000000,24.60000000,24.78000000,164351.17500000
2023-08-08 17:00:00,24.82000000,25.35000000,24.67000000,24.88000000,99222.59600000
2023-08-09 17:00:00,24.88000000,25.40000000,24.35000000,24.90000000,135415.53800000
2023-08-10 17:00:00,24.90000000,25.12000000,24.61000000,24.82000000,50401.19600000
2023-08-11 17:00:00,24.82000000,25.28000000,24.76000000,25.13000000,49159.13800000
2023-08-12 17:00:00,25.13000000,26.04000000,25.00000000,25.63000000,170121.34300000
2023-08-13 17:00:00,25.71000000,26.77000000,25.59000000,26.64000000,158915.06100000
2023-08-14 17:00:00,26.64000000,27.47000000,23.42000000,24.77000000,249141.27900000
2023-08-15 17:00:00,24.70000000,24.80000000,21.98000000,22.82000000,194193.07800000
2023-08-16 17:00:00,22.72000000,23.44000000,10.00000000,20.13000000,114635.18000000
2023-08-17 17:00:00,20.10000000,20.55000000,19.92000000,20.42000000,83502.97400000
2023-08-18 17:00:00,20.47000000,21.04000000,20.30000000,20.97000000,61579.17400000
2023-08-19 17:00:00,21.03000000,21.85000000,21.01000000,21.20000000,138642.12000000
2023-08-20 17:00:00,21.23000000,21.34000000,20.51000000,21.00000000,50320.71600000
2023-08-21 17:00:00,20.95000000,21.00000000,19.90000000,21.00000000,54504.22400000
2023-08-22 17:00:00,21.05000000,21.80000000,20.70000000,21.50000000,104214.23900000
2023-08-23 17:00:00,21.47000000,21.52000000,19.79000000,20.17000000,75053.15900000
2023-08-24 17:00:00,20.19000000,20.73000000,19.42000000,20.64000000,67724.16500000
2023-08-25 17:00:00,20.65000000,21.16000000,20.58000000,20.77000000,153154.33400000
2023-08-26 17:00:00,20.73000000,20.97000000,20.55000000,20.70000000,70308.22800000
2023-08-27 17:00:00,20.74000000,21.49000000,20.10000000,21.13000000,109867.74200000
2023-08-28 17:00:00,21.14000000,22.68000000,20.33000000,22.18000000,85479.05000000
2023-08-29 17:00:00,22.28000000,22.28000000,21.29000000,21.63000000,57352.69500000
2023-08-30 17:00:00,21.54000000,21.65000000,20.26000000,20.64000000,50492.48900000
2023-08-31 17:00:00,20.75000000,20.80000000,19.21000000,19.33000000,120587.26500000
2023-09-01 17:00:00,19.52000000,20.22000000,19.29000000,20.07000000,184233.12400000
2023-09-02 17:00:00,20.09000000,20.39000000,19.44000000,19.73000000,128884.45200000
