2022-08-25 17:00:00,0.74090000,0.80000000,0.67370000,0.68420000,50203972.00000000
2022-08-26 17:00:00,0.69000000,0.69550000,0.60000000,0.66390000,8237233.00000000
2022-08-27 17:00:00,0.66270000,0.73370000,0.65500000,0.65500000,52808396.00000000
2022-08-28 17:00:00,0.65760000,0.68310000,0.64240000,0.67600000,13313609.00000000
2022-08-29 17:00:00,0.67750000,0.70500000,0.63190000,0.64770000,20679770.00000000
2022-08-30 17:00:00,0.64740000,0.67320000,0.64000000,0.64960000,17766599.00000000
2022-08-31 17:00:00,0.64990000,0.65380000,0.61700000,0.64230000,19080414.00000000
2022-09-01 17:00:00,0.64170000,0.65390000,0.62260000,0.63160000,17284490.00000000
2022-09-02 17:00:00,0.63160000,0.63700000,0.62460000,0.63350000,6651584.00000000
2022-09-03 17:00:00,0.63400000,0.70000000,0.63300000,0.65620000,50845324.00000000
2022-09-04 17:00:00,0.65610000,0.67160000,0.62800000,0.65180000,40641691.00000000
2022-09-05 17:00:00,0.65180000,0.71640000,0.60840000,0.61370000,45420824.00000000
2022-09-06 17:00:00,0.61340000,0.63650000,0.59320000,0.63310000,30806870.00000000
2022-09-07 17:00:00,0.63540000,0.68500000,0.60980000,0.65200000,64329472.00000000
2022-09-08 17:00:00,0.65010000,0.74070000,0.64620000,0.71460000,78896459.00000000
2022-09-09 17:00:00,0.71560000,0.71900000,0.68130000,0.69690000,36114765.00000000
2022-09-10 17:00:00,0.69720000,0.71200000,0.67200000,0.69600000,32157964.00000000
2022-09-11 17:00:00,0.69670000,0.71260000,0.68000000,0.68940000,36605084.00000000
2022-09-12 17:00:00,0.68800000,0.70720000,0.61960000,0.62380000,30638412.00000000
2022-09-13 17:00:00,0.62150000,0.64080000,0.61830000,0.63600000,23313127.00000000
2022-09-14 17:00:00,0.63430000,0.63640000,0.59730000,0.60670000,32197640.00000000
2022-09-15 17:00:00,0.60850000,0.62730000,0.59800000,0.61130000,18809811.00000000
2022-09-16 17:00:00,0.61170000,0.65820000,0.61110000,0.63880000,19617479.00000000
2022-09-17 17:00:00,0.63650000,0.63870000,0.55500000,0.56810000,10421274.00000000
2022-09-18 17:00:00,0.57070000,0.58500000,0.54100000,0.58310000,16995964.00000000
2022-09-19 17:00:00,0.58110000,0.58380000,0.55040000,0.55540000,7969533.00000000
2022-09-20 17:00:00,0.55730000,0.58690000,0.53390000,0.54140000,14933546.00000000
2022-09-21 17:00:00,0.54000000,0.57550000,0.54000000,0.56720000,11986109.00000000
2022-09-22 17:00:00,0.56770000,0.57890000,0.54590000,0.57000000,12611075.00000000
2022-09-23 17:00:00,0.57000000,0.57900000,0.55000000,0.55960000,8752194.00000000
2022-09-24 17:00:00,0.55980000,0.56560000,0.54430000,0.54790000,10641379.00000000
2022-09-25 17:00:00,0.54740000,0.60490000,0.54150000,0.57100000,70354142.00000000
2022-09-26 17:00:00,0.56810000,0.58920000,0.55490000,0.56580000,21766969.00000000
2022-09-27 17:00:00,0.56470000,0.58000000,0.54260000,0.56560000,19665404.00000000
2022-09-28 17:00:00,0.56570000,0.59360000,0.55810000,0.58080000,49238056.00000000
2022-09-29 17:00:00,0.58100000,0.58500000,0.56500000,0.57020000,20106461.00000000
2022-09-30 17:00:00,0.57050000,0.57500000,0.56720000,0.57010000,9056529.00000000
2022-10-01 17:00:00,0.57000000,0.57650000,0.55610000,0.56310000,13409112.00000000
2022-10-02 17:00:00,0.56250000,0.58810000,0.55670000,0.57390000,16504151.00000000
2022-10-03 17:00:00,0.57400000,0.58550000,0.56800000,0.58170000,21739780.00000000
2022-10-04 17:00:00,0.58080000,0.58560000,0.56710000,0.58040000,14925130.00000000
2022-10-05 17:00:00,0.58000000,0.58790000,0.57000000,0.57660000,14248180.00000000
2022-10-06 17:00:00,0.57630000,0.57780000,0.55780000,0.57060000,23638321.00000000
2022-10-07 17:00:00,0.57060000,0.57800000,0.56350000,0.57000000,8263334.00000000
2022-10-08 17:00:00,0.56720000,0.57770000,0.56180000,0.56980000,4553870.00000000
2022-10-09 17:00:00,0.56960000,0.57500000,0.54280000,0.54440000,6639033.00000000
2022-10-10 17:00:00,0.54080000,0.54170000,0.52800000,0.52800000,3547727.00000000
2022-10-11 17:00:00,0.53130000,0.56260000,0.52000000,0.52490000,3710095.00000000
2022-10-12 17:00:00,0.52320000,0.52760000,0.45650000,0.51470000,9109348.00000000
2022-10-13 17:00:00,0.51390000,0.52910000,0.50150000,0.50610000,3096359.00000000
2022-10-14 17:00:00,0.50880000,0.52030000,0.50510000,0.51150000,15003727.00000000
2022-10-15 17:00:00,0.51110000,0.52620000,0.51110000,0.51870000,8339231.00000000
2022-10-16 17:00:00,0.51740000,0.53160000,0.51110000,0.53160000,6499837.00000000
2022-10-17 17:00:00,0.53210000,0.69000000,0.52710000,0.62220000,249521167.00000000
2022-10-18 17:00:00,0.62220000,0.62530000,0.55930000,0.56030000,36022187.00000000
2022-10-19 17:00:00,0.56060000,0.57810000,0.54400000,0.54730000,6609650.00000000
2022-10-20 17:00:00,0.54580000,0.54580000,0.51480000,0.53630000,9691752.00000000
2022-10-21 17:00:00,0.53550000,0.57650000,0.52790000,0.54190000,35478592.00000000
2022-10-22 17:00:00,0.54230000,0.54490000,0.52500000,0.54200000,12537934.00000000
2022-10-23 17:00:00,0.53960000,0.54090000,0.52330000,0.52710000,5720526.00000000
2022-10-24 17:00:00,0.52710000,0.54460000,0.52300000,0.53450000,9784627.00000000
2022-10-25 17:00:00,0.53450000,0.57410000,0.53110000,0.54660000,11666935.00000000
2022-10-26 17:00:00,0.54660000,0.56230000,0.53750000,0.53910000,10329379.00000000
2022-10-27 17:00:00,0.53810000,0.55040000,0.52840000,0.54750000,6104574.00000000
2022-10-28 17:00:00,0.54760000,0.56410000,0.54760000,0.55620000,10012456.00000000
2022-10-29 17:00:00,0.55630000,0.56920000,0.54140000,0.54820000,12849220.00000000
2022-10-30 17:00:00,0.55000000,0.56050000,0.53230000,0.55190000,9945869.00000000
2022-10-31 17:00:00,0.55170000,0.59650000,0.55000000,0.55650000,44573102.00000000
2022-11-01 17:00:00,0.56000000,0.56400000,0.53220000,0.53950000,10841861.00000000
2022-11-02 17:00:00,0.53850000,0.59660000,0.53660000,0.56000000,18424155.00000000
2022-11-03 17:00:00,0.56080000,0.60000000,0.55830000,0.59770000,13048613.00000000
2022-11-04 17:00:00,0.59860000,0.60230000,0.57460000,0.58170000,7979200.00000000
2022-11-05 17:00:00,0.58350000,0.58700000,0.55140000,0.55490000,4161136.00000000
2022-11-06 16:00:00,0.55480000,0.56960000,0.53680000,0.54620000,5652799.00000000
2022-11-07 16:00:00,0.54480000,0.55180000,0.41150000,0.46610000,12775365.00000000
2022-11-08 16:00:00,0.46740000,0.47370000,0.36510000,0.37820000,13603770.00000000
2022-11-09 16:00:00,0.37640000,0.44720000,0.37380000,0.43720000,11790370.00000000
2022-11-10 16:00:00,0.43760000,0.44200000,0.38610000,0.41400000,9282506.00000000
2022-11-11 16:00:00,0.41460000,0.41460000,0.38830000,0.39410000,3589751.00000000
2022-11-12 16:00:00,0.39440000,0.56780000,0.37870000,0.39030000,105811486.00000000
2022-11-13 16:00:00,0.38970000,0.45160000,0.36920000,0.40750000,97838695.00000000
2022-11-14 16:00:00,0.40730000,0.42190000,0.39750000,0.41080000,15272157.00000000
2022-11-15 16:00:00,0.41280000,0.41760000,0.39600000,0.40500000,7287270.00000000
2022-11-16 16:00:00,0.40420000,0.40560000,0.39190000,0.40070000,6173743.00000000
2022-11-17 16:00:00,0.40070000,0.40800000,0.39640000,0.40590000,3341664.00000000
2022-11-18 16:00:00,0.40550000,0.43640000,0.40280000,0.41990000,75138671.00000000
2022-11-19 16:00:00,0.42050000,0.44250000,0.39430000,0.39520000,14140259.00000000
2022-11-20 16:00:00,0.39370000,0.42430000,0.38270000,0.39660000,13115373.00000000
2022-11-21 16:00:00,0.39970000,0.41400000,0.38490000,0.41250000,5848667.00000000
2022-11-22 16:00:00,0.41500000,0.43510000,0.41140000,0.43360000,4861089.00000000
2022-11-23 16:00:00,0.43450000,0.52000000,0.43400000,0.44500000,70211575.00000000
2022-11-24 16:00:00,0.44480000,0.44480000,0.42510000,0.43150000,9530071.00000000
2022-11-25 16:00:00,0.43400000,0.43990000,0.42630000,0.43090000,4272157.00000000
2022-11-26 16:00:00,0.42920000,0.43400000,0.42130000,0.42300000,3347754.00000000
2022-11-27 16:00:00,0.42520000,0.42610000,0.40320000,0.41030000,3569261.00000000
2022-11-28 16:00:00,0.41030000,0.42100000,0.40850000,0.41500000,3310019.00000000
2022-11-29 16:00:00,0.41760000,0.43340000,0.41630000,0.43300000,5472863.00000000
2022-11-30 16:00:00,0.43190000,0.43300000,0.41980000,0.42330000,4455512.00000000
2022-12-01 16:00:00,0.42380000,0.42650000,0.38520000,0.41780000,32303010.00000000
2022-12-02 16:00:00,0.41780000,0.41850000,0.40600000,0.40850000,6852303.00000000
2022-12-03 16:00:00,0.40780000,0.41350000,0.40400000,0.41220000,5856208.00000000
2022-12-04 16:00:00,0.41060000,0.41400000,0.40290000,0.40760000,9021810.00000000
2022-12-05 16:00:00,0.40890000,0.41780000,0.40380000,0.40840000,7403436.00000000
2022-12-06 16:00:00,0.40980000,0.41090000,0.39000000,0.39420000,6417028.00000000
2022-12-07 16:00:00,0.39350000,0.39970000,0.39070000,0.39800000,4098158.00000000
2022-12-08 16:00:00,0.39840000,0.40160000,0.39420000,0.39750000,5141178.00000000
2022-12-09 16:00:00,0.39760000,0.41490000,0.39650000,0.40720000,33676499.00000000
2022-12-10 16:00:00,0.40710000,0.41250000,0.39560000,0.39850000,8285576.00000000
2022-12-11 16:00:00,0.39710000,0.39780000,0.38290000,0.39080000,3599246.00000000
2022-12-12 16:00:00,0.39060000,0.39980000,0.37190000,0.39770000,4884115.00000000
2022-12-13 16:00:00,0.39930000,0.40500000,0.38940000,0.39580000,3291738.00000000
2022-12-14 16:00:00,0.39520000,0.39620000,0.38500000,0.38650000,1840726.00000000
2022-12-15 16:00:00,0.38560000,0.38750000,0.34500000,0.35190000,4751707.00000000
2022-12-16 16:00:00,0.34990000,0.35140000,0.33400000,0.35000000,5452474.00000000
2022-12-17 16:00:00,0.35010000,0.35180000,0.34360000,0.34620000,3683957.00000000
2022-12-18 16:00:00,0.34700000,0.35050000,0.31670000,0.32040000,3536517.00000000
2022-12-19 16:00:00,0.32140000,0.34350000,0.32000000,0.33960000,7383659.00000000
2022-12-20 16:00:00,0.33950000,0.33950000,0.32820000,0.33300000,3164529.00000000
2022-12-21 16:00:00,0.33260000,0.33400000,0.32330000,0.33220000,1620955.00000000
2022-12-22 16:00:00,0.33330000,0.33990000,0.33010000,0.33500000,3712969.00000000
2022-12-23 16:00:00,0.33570000,0.33670000,0.33000000,0.33410000,1716428.00000000
2022-12-24 16:00:00,0.33330000,0.33690000,0.32370000,0.32710000,1014924.00000000
2022-12-25 16:00:00,0.32630000,0.32890000,0.31600000,0.32220000,5264435.00000000
2022-12-26 16:00:00,0.32320000,0.32790000,0.30720000,0.31350000,8170330.00000000
2022-12-27 16:00:00,0.31350000,0.31350000,0.28740000,0.29010000,8123374.00000000
2022-12-28 16:00:00,0.29120000,0.29120000,0.27720000,0.28560000,8264550.00000000
2022-12-29 16:00:00,0.28500000,0.29860000,0.27570000,0.28990000,35308900.00000000
2022-12-30 16:00:00,0.29080000,0.29500000,0.28840000,0.29220000,5022620.00000000
2022-12-31 16:00:00,0.29350000,0.30280000,0.29250000,0.29810000,11543819.00000000
2023-01-01 16:00:00,0.29800000,0.30680000,0.29290000,0.30390000,5284784.00000000
2023-01-02 16:00:00,0.30450000,0.30480000,0.29830000,0.30000000,1311260.00000000
2023-01-03 16:00:00,0.30500000,0.31700000,0.30420000,0.31150000,4356368.00000000
2023-01-04 16:00:00,0.31230000,0.31420000,0.30500000,0.30510000,3209555.00000000
2023-01-05 16:00:00,0.30700000,0.32460000,0.29950000,0.31740000,37995816.00000000
2023-01-06 16:00:00,0.31740000,0.31850000,0.31180000,0.31300000,3495004.00000000
2023-01-07 16:00:00,0.31330000,0.39000000,0.30810000,0.36100000,336510631.00000000
2023-01-08 16:00:00,0.35920000,0.42550000,0.35130000,0.37720000,220611577.00000000
2023-01-09 16:00:00,0.37720000,0.40500000,0.37500000,0.38400000,25794744.00000000
2023-01-10 16:00:00,0.38290000,0.38420000,0.36100000,0.37320000,9102895.00000000
2023-01-11 16:00:00,0.37330000,0.39730000,0.35810000,0.38740000,18648146.00000000
2023-01-12 16:00:00,0.38740000,0.44030000,0.38740000,0.41640000,173991090.00000000
2023-01-13 16:00:00,0.41640000,0.47660000,0.40430000,0.43940000,46029418.00000000
2023-01-14 16:00:00,0.44040000,0.44920000,0.41680000,0.43860000,13700185.00000000
2023-01-15 16:00:00,0.44120000,0.47750000,0.42280000,0.43480000,24717018.00000000
2023-01-16 16:00:00,0.43340000,0.47480000,0.43180000,0.44210000,76808819.00000000
2023-01-17 16:00:00,0.44270000,0.48920000,0.39020000,0.41330000,81372594.00000000
2023-01-18 16:00:00,0.41330000,0.43830000,0.41330000,0.43630000,25383257.00000000
2023-01-19 16:00:00,0.43600000,0.46710000,0.43240000,0.46360000,73962911.00000000
2023-01-20 16:00:00,0.46490000,0.48800000,0.45610000,0.46130000,19830257.00000000
2023-01-21 16:00:00,0.46290000,0.48830000,0.45290000,0.46920000,17716160.00000000
2023-01-22 16:00:00,0.46840000,0.51960000,0.46690000,0.51020000,57447700.00000000
2023-01-23 16:00:00,0.51030000,0.61200000,0.49230000,0.51930000,324029656.00000000
2023-01-24 16:00:00,0.52000000,0.59620000,0.49550000,0.53130000,223189505.00000000
2023-01-25 16:00:00,0.53370000,0.55040000,0.52000000,0.53120000,41255586.00000000
2023-01-26 16:00:00,0.53120000,0.54220000,0.51060000,0.53610000,27910790.00000000
2023-01-27 16:00:00,0.53650000,0.54750000,0.51490000,0.52180000,32566409.00000000
2023-01-28 16:00:00,0.52220000,0.53020000,0.51500000,0.52780000,16780123.00000000
2023-01-29 16:00:00,0.52950000,0.53100000,0.46720000,0.47900000,18205946.00000000
2023-01-30 16:00:00,0.48210000,0.49750000,0.47570000,0.49170000,10291802.00000000
2023-01-31 16:00:00,0.49370000,0.55100000,0.49170000,0.53450000,127904974.00000000
2023-02-01 16:00:00,0.53560000,0.55000000,0.51360000,0.52180000,24537114.00000000
2023-02-02 16:00:00,0.52440000,0.54720000,0.52240000,0.54720000,11615951.00000000
2023-02-03 16:00:00,0.54780000,0.56990000,0.53500000,0.55510000,40804849.00000000
2023-02-04 16:00:00,0.55060000,0.56500000,0.51900000,0.53760000,17031926.00000000
2023-02-05 16:00:00,0.53800000,0.60020000,0.52600000,0.55210000,82549315.00000000
2023-02-06 16:00:00,0.55260000,0.62600000,0.54650000,0.59480000,50700883.00000000
2023-02-07 16:00:00,0.59570000,0.64100000,0.55680000,0.58870000,11762112.00000000
2023-02-08 16:00:00,0.59100000,0.68300000,0.53990000,0.59320000,154535168.00000000
2023-02-09 16:00:00,0.58920000,0.66000000,0.56000000,0.57810000,69165785.00000000
2023-02-10 16:00:00,0.57880000,0.58190000,0.56100000,0.57960000,23196040.00000000
2023-02-11 16:00:00,0.57960000,0.58760000,0.55000000,0.56180000,14952969.00000000
2023-02-12 16:00:00,0.56320000,0.57500000,0.51150000,0.53850000,24419933.00000000
2023-02-13 16:00:00,0.53740000,0.55260000,0.51780000,0.55210000,18040212.00000000
2023-02-14 16:00:00,0.55330000,0.63500000,0.54290000,0.61790000,159569734.00000000
2023-02-15 16:00:00,0.61780000,0.62720000,0.57260000,0.57380000,38320525.00000000
2023-02-16 16:00:00,0.57400000,0.63200000,0.57000000,0.62400000,27518375.00000000
2023-02-17 16:00:00,0.62490000,0.64560000,0.61800000,0.63290000,21070813.00000000
2023-02-18 16:00:00,0.63200000,0.64060000,0.60680000,0.62160000,10934244.00000000
2023-02-19 16:00:00,0.62820000,0.70200000,0.61200000,0.66760000,65969115.00000000
2023-02-20 16:00:00,0.67030000,1.09990000,0.62980000,0.89550000,591921937.00000000
2023-02-21 16:00:00,0.89590000,1.04530000,0.85670000,0.94590000,375033657.00000000
2023-02-22 16:00:00,0.94640000,1.06500000,0.91980000,0.92290000,148478038.00000000
2023-02-23 16:00:00,0.92300000,0.93130000,0.81860000,0.83570000,82177212.00000000
2023-02-24 16:00:00,0.83490000,0.83760000,0.75800000,0.79170000,96227313.00000000
2023-02-25 16:00:00,0.78970000,0.87210000,0.78290000,0.83640000,180139298.00000000
2023-02-26 16:00:00,0.83620000,0.88900000,0.80770000,0.82120000,178594832.00000000
2023-02-27 16:00:00,0.82040000,0.84900000,0.74270000,0.75500000,109512998.00000000
2023-02-28 16:00:00,0.75500000,0.79250000,0.73670000,0.76350000,59122691.00000000
2023-03-01 16:00:00,0.76350000,0.76370000,0.70410000,0.72780000,39145712.00000000
2023-03-02 16:00:00,0.72780000,0.72780000,0.64000000,0.68810000,37572128.00000000
2023-03-03 16:00:00,0.68690000,0.70580000,0.62670000,0.65450000,33937640.00000000
2023-03-04 16:00:00,0.65310000,0.68400000,0.64440000,0.67350000,43042238.00000000
2023-03-05 16:00:00,0.67000000,0.68120000,0.63930000,0.65950000,60469636.00000000
2023-03-06 16:00:00,0.65910000,0.66530000,0.60800000,0.62370000,33836580.00000000
2023-03-07 16:00:00,0.62370000,0.62620000,0.57000000,0.57620000,32813783.00000000
2023-03-08 16:00:00,0.57800000,0.60100000,0.52770000,0.54280000,37844047.00000000
2023-03-09 16:00:00,0.54260000,0.54550000,0.49720000,0.54350000,34846441.00000000
2023-03-10 16:00:00,0.54320000,0.56160000,0.51340000,0.54070000,22148855.00000000
2023-03-11 16:00:00,0.53790000,0.58730000,0.51750000,0.58400000,29537442.00000000
2023-03-12 17:00:00,0.58550000,0.68740000,0.57810000,0.66160000,124833958.00000000
2023-03-13 17:00:00,0.66070000,0.73930000,0.65310000,0.70190000,127797201.00000000
2023-03-14 17:00:00,0.70110000,0.71440000,0.62300000,0.67740000,71904948.00000000
2023-03-15 17:00:00,0.67550000,0.70790000,0.64960000,0.68720000,89706577.00000000
2023-03-16 17:00:00,0.68590000,0.72750000,0.67210000,0.72550000,51143016.00000000
2023-03-17 17:00:00,0.72700000,0.73990000,0.68220000,0.69930000,64638206.00000000
2023-03-18 17:00:00,0.69970000,0.72150000,0.67070000,0.70210000,57847071.00000000
2023-03-19 17:00:00,0.70310000,0.71100000,0.65480000,0.65850000,39802872.00000000
2023-03-20 17:00:00,0.66170000,0.69880000,0.63210000,0.68150000,30070545.00000000
2023-03-21 17:00:00,0.68380000,0.68410000,0.62000000,0.64120000,31599273.00000000
2023-03-22 17:00:00,0.64240000,0.68340000,0.63200000,0.68020000,31391529.00000000
2023-03-23 17:00:00,0.68100000,0.69090000,0.64750000,0.65890000,54506629.00000000
2023-03-24 17:00:00,0.65890000,0.65960000,0.62260000,0.63660000,24184858.00000000
2023-03-25 17:00:00,0.63630000,0.65780000,0.62670000,0.64010000,18163413.00000000
2023-03-26 17:00:00,0.64170000,0.65540000,0.58600000,0.60450000,30435856.00000000
2023-03-27 17:00:00,0.60540000,0.62750000,0.59100000,0.62590000,17688619.00000000
2023-03-28 17:00:00,0.62550000,0.65000000,0.62180000,0.64570000,23598833.00000000
2023-03-29 17:00:00,0.64570000,0.65660000,0.61700000,0.63040000,19286086.00000000
2023-03-30 17:00:00,0.63160000,0.72800000,0.62820000,0.68220000,260148674.00000000
2023-03-31 17:00:00,0.68260000,0.81980000,0.67740000,0.74100000,302841847.00000000
2023-04-01 17:00:00,0.74090000,0.75170000,0.67460000,0.68600000,57505125.00000000
2023-04-02 17:00:00,0.68600000,0.68760000,0.64150000,0.65710000,56875741.00000000
2023-04-03 17:00:00,0.65940000,0.70380000,0.65940000,0.68460000,49595513.00000000
2023-04-04 17:00:00,0.68350000,0.73650000,0.67730000,0.71600000,60731369.00000000
2023-04-05 17:00:00,0.71490000,0.71490000,0.68050000,0.70080000,26930571.00000000
2023-04-06 17:00:00,0.70200000,0.70790000,0.68020000,0.69540000,10320043.00000000
2023-04-07 17:00:00,0.69540000,0.71470000,0.68920000,0.70240000,19867939.00000000
2023-04-08 17:00:00,0.70160000,0.70350000,0.67780000,0.69530000,15635513.00000000
2023-04-09 17:00:00,0.69610000,0.72500000,0.69080000,0.72030000,51792024.00000000
2023-04-10 17:00:00,0.71970000,0.73000000,0.71120000,0.72070000,18147414.00000000
2023-04-11 17:00:00,0.71930000,0.71930000,0.68000000,0.70810000,17203633.00000000
2023-04-12 17:00:00,0.70840000,0.71570000,0.69290000,0.71350000,15751292.00000000
2023-04-13 17:00:00,0.71400000,0.73220000,0.69930000,0.72800000,25614999.00000000
2023-04-14 17:00:00,0.72810000,0.77700000,0.71390000,0.75000000,72906774.00000000
2023-04-15 17:00:00,0.74960000,0.75370000,0.73000000,0.74670000,26144031.00000000
2023-04-16 17:00:00,0.74610000,0.74710000,0.71720000,0.73020000,21110622.00000000
2023-04-17 17:00:00,0.73010000,0.76850000,0.72100000,0.75660000,29870322.00000000
2023-04-18 17:00:00,0.75620000,0.77810000,0.69280000,0.71860000,49132657.00000000
2023-04-19 17:00:00,0.71730000,0.72780000,0.69370000,0.70520000,17820665.00000000
2023-04-20 17:00:00,0.70440000,0.72190000,0.67270000,0.68370000,12957860.00000000
2023-04-21 17:00:00,0.68560000,0.70550000,0.68020000,0.70300000,7126135.00000000
2023-04-22 17:00:00,0.69920000,0.69920000,0.66000000,0.68370000,10777828.00000000
2023-04-23 17:00:00,0.68370000,0.68550000,0.64640000,0.65720000,17456235.00000000
2023-04-24 17:00:00,0.65720000,0.66500000,0.62990000,0.66290000,10158701.00000000
2023-04-25 17:00:00,0.66070000,0.68240000,0.61460000,0.64750000,13901259.00000000
2023-04-26 17:00:00,0.64560000,0.66300000,0.63320000,0.65250000,6859368.00000000
2023-04-27 17:00:00,0.65180000,0.65300000,0.63350000,0.65260000,5278429.00000000
2023-04-28 17:00:00,0.64930000,0.65850000,0.64720000,0.65540000,6356899.00000000
2023-04-29 17:00:00,0.65420000,0.65720000,0.63750000,0.64260000,4062790.00000000
2023-04-30 17:00:00,0.64290000,0.64460000,0.61000000,0.61600000,7911666.00000000
2023-05-01 17:00:00,0.61570000,0.62010000,0.60110000,0.61780000,6152490.00000000
2023-05-02 17:00:00,0.61780000,0.62960000,0.59300000,0.62090000,6894484.00000000
2023-05-03 17:00:00,0.62100000,0.62120000,0.60140000,0.60870000,4646916.00000000
2023-05-04 17:00:00,0.60870000,0.62710000,0.60410000,0.62420000,7977542.00000000
2023-05-05 17:00:00,0.62450000,0.62720000,0.59360000,0.60580000,24876516.00000000
2023-05-06 17:00:00,0.60490000,0.60710000,0.59580000,0.59580000,3596439.00000000
2023-05-07 17:00:00,0.59910000,0.60220000,0.53000000,0.55070000,8185269.00000000
2023-05-08 17:00:00,0.55040000,0.55920000,0.54410000,0.55320000,5368604.00000000
2023-05-09 17:00:00,0.55250000,0.57570000,0.54310000,0.57080000,9125030.00000000
2023-05-10 17:00:00,0.57040000,0.57040000,0.53680000,0.54800000,7266599.00000000
2023-05-11 17:00:00,0.54770000,0.56820000,0.52100000,0.56820000,12711302.00000000
2023-05-12 17:00:00,0.56790000,0.56850000,0.54750000,0.54790000,6966853.00000000
2023-05-13 17:00:00,0.54800000,0.55700000,0.54250000,0.55250000,6964148.00000000
2023-05-14 17:00:00,0.55460000,0.61000000,0.54570000,0.56420000,123093755.00000000
2023-05-15 17:00:00,0.56490000,0.56490000,0.53450000,0.54860000,25018136.00000000
2023-05-16 17:00:00,0.54900000,0.55520000,0.52270000,0.55050000,14256491.00000000
2023-05-17 17:00:00,0.54990000,0.55140000,0.52740000,0.53750000,12626937.00000000
2023-05-18 17:00:00,0.53790000,0.54610000,0.52960000,0.54310000,10387696.00000000
2023-05-19 17:00:00,0.54300000,0.54500000,0.53500000,0.54280000,9500925.00000000
2023-05-20 17:00:00,0.54390000,0.54500000,0.52450000,0.52860000,6552842.00000000
2023-05-21 17:00:00,0.53020000,0.53360000,0.51810000,0.52890000,5172608.00000000
2023-05-22 17:00:00,0.52630000,0.54990000,0.52450000,0.53940000,19648659.00000000
2023-05-23 17:00:00,0.53900000,0.54000000,0.51050000,0.52400000,10366360.00000000
2023-05-24 17:00:00,0.52390000,0.53120000,0.50670000,0.52810000,7583678.00000000
2023-05-25 17:00:00,0.52820000,0.53640000,0.52210000,0.53400000,7134000.00000000
2023-05-26 17:00:00,0.53340000,0.53980000,0.53210000,0.53850000,6982716.00000000
2023-05-27 17:00:00,0.53720000,0.55830000,0.52730000,0.55110000,17798945.00000000
2023-05-28 17:00:00,0.55110000,0.57810000,0.54200000,0.55720000,69507600.00000000
2023-05-29 17:00:00,0.55700000,0.56040000,0.54900000,0.56000000,16326480.00000000
2023-05-30 17:00:00,0.56020000,0.56320000,0.53470000,0.54530000,10967917.00000000
2023-05-31 17:00:00,0.54530000,0.54600000,0.53200000,0.53500000,11004410.00000000
2023-06-01 17:00:00,0.53610000,0.55150000,0.53000000,0.54960000,13550349.00000000
2023-06-02 17:00:00,0.54710000,0.56160000,0.53790000,0.54640000,41567411.00000000
2023-06-03 17:00:00,0.54750000,0.56060000,0.54470000,0.54910000,16803405.00000000
2023-06-04 17:00:00,0.55050000,0.55090000,0.49560000,0.50930000,20181897.00000000
2023-06-05 17:00:00,0.50890000,0.53880000,0.50170000,0.53650000,13803236.00000000
2023-06-06 17:00:00,0.53490000,0.55700000,0.52620000,0.55390000,14949517.00000000
2023-06-07 17:00:00,0.55370000,0.58330000,0.54420000,0.55910000,62373632.00000000
2023-06-08 17:00:00,0.55770000,0.56080000,0.54700000,0.55690000,19140594.00000000
2023-06-09 17:00:00,0.55680000,0.55680000,0.40710000,0.48140000,23132155.00000000
2023-06-10 17:00:00,0.48140000,0.49550000,0.47870000,0.48770000,6383104.00000000
2023-06-11 17:00:00,0.48690000,0.48740000,0.47000000,0.48040000,9574493.00000000
2023-06-12 17:00:00,0.48220000,0.49440000,0.47240000,0.48100000,13861241.00000000
2023-06-13 17:00:00,0.48130000,0.48490000,0.44690000,0.45580000,9760660.00000000
2023-06-14 17:00:00,0.45550000,0.46800000,0.44770000,0.45820000,5984515.00000000
2023-06-15 17:00:00,0.45880000,0.47460000,0.44880000,0.47160000,8552072.00000000
2023-06-16 17:00:00,0.47070000,0.48550000,0.47000000,0.47390000,4795438.00000000
2023-06-17 17:00:00,0.47430000,0.48510000,0.47000000,0.47370000,9161026.00000000
2023-06-18 17:00:00,0.47310000,0.47880000,0.45730000,0.47100000,21758700.00000000
2023-06-19 17:00:00,0.47000000,0.49270000,0.46690000,0.49120000,22043406.00000000
2023-06-20 17:00:00,0.49040000,0.52100000,0.48880000,0.51740000,17709873.00000000
2023-06-21 17:00:00,0.51810000,0.55310000,0.51780000,0.54650000,25532031.00000000
2023-06-22 17:00:00,0.54690000,0.62570000,0.54510000,0.59690000,122801466.00000000
2023-06-23 17:00:00,0.59690000,0.71870000,0.59540000,0.67940000,287830310.00000000
2023-06-24 17:00:00,0.67960000,0.75000000,0.62600000,0.64620000,162792535.00000000
2023-06-25 17:00:00,0.64700000,0.69300000,0.63080000,0.64280000,73005655.00000000
2023-06-26 17:00:00,0.64220000,0.66590000,0.63550000,0.64240000,49294988.00000000
2023-06-27 17:00:00,0.64110000,0.64110000,0.58700000,0.60400000,27493941.00000000
2023-06-28 17:00:00,0.60360000,0.62570000,0.59970000,0.60790000,13547820.00000000
2023-06-29 17:00:00,0.60700000,0.62970000,0.57100000,0.61750000,22168393.00000000
2023-06-30 17:00:00,0.61910000,0.63100000,0.60800000,0.63100000,13224296.00000000
2023-07-01 17:00:00,0.63100000,0.63110000,0.60630000,0.61490000,6523140.00000000
2023-07-02 17:00:00,0.61490000,0.63230000,0.61090000,0.62880000,19368149.00000000
2023-07-03 17:00:00,0.62880000,0.67740000,0.61250000,0.66480000,123621350.00000000
2023-07-04 17:00:00,0.66450000,0.72000000,0.63780000,0.64500000,175007498.00000000
2023-07-05 17:00:00,0.64450000,0.65370000,0.60760000,0.60810000,25971664.00000000
2023-07-06 17:00:00,0.60910000,0.61640000,0.59960000,0.61460000,7647773.00000000
2023-07-07 17:00:00,0.61620000,0.61790000,0.59810000,0.60780000,8657180.00000000
2023-07-08 17:00:00,0.60840000,0.61750000,0.60500000,0.60520000,7642943.00000000
2023-07-09 17:00:00,0.60400000,0.64380000,0.58710000,0.63120000,39968518.00000000
2023-07-10 17:00:00,0.63070000,0.64560000,0.61660000,0.64490000,49675384.00000000
2023-07-11 17:00:00,0.64450000,0.66450000,0.63900000,0.64920000,23335503.00000000
2023-07-12 17:00:00,0.65020000,0.67990000,0.63570000,0.67820000,17183568.00000000
2023-07-13 17:00:00,0.67910000,0.69500000,0.64090000,0.67150000,18242593.00000000
2023-07-14 17:00:00,0.66860000,0.70690000,0.66420000,0.69140000,34929970.00000000
2023-07-15 17:00:00,0.69300000,0.71030000,0.66730000,0.67050000,20067165.00000000
2023-07-16 17:00:00,0.67010000,0.68570000,0.65510000,0.68540000,8405642.00000000
2023-07-17 17:00:00,0.68530000,0.68890000,0.67150000,0.68470000,13519679.00000000
2023-07-18 17:00:00,0.68330000,0.69500000,0.67460000,0.68000000,10913237.00000000
2023-07-19 17:00:00,0.68050000,0.69680000,0.66990000,0.68070000,11693063.00000000
2023-07-20 17:00:00,0.68070000,0.69390000,0.67380000,0.69190000,6475647.00000000
2023-07-21 17:00:00,0.69400000,0.70210000,0.68320000,0.68870000,8674493.00000000
2023-07-22 17:00:00,0.69090000,0.75750000,0.68920000,0.70660000,135716446.00000000
2023-07-23 17:00:00,0.70660000,0.70670000,0.66190000,0.67780000,13067856.00000000
2023-07-24 17:00:00,0.67890000,0.68000000,0.66170000,0.67040000,9092697.00000000
2023-07-25 17:00:00,0.67090000,0.72250000,0.66910000,0.70200000,64183451.00000000
2023-07-26 17:00:00,0.70330000,0.70480000,0.67550000,0.68360000,12176269.00000000
2023-07-27 17:00:00,0.68400000,0.70600000,0.67610000,0.70530000,9161865.00000000
2023-07-28 17:00:00,0.70560000,0.74120000,0.70180000,0.73870000,38584539.00000000
2023-07-29 17:00:00,0.73810000,0.73810000,0.68200000,0.69600000,22645068.00000000
2023-07-30 17:00:00,0.69650000,0.70530000,0.68010000,0.69300000,6726279.00000000
2023-07-31 17:00:00,0.69000000,0.69080000,0.65000000,0.68630000,8446177.00000000
2023-08-01 17:00:00,0.68630000,0.68700000,0.65990000,0.66580000,6470075.00000000
2023-08-02 17:00:00,0.66510000,0.67090000,0.65760000,0.66630000,4489496.00000000
2023-08-03 17:00:00,0.66710000,0.66940000,0.65230000,0.66100000,3656559.00000000
2023-08-04 17:00:00,0.66110000,0.66780000,0.65720000,0.66560000,4657155.00000000
2023-08-05 17:00:00,0.66480000,0.66870000,0.65060000,0.65860000,10074508.00000000
2023-08-06 17:00:00,0.65870000,0.66440000,0.64040000,0.66360000,6635522.00000000
2023-08-07 17:00:00,0.66300000,0.66800000,0.64940000,0.66570000,6229576.00000000
2023-08-08 17:00:00,0.66650000,0.66810000,0.65350000,0.65870000,4783094.00000000
2023-08-09 17:00:00,0.65950000,0.66540000,0.65710000,0.66070000,6149272.00000000
2023-08-10 17:00:00,0.66090000,0.66230000,0.65300000,0.65940000,4749685.00000000
2023-08-11 17:00:00,0.65800000,0.66000000,0.65610000,0.65980000,3963685.00000000
2023-08-12 17:00:00,0.65990000,0.66550000,0.65110000,0.65890000,16937907.00000000
2023-08-13 17:00:00,0.65640000,0.66230000,0.64910000,0.65940000,8472698.00000000
2023-08-14 17:00:00,0.65880000,0.65880000,0.60000000,0.62180000,7319534.00000000
2023-08-15 17:00:00,0.62180000,0.62190000,0.56920000,0.58050000,9537929.00000000
2023-08-16 17:00:00,0.58480000,0.59210000,0.47560000,0.52750000,12710270.00000000
2023-08-17 17:00:00,0.52520000,0.54740000,0.52170000,0.54620000,7137647.00000000
2023-08-18 17:00:00,0.54740000,0.56230000,0.54570000,0.55810000,6002259.00000000
2023-08-19 17:00:00,0.55690000,0.57030000,0.55490000,0.56150000,3280418.00000000
2023-08-20 17:00:00,0.56130000,0.56150000,0.53310000,0.54500000,4679959.00000000
2023-08-21 17:00:00,0.54380000,0.54740000,0.52500000,0.54590000,2691680.00000000
2023-08-22 17:00:00,0.54590000,0.56490000,0.54590000,0.55730000,8295959.00000000
2023-08-23 17:00:00,0.55780000,0.56270000,0.52100000,0.53000000,4641309.00000000
2023-08-24 17:00:00,0.53010000,0.54620000,0.51810000,0.54250000,6327007.00000000
2023-08-25 17:00:00,0.54370000,0.54650000,0.54010000,0.54260000,2484215.00000000
2023-08-26 17:00:00,0.54160000,0.54480000,0.53550000,0.53760000,3436865.00000000
2023-08-27 17:00:00,0.53810000,0.53840000,0.52290000,0.52620000,4380348.00000000
2023-08-28 17:00:00,0.52680000,0.54990000,0.51210000,0.54710000,9926098.00000000
2023-08-29 17:00:00,0.54710000,0.54710000,0.52390000,0.52980000,7862074.00000000
2023-08-30 17:00:00,0.52980000,0.52980000,0.49280000,0.50230000,13618546.00000000
2023-08-31 17:00:00,0.50190000,0.50510000,0.49300000,0.49630000,4783262.00000000
2023-09-01 17:00:00,0.49630000,0.49860000,0.48460000,0.49610000,10112120.00000000
2023-09-02 17:00:00,0.49500000,0.50670000,0.48850000,0.49230000,15117101.00000000
