2021-01-28 16:00:00,1.00000000,1.00000000,0.94000000,0.96560000,3574.82090000
2021-01-29 16:00:00,0.96560000,0.96750000,0.95000000,0.95550000,1680.95980000
2021-01-30 16:00:00,0.95550000,0.96070000,0.93100000,0.94880000,2061.63810000
2021-01-31 16:00:00,0.94870000,0.95410000,0.93200000,0.93900000,2036.75990000
2021-02-01 16:00:00,0.93910000,0.96240000,0.93300000,0.96220000,3319.34440000
2021-02-02 16:00:00,0.96220000,0.96220000,0.93350000,0.94210000,3912.60120000
2021-02-03 16:00:00,0.94230000,0.95750000,0.93850000,0.94900000,2194.05830000
2021-02-04 16:00:00,0.94900000,0.97000000,0.94250000,0.95500000,4296.35600000
2021-02-05 16:00:00,0.95380000,0.96940000,0.95330000,0.96450000,1907.02310000
2021-02-06 16:00:00,0.96440000,0.96800000,0.95440000,0.96060000,2069.51860000
2021-02-07 16:00:00,0.96070000,0.96930000,0.95800000,0.96620000,2434.76830000
2021-02-08 16:00:00,0.96620000,0.97600000,0.96500000,0.97080000,2188.53380000
2021-02-09 16:00:00,0.97320000,0.97900000,0.96420000,0.96650000,3432.53330000
2021-02-10 16:00:00,0.96470000,0.97840000,0.96400000,0.97210000,1716.64620000
2021-02-11 16:00:00,0.97050000,0.97350000,0.96410000,0.96870000,1135.71280000
2021-02-12 16:00:00,0.96860000,0.97790000,0.96450000,0.97070000,2078.31480000
2021-02-13 16:00:00,0.97070000,0.97570000,0.96300000,0.96990000,2170.15530000
2021-02-14 16:00:00,0.96990000,0.97770000,0.96460000,0.97120000,2168.14420000
2021-02-15 16:00:00,0.97190000,0.97680000,0.97020000,0.97450000,1437.07650000
2021-02-16 16:00:00,0.97250000,0.97810000,0.97070000,0.97360000,2010.54410000
2021-02-17 16:00:00,0.97360000,1.00100000,0.97250000,0.99820000,16198.02680000
2021-02-18 16:00:00,0.99720000,1.00480000,0.99000000,1.00110000,26434.30960000
2021-02-19 16:00:00,1.00110000,1.00200000,0.98370000,0.99000000,10065.49500000
2021-02-20 16:00:00,0.99100000,1.00000000,0.98770000,0.99470000,5066.15090000
2021-02-21 16:00:00,0.99470000,0.99900000,0.98500000,0.99220000,8254.61120000
2021-02-22 16:00:00,0.99220000,0.99300000,0.97680000,0.98020000,7388.75240000
2021-02-23 16:00:00,0.98170000,0.98700000,0.97300000,0.97600000,3582.66850000
2021-02-24 16:00:00,0.97460000,0.99200000,0.97000000,0.98400000,3451.06910000
2021-02-25 16:00:00,0.98640000,0.98900000,0.97670000,0.98560000,3251.26150000
2021-02-26 16:00:00,0.98560000,0.98680000,0.97800000,0.98070000,2237.57790000
2021-02-27 16:00:00,0.98170000,0.98560000,0.97800000,0.97930000,2735.82660000
2021-02-28 16:00:00,0.97930000,0.98990000,0.97850000,0.98710000,2478.69200000
2021-03-01 16:00:00,0.98710000,0.99220000,0.98400000,0.98810000,1966.22070000
2021-03-02 16:00:00,0.98810000,0.98990000,0.98400000,0.98500000,3267.17600000
2021-03-03 16:00:00,0.98500000,0.98830000,0.97800000,0.97810000,2745.93110000
2021-03-04 16:00:00,0.97810000,0.98470000,0.97510000,0.97660000,3478.82140000
2021-03-05 16:00:00,0.97660000,0.98130000,0.97520000,0.97570000,2164.03720000
2021-03-06 16:00:00,0.97570000,0.97750000,0.97000000,0.97000000,3841.49470000
2021-03-07 16:00:00,0.97010000,0.97380000,0.96400000,0.96970000,2010.58180000
2021-03-08 16:00:00,0.96990000,0.97500000,0.96390000,0.96710000,2154.31320000
2021-03-09 16:00:00,0.96720000,0.97150000,0.96270000,0.96290000,1715.90730000
2021-03-10 16:00:00,0.96300000,0.97500000,0.96280000,0.96830000,1725.33290000
2021-03-11 16:00:00,0.96610000,0.97470000,0.96390000,0.96760000,2242.78900000
2021-03-12 16:00:00,0.96760000,0.97350000,0.96540000,0.96640000,1502.17920000
2021-03-13 16:00:00,0.96640000,0.97050000,0.96410000,0.96790000,1503.94910000
2021-03-14 17:00:00,0.96800000,0.96850000,0.95010000,0.96090000,3395.15530000
2021-03-15 17:00:00,0.96080000,0.96390000,0.95000000,0.95440000,2716.93980000
2021-03-16 17:00:00,0.95440000,0.95800000,0.94520000,0.94880000,1510.25650000
2021-03-17 17:00:00,0.94870000,0.95830000,0.94620000,0.95330000,1224.57630000
2021-03-18 17:00:00,0.95330000,0.97500000,0.95100000,0.96700000,5137.47030000
2021-03-19 17:00:00,0.96700000,0.97500000,0.95210000,0.96340000,3517.93180000
2021-03-20 17:00:00,0.96340000,0.96700000,0.95900000,0.96240000,1423.32970000
2021-03-21 17:00:00,0.96340000,0.96480000,0.95200000,0.95270000,2388.43870000
2021-03-22 17:00:00,0.95280000,0.95690000,0.95010000,0.95320000,1834.89420000
2021-03-23 17:00:00,0.95310000,0.95580000,0.94720000,0.94730000,2238.42600000
2021-03-24 17:00:00,0.94730000,0.95260000,0.94610000,0.95060000,1889.12140000
2021-03-25 17:00:00,0.95190000,0.96000000,0.94690000,0.95620000,1991.48570000
2021-03-26 17:00:00,0.95620000,0.95980000,0.95000000,0.95610000,1921.70240000
2021-03-27 17:00:00,0.95610000,0.96810000,0.95610000,0.96310000,2128.55540000
2021-03-28 17:00:00,0.96310000,0.96900000,0.95670000,0.95920000,2032.67400000
2021-03-29 17:00:00,0.95910000,0.96260000,0.95610000,0.95610000,1524.75430000
2021-03-30 17:00:00,0.95620000,0.95850000,0.95520000,0.95520000,1935.55740000
2021-03-31 17:00:00,0.95550000,0.95810000,0.95110000,0.95160000,1060.87370000
2021-04-01 17:00:00,0.95270000,0.95490000,0.95140000,0.95220000,2005.03560000
2021-04-02 17:00:00,0.95300000,0.95390000,0.94560000,0.94710000,3206.72130000
2021-04-03 17:00:00,0.94720000,0.95290000,0.94610000,0.94770000,1198.31950000
2021-04-04 17:00:00,0.94770000,0.94970000,0.94440000,0.94710000,1392.56020000
2021-04-05 17:00:00,0.94720000,0.95500000,0.93900000,0.94030000,2486.09470000
2021-04-06 17:00:00,0.94030000,0.94900000,0.93500000,0.94290000,3497.65830000
2021-04-07 17:00:00,0.94280000,0.94590000,0.93870000,0.94490000,2450.08080000
2021-04-08 17:00:00,0.94540000,0.96800000,0.94050000,0.96640000,9504.28290000
2021-04-09 17:00:00,0.96590000,0.96800000,0.95160000,0.95160000,3572.56660000
2021-04-10 17:00:00,0.95160000,0.95690000,0.95140000,0.95160000,3823.13270000
2021-04-11 17:00:00,0.95190000,0.95610000,0.94660000,0.95260000,4016.61530000
2021-04-12 17:00:00,0.95260000,0.96000000,0.94520000,0.94890000,3282.19480000
2021-04-13 17:00:00,0.94820000,0.95440000,0.94490000,0.94850000,2194.56430000
2021-04-14 17:00:00,0.94830000,0.95040000,0.94150000,0.94470000,1887.92600000
2021-04-15 17:00:00,0.94530000,0.95010000,0.94000000,0.94100000,2647.00670000
2021-04-16 17:00:00,0.94140000,0.95000000,0.93510000,0.93850000,3206.06050000
2021-04-17 17:00:00,0.93790000,0.93980000,0.88840000,0.93790000,4666.29220000
2021-04-18 17:00:00,0.93790000,0.93800000,0.89990000,0.91390000,3820.06600000
2021-04-19 17:00:00,0.91390000,0.92810000,0.90100000,0.92360000,2195.70370000
2021-04-20 17:00:00,0.92360000,0.94440000,0.92100000,0.94440000,3017.94960000
2021-04-21 17:00:00,0.94370000,0.94530000,0.92230000,0.92500000,4490.20830000
2021-04-22 17:00:00,0.92500000,0.93120000,0.91430000,0.93070000,5057.66110000
2021-04-23 17:00:00,0.93070000,0.95000000,0.93060000,0.94030000,2483.29060000
2021-04-24 17:00:00,0.93980000,0.94900000,0.93590000,0.94100000,1686.53860000
2021-04-25 17:00:00,0.94100000,0.95030000,0.93610000,0.94460000,3041.80630000
2021-04-26 17:00:00,0.94480000,0.94810000,0.93150000,0.94110000,3203.29390000
2021-04-27 17:00:00,0.94150000,0.94780000,0.93450000,0.94300000,2757.53890000
2021-04-28 17:00:00,0.94300000,0.94800000,0.93350000,0.94120000,3719.40790000
2021-04-29 17:00:00,0.94120000,0.95000000,0.93930000,0.94660000,2679.72310000
2021-04-30 17:00:00,0.94550000,0.94800000,0.93550000,0.94110000,2316.63130000
2021-05-01 17:00:00,0.94080000,0.94370000,0.93600000,0.93860000,1523.74710000
2021-05-02 17:00:00,0.93900000,0.94110000,0.93000000,0.93210000,4910.25500000
2021-05-03 17:00:00,0.93150000,0.94490000,0.93110000,0.93970000,4950.96590000
2021-05-04 17:00:00,0.93880000,0.94580000,0.93610000,0.94100000,4829.11910000
2021-05-05 17:00:00,0.94100000,0.94950000,0.94000000,0.94790000,5876.76960000
2021-05-06 17:00:00,0.94790000,0.94800000,0.94000000,0.94310000,2421.07150000
2021-05-07 17:00:00,0.94320000,0.94680000,0.94060000,0.94060000,4887.21240000
2021-05-08 17:00:00,0.94080000,0.94420000,0.93450000,0.93870000,7093.94250000
2021-05-09 17:00:00,0.93880000,0.95550000,0.93510000,0.93900000,9861.40370000
2021-05-10 17:00:00,0.93910000,0.94300000,0.93620000,0.93990000,1739.11600000
2021-05-11 17:00:00,0.93990000,0.94320000,0.93560000,0.93820000,3647.50080000
2021-05-12 17:00:00,0.93810000,0.94260000,0.92800000,0.93410000,10056.69220000
2021-05-13 17:00:00,0.93490000,0.94520000,0.93380000,0.93920000,4671.84540000
2021-05-14 17:00:00,0.93930000,0.94170000,0.93330000,0.93330000,2824.16750000
2021-05-15 17:00:00,0.93350000,0.93620000,0.93030000,0.93250000,3303.42260000
2021-05-16 17:00:00,0.93260000,0.93650000,0.92700000,0.92950000,5207.65400000
2021-05-17 17:00:00,0.92950000,0.93520000,0.92910000,0.93060000,2549.14360000
2021-05-18 17:00:00,0.92990000,0.93600000,0.89900000,0.91350000,17928.94120000
2021-05-19 17:00:00,0.91360000,0.92380000,0.90830000,0.91950000,4786.52260000
2021-05-20 17:00:00,0.91900000,0.93000000,0.89930000,0.91460000,10493.43710000
2021-05-21 17:00:00,0.91470000,0.92500000,0.90200000,0.91880000,6583.69080000
2021-05-22 17:00:00,0.91890000,0.92170000,0.89120000,0.91010000,10544.06210000
2021-05-23 17:00:00,0.91060000,0.92040000,0.90700000,0.91480000,4020.23310000
2021-05-24 17:00:00,0.91500000,0.92150000,0.91010000,0.91030000,3574.49470000
2021-05-25 17:00:00,0.91050000,0.91990000,0.90850000,0.91240000,1979.50300000
2021-05-26 17:00:00,0.91180000,0.92100000,0.91000000,0.91320000,1855.60070000
2021-05-27 17:00:00,0.91370000,0.92720000,0.91300000,0.92600000,2733.07130000
2021-05-28 17:00:00,0.92600000,0.92900000,0.91990000,0.92900000,2309.58740000
2021-05-29 17:00:00,0.92900000,0.93080000,0.92580000,0.93050000,2037.74390000
2021-05-30 17:00:00,0.93050000,0.94000000,0.92900000,0.93740000,2765.21430000
2021-05-31 17:00:00,0.93750000,0.94370000,0.93500000,0.94010000,2400.54560000
2021-06-01 17:00:00,0.94050000,0.94550000,0.93500000,0.94000000,2412.31270000
2021-06-02 17:00:00,0.93960000,0.94250000,0.93450000,0.94110000,1314.50560000
2021-06-03 17:00:00,0.94160000,0.94240000,0.93530000,0.93880000,1480.14210000
2021-06-04 17:00:00,0.93850000,0.94200000,0.93500000,0.93700000,1399.26970000
2021-06-05 17:00:00,0.93780000,0.94120000,0.93670000,0.93780000,793.97220000
2021-06-06 17:00:00,0.93820000,0.94470000,0.93770000,0.94250000,2792.74080000
2021-06-07 17:00:00,0.94250000,0.95870000,0.93900000,0.94490000,11596.81450000
2021-06-08 17:00:00,0.94490000,0.95140000,0.94360000,0.94780000,2229.00410000
2021-06-09 17:00:00,0.94780000,0.95000000,0.94230000,0.94820000,2355.50820000
2021-06-10 17:00:00,0.94830000,0.94920000,0.94190000,0.94400000,2409.81260000
2021-06-11 17:00:00,0.94400000,0.94890000,0.94190000,0.94890000,2571.18250000
2021-06-12 17:00:00,0.94860000,0.94940000,0.94500000,0.94650000,1560.75050000
2021-06-13 17:00:00,0.94630000,0.95350000,0.94300000,0.94960000,1922.48760000
2021-06-14 17:00:00,0.94940000,0.95300000,0.94510000,0.94710000,1122.23290000
2021-06-15 17:00:00,0.94640000,0.95300000,0.94500000,0.94600000,2369.67920000
2021-06-16 17:00:00,0.94600000,0.95350000,0.94600000,0.95300000,2453.76740000
2021-06-17 17:00:00,0.95300000,0.95820000,0.95110000,0.95740000,2991.06600000
2021-06-18 17:00:00,0.95740000,0.96500000,0.95680000,0.96360000,5965.24570000
2021-06-19 17:00:00,0.96380000,0.96490000,0.95480000,0.95480000,2285.29050000
2021-06-20 17:00:00,0.95500000,0.96500000,0.95240000,0.95260000,4256.39420000
2021-06-21 17:00:00,0.95260000,0.95610000,0.93670000,0.95210000,9143.49670000
2021-06-22 17:00:00,0.95210000,0.95510000,0.94400000,0.94620000,1658.36050000
2021-06-23 17:00:00,0.94620000,0.95250000,0.94350000,0.95130000,2348.86290000
2021-06-24 17:00:00,0.95130000,0.95650000,0.94590000,0.95600000,3574.85240000
2021-06-25 17:00:00,0.95600000,0.95720000,0.94810000,0.95290000,4470.63350000
2021-06-26 17:00:00,0.95290000,0.95400000,0.94910000,0.95100000,2353.06490000
2021-06-27 17:00:00,0.95100000,0.95220000,0.94460000,0.95180000,2432.56960000
2021-06-28 17:00:00,0.95180000,0.95700000,0.95180000,0.95670000,2218.80630000
2021-06-29 17:00:00,0.95670000,0.96520000,0.95500000,0.96400000,3684.25210000
2021-06-30 17:00:00,0.96400000,0.96450000,0.95910000,0.96110000,1803.01520000
2021-07-01 17:00:00,0.96110000,0.96170000,0.95510000,0.95770000,1671.83570000
2021-07-02 17:00:00,0.95770000,0.96100000,0.95580000,0.96080000,1365.02540000
2021-07-03 17:00:00,0.96010000,0.96450000,0.95600000,0.95620000,1926.10090000
2021-07-04 17:00:00,0.95630000,0.96490000,0.95620000,0.96410000,1504.22810000
2021-07-05 17:00:00,0.96390000,0.97500000,0.96260000,0.97040000,5588.09120000
2021-07-06 17:00:00,0.97050000,0.97070000,0.95950000,0.96490000,3211.13360000
2021-07-07 17:00:00,0.96490000,0.96710000,0.96000000,0.96420000,1513.00960000
2021-07-08 17:00:00,0.96420000,0.97690000,0.96200000,0.97370000,2962.27320000
2021-07-09 17:00:00,0.97370000,0.97490000,0.96910000,0.97170000,1127.68370000
2021-07-10 17:00:00,0.97170000,0.97700000,0.96800000,0.97170000,1364.93660000
2021-07-11 17:00:00,0.97180000,0.97630000,0.95620000,0.95950000,2803.11740000
2021-07-12 17:00:00,0.95930000,0.96600000,0.95230000,0.96140000,2657.00280000
2021-07-13 17:00:00,0.96140000,0.96820000,0.95800000,0.96620000,1995.02630000
2021-07-14 17:00:00,0.96620000,0.97000000,0.95850000,0.96320000,2207.48300000
2021-07-15 17:00:00,0.96320000,0.96480000,0.95100000,0.96100000,2070.85080000
2021-07-16 17:00:00,0.96070000,0.96350000,0.95880000,0.96350000,691.82360000
2021-07-17 17:00:00,0.96350000,0.97500000,0.96200000,0.97280000,4351.67690000
2021-07-18 17:00:00,0.97280000,0.97290000,0.96590000,0.97130000,1127.01080000
2021-07-19 17:00:00,0.97140000,0.97650000,0.96900000,0.97240000,3369.93090000
2021-07-20 17:00:00,0.97240000,0.98070000,0.97230000,0.97750000,5496.72080000
2021-07-21 17:00:00,0.97750000,0.97770000,0.97130000,0.97160000,1503.00850000
2021-07-22 17:00:00,0.97160000,0.97580000,0.96660000,0.97370000,990.93260000
2021-07-23 17:00:00,0.97370000,0.97600000,0.97160000,0.97410000,1104.53150000
2021-07-24 17:00:00,0.97410000,0.97890000,0.97100000,0.97450000,1142.34080000
2021-07-25 17:00:00,0.97420000,0.97790000,0.96840000,0.97380000,1825.97650000
2021-07-26 17:00:00,0.97380000,0.98090000,0.97300000,0.97900000,3181.66170000
2021-07-27 17:00:00,0.97910000,0.98470000,0.97810000,0.98120000,3668.09150000
2021-07-28 17:00:00,0.98120000,0.98250000,0.97990000,0.98190000,1328.29270000
2021-07-29 17:00:00,0.98190000,0.98230000,0.97950000,0.97980000,2358.51070000
2021-07-30 17:00:00,0.97980000,0.98250000,0.97490000,0.97780000,1870.89530000
2021-07-31 17:00:00,0.97780000,0.97910000,0.97130000,0.97220000,2051.00510000
2021-08-01 17:00:00,0.97340000,0.97690000,0.97180000,0.97260000,1179.79750000
2021-08-02 17:00:00,0.97210000,0.97390000,0.97020000,0.97040000,1063.15410000
2021-08-03 17:00:00,0.97040000,0.97390000,0.96800000,0.96930000,2051.83960000
2021-08-04 17:00:00,0.96930000,0.97360000,0.96720000,0.97050000,1563.33790000
2021-08-05 17:00:00,0.97060000,0.97710000,0.97050000,0.97280000,1381.81310000
2021-08-06 17:00:00,0.97280000,0.97460000,0.96810000,0.96890000,2082.39120000
2021-08-07 17:00:00,0.96980000,0.97310000,0.96810000,0.97030000,1319.92070000
2021-08-08 17:00:00,0.97030000,0.97600000,0.96980000,0.97360000,1586.19870000
2021-08-09 17:00:00,0.97330000,0.97460000,0.97040000,0.97160000,1298.26590000
2021-08-10 17:00:00,0.97160000,0.97400000,0.97150000,0.97300000,1328.87590000
2021-08-11 17:00:00,0.97260000,0.97400000,0.96860000,0.97040000,1534.91530000
2021-08-12 17:00:00,0.97020000,0.97240000,0.97000000,0.97180000,1349.55480000
2021-08-13 17:00:00,0.97100000,0.97240000,0.96900000,0.97030000,1124.42190000
2021-08-14 17:00:00,0.96970000,0.97230000,0.96890000,0.97030000,1350.51220000
2021-08-15 17:00:00,0.97030000,0.97240000,0.96850000,0.96940000,1806.65670000
2021-08-16 17:00:00,0.96890000,0.97200000,0.96800000,0.96840000,1625.10820000
2021-08-17 17:00:00,0.96830000,0.97180000,0.96800000,0.97000000,1095.51180000
2021-08-18 17:00:00,0.97000000,0.97170000,0.96850000,0.96910000,1272.71520000
2021-08-19 17:00:00,0.96910000,0.97470000,0.96880000,0.97050000,2250.06690000
2021-08-20 17:00:00,0.97100000,0.97500000,0.96800000,0.96960000,1970.13800000
2021-08-21 17:00:00,0.96960000,0.97160000,0.96900000,0.96910000,846.74170000
2021-08-22 17:00:00,0.96910000,0.97160000,0.96900000,0.97040000,1485.96330000
2021-08-23 17:00:00,0.97040000,0.97170000,0.96900000,0.96920000,1232.70880000
2021-08-24 17:00:00,0.96910000,0.97050000,0.96870000,0.96910000,1338.70650000
2021-08-25 17:00:00,0.96910000,0.97050000,0.96900000,0.96930000,933.07870000
2021-08-26 17:00:00,0.96930000,0.97050000,0.96860000,0.96870000,5005.72230000
2021-08-27 17:00:00,0.96870000,0.96990000,0.96550000,0.96840000,1134.60590000
2021-08-28 17:00:00,0.96790000,0.96960000,0.96150000,0.96250000,1059.80130000
2021-08-29 17:00:00,0.96380000,0.96440000,0.95820000,0.95970000,988.06610000
2021-08-30 17:00:00,0.95970000,0.96000000,0.95500000,0.95740000,1260.35240000
2021-08-31 17:00:00,0.95750000,0.96300000,0.95630000,0.95940000,2061.51980000
2021-09-01 17:00:00,0.95930000,0.96250000,0.95550000,0.95990000,2528.48650000
2021-09-02 17:00:00,0.95990000,0.96010000,0.95550000,0.95980000,2066.97830000
2021-09-03 17:00:00,0.95970000,0.96100000,0.95760000,0.96090000,1825.27620000
2021-09-04 17:00:00,0.96090000,0.96990000,0.96010000,0.96740000,2041.89330000
2021-09-05 17:00:00,0.96740000,0.96990000,0.96330000,0.96670000,1081.05540000
2021-09-06 17:00:00,0.96750000,0.96850000,0.96020000,0.96200000,2818.57930000
2021-09-07 17:00:00,0.96200000,0.96540000,0.95600000,0.95900000,2102.60330000
2021-09-08 17:00:00,0.95900000,0.96050000,0.95530000,0.95870000,1247.02960000
2021-09-09 17:00:00,0.95870000,0.96040000,0.95490000,0.95700000,1047.64340000
2021-09-10 17:00:00,0.95700000,0.97150000,0.95630000,0.96080000,2416.84330000
2021-09-11 17:00:00,0.96010000,0.96300000,0.95800000,0.96000000,1526.52140000
2021-09-12 17:00:00,0.96000000,0.96310000,0.95950000,0.96010000,1311.02010000
2021-09-13 17:00:00,0.96010000,0.96800000,0.96000000,0.96110000,1106.96100000
2021-09-14 17:00:00,0.96110000,0.96600000,0.95000000,0.95550000,1786.11390000
2021-09-15 17:00:00,0.95550000,0.96200000,0.95010000,0.95170000,1510.04380000
2021-09-16 17:00:00,0.95170000,0.95800000,0.95010000,0.95450000,1131.01330000
2021-09-17 17:00:00,0.95430000,0.96000000,0.95200000,0.95340000,914.00100000
2021-09-18 17:00:00,0.95360000,0.95570000,0.95160000,0.95340000,1143.20790000
2021-09-19 17:00:00,0.95340000,0.95430000,0.93000000,0.93030000,4907.38790000
2021-09-20 17:00:00,0.93030000,0.95360000,0.93020000,0.94380000,1891.29810000
2021-09-21 17:00:00,0.94370000,0.95290000,0.94340000,0.95290000,2465.51830000
2021-09-22 17:00:00,0.95260000,0.95790000,0.95170000,0.95610000,1226.37710000
2021-09-23 17:00:00,0.95600000,0.95760000,0.95000000,0.95510000,1427.11000000
2021-09-24 17:00:00,0.95500000,0.95710000,0.95050000,0.95170000,883.10300000
2021-09-25 17:00:00,0.95110000,0.95420000,0.94110000,0.94560000,1648.77170000
2021-09-26 17:00:00,0.94560000,0.94800000,0.93510000,0.94030000,1593.20550000
2021-09-27 17:00:00,0.94190000,0.94520000,0.93740000,0.93910000,923.44930000
2021-09-28 17:00:00,0.93910000,0.94900000,0.93910000,0.94390000,1270.55150000
2021-09-29 17:00:00,0.94230000,0.95500000,0.94230000,0.94660000,1211.11660000
2021-09-30 17:00:00,0.94680000,0.96010000,0.94640000,0.95450000,2504.00810000
2021-10-01 17:00:00,0.95440000,0.95550000,0.94900000,0.94990000,728.51470000
2021-10-02 17:00:00,0.94990000,0.95420000,0.94900000,0.94940000,764.29310000
2021-10-03 17:00:00,0.94940000,0.95200000,0.94930000,0.95190000,1025.10930000
2021-10-04 17:00:00,0.95190000,0.95330000,0.94900000,0.95000000,2135.06140000
2021-10-05 17:00:00,0.95000000,0.95200000,0.94110000,0.94480000,1473.13630000
2021-10-06 17:00:00,0.94480000,0.94980000,0.94370000,0.94800000,778.60400000
2021-10-07 17:00:00,0.94800000,0.95280000,0.94740000,0.95130000,1119.51380000
2021-10-08 17:00:00,0.95130000,0.95330000,0.95080000,0.95300000,923.07970000
2021-10-09 17:00:00,0.95310000,0.95380000,0.94720000,0.94880000,892.91190000
2021-10-10 17:00:00,0.94880000,0.95310000,0.94200000,0.94760000,1366.68610000
2021-10-11 17:00:00,0.94650000,0.95230000,0.93730000,0.93730000,2394.83800000
2021-10-12 17:00:00,0.93720000,0.94480000,0.93560000,0.93920000,1364.93810000
2021-10-13 17:00:00,0.93810000,0.94870000,0.93800000,0.93980000,819.25760000
2021-10-14 17:00:00,0.94000000,0.94270000,0.93910000,0.94030000,1317.02700000
2021-10-15 17:00:00,0.94040000,0.94300000,0.93700000,0.93880000,753.06200000
2021-10-16 17:00:00,0.93880000,0.94050000,0.93190000,0.93430000,1387.79330000
2021-10-17 17:00:00,0.93410000,0.94010000,0.93210000,0.93540000,1058.37360000
2021-10-18 17:00:00,0.93580000,0.94200000,0.93310000,0.93600000,789.30630000
2021-10-19 17:00:00,0.93600000,0.94450000,0.93320000,0.93510000,1069.65590000
2021-10-20 17:00:00,0.93510000,0.93620000,0.93270000,0.93330000,1364.26280000
2021-10-21 17:00:00,0.93330000,0.93500000,0.93000000,0.93310000,1953.69140000
2021-10-22 17:00:00,0.93300000,0.93500000,0.93010000,0.93220000,1852.57080000
2021-10-23 17:00:00,0.93220000,0.93510000,0.93050000,0.93250000,980.46920000
2021-10-24 17:00:00,0.93340000,0.93960000,0.93030000,0.93200000,761.75350000
2021-10-25 17:00:00,0.93200000,0.93490000,0.91990000,0.92970000,1917.68450000
2021-10-26 17:00:00,0.92890000,0.93900000,0.92500000,0.93120000,1669.84730000
2021-10-27 17:00:00,0.93130000,0.93640000,0.93020000,0.93550000,812.31620000
2021-10-28 17:00:00,0.93500000,0.93600000,0.92830000,0.92960000,1286.39620000
2021-10-29 17:00:00,0.93000000,0.93190000,0.92720000,0.92720000,446.18960000
2021-10-30 17:00:00,0.92720000,0.93530000,0.92720000,0.93390000,831.97060000
2021-10-31 17:00:00,0.93320000,0.93680000,0.93000000,0.93340000,1662.90750000
2021-11-01 17:00:00,0.93350000,0.93570000,0.93230000,0.93400000,834.38040000
2021-11-02 17:00:00,0.93460000,0.93580000,0.93280000,0.93300000,1604.71160000
2021-11-03 17:00:00,0.93280000,0.93610000,0.93280000,0.93390000,1362.43130000
2021-11-04 17:00:00,0.93330000,0.93620000,0.93310000,0.93340000,620.80420000
2021-11-05 17:00:00,0.93310000,0.93550000,0.93100000,0.93150000,1197.95570000
2021-11-06 17:00:00,0.93150000,0.93650000,0.93030000,0.93100000,1817.25210000
2021-11-07 16:00:00,0.93100000,0.93500000,0.93030000,0.93180000,990.32780000
2021-11-08 16:00:00,0.93130000,0.93200000,0.92730000,0.92810000,936.25600000
2021-11-09 16:00:00,0.92810000,0.93200000,0.92700000,0.92720000,1008.70380000
2021-11-10 16:00:00,0.92740000,0.93430000,0.92360000,0.92670000,1952.60270000
2021-11-11 16:00:00,0.92650000,0.94000000,0.92420000,0.92660000,2411.90020000
2021-11-12 16:00:00,0.92660000,0.93400000,0.92600000,0.93010000,1753.85480000
2021-11-13 16:00:00,0.93010000,0.93390000,0.92660000,0.92780000,494.13870000
2021-11-14 16:00:00,0.92780000,0.93470000,0.91990000,0.92730000,2275.40190000
2021-11-15 16:00:00,0.92740000,0.93310000,0.92410000,0.93070000,1254.68450000
2021-11-16 16:00:00,0.93010000,0.93090000,0.92640000,0.92700000,1398.83050000
2021-11-17 16:00:00,0.92730000,0.93000000,0.92600000,0.92640000,862.44350000
2021-11-18 16:00:00,0.92630000,0.92970000,0.92500000,0.92560000,898.28550000
2021-11-19 16:00:00,0.92640000,0.92950000,0.92200000,0.92730000,1012.99620000
2021-11-20 16:00:00,0.92640000,0.92990000,0.92030000,0.92470000,1184.18170000
2021-11-21 16:00:00,0.92340000,0.92900000,0.92270000,0.92770000,928.99180000
2021-11-22 16:00:00,0.92770000,0.92800000,0.92200000,0.92240000,898.75340000
2021-11-23 16:00:00,0.92240000,0.92650000,0.92030000,0.92050000,1543.57520000
2021-11-24 16:00:00,0.92050000,0.93000000,0.92000000,0.92140000,1380.99440000
2021-11-25 16:00:00,0.92170000,0.92760000,0.91910000,0.92100000,2387.15430000
2021-11-26 16:00:00,0.92100000,0.92600000,0.91910000,0.92230000,763.27290000
2021-11-27 16:00:00,0.92230000,0.92510000,0.92000000,0.92140000,742.80780000
2021-11-28 16:00:00,0.92190000,0.92340000,0.88800000,0.91450000,6382.46290000
2021-11-29 16:00:00,0.91450000,0.91880000,0.90800000,0.90880000,1252.83810000
2021-11-30 16:00:00,0.90900000,0.92300000,0.90000000,0.91920000,1680.04460000
2021-12-01 16:00:00,0.92030000,0.92060000,0.91500000,0.91530000,698.85010000
2021-12-02 16:00:00,0.91530000,0.92140000,0.91520000,0.91700000,1287.94180000
2021-12-03 16:00:00,0.91710000,0.92160000,0.89980000,0.91560000,4676.22470000
2021-12-04 16:00:00,0.91470000,0.92000000,0.90960000,0.91700000,1787.33690000
2021-12-05 16:00:00,0.91680000,0.92000000,0.90200000,0.91600000,1982.06100000
2021-12-06 16:00:00,0.91510000,0.91800000,0.90210000,0.91200000,1169.52780000
2021-12-07 16:00:00,0.91320000,0.91850000,0.90920000,0.91630000,1273.35950000
2021-12-08 16:00:00,0.91560000,0.91740000,0.91100000,0.91530000,858.65630000
2021-12-09 16:00:00,0.91480000,0.91900000,0.91480000,0.91590000,1044.01640000
2021-12-10 16:00:00,0.91560000,0.91890000,0.91490000,0.91510000,661.45260000
2021-12-11 16:00:00,0.91550000,0.91900000,0.91510000,0.91740000,587.42810000
2021-12-12 16:00:00,0.91730000,0.92140000,0.91480000,0.91700000,1573.26660000
2021-12-13 16:00:00,0.91620000,0.92140000,0.91500000,0.91920000,1881.08010000
2021-12-14 16:00:00,0.91920000,0.92660000,0.91920000,0.92580000,1377.11390000
2021-12-15 16:00:00,0.92580000,0.93100000,0.92470000,0.92630000,1235.07270000
2021-12-16 16:00:00,0.92530000,0.92820000,0.92430000,0.92450000,537.85670000
2021-12-17 16:00:00,0.92520000,0.92990000,0.92410000,0.92410000,656.05180000
2021-12-18 16:00:00,0.92400000,0.92410000,0.92000000,0.92090000,370.09900000
2021-12-19 16:00:00,0.92090000,0.92510000,0.92000000,0.92150000,853.25060000
2021-12-20 16:00:00,0.92150000,0.92350000,0.92000000,0.92030000,751.06500000
2021-12-21 16:00:00,0.92120000,0.93000000,0.92010000,0.92490000,911.61280000
2021-12-22 16:00:00,0.92490000,0.92700000,0.92000000,0.92500000,856.82630000
2021-12-23 16:00:00,0.92450000,0.92730000,0.92100000,0.92350000,547.26950000
2021-12-24 16:00:00,0.92370000,0.92750000,0.92290000,0.92400000,387.82650000
2021-12-25 16:00:00,0.92410000,0.92660000,0.92390000,0.92390000,473.22000000
2021-12-26 16:00:00,0.92390000,0.92490000,0.91810000,0.91970000,774.53890000
2021-12-27 16:00:00,0.91970000,0.92380000,0.91700000,0.92230000,1126.78390000
2021-12-28 16:00:00,0.92190000,0.92280000,0.91950000,0.92010000,713.82430000
2021-12-29 16:00:00,0.92010000,0.92290000,0.91870000,0.92090000,792.54570000
2021-12-30 16:00:00,0.92090000,0.92300000,0.92000000,0.92210000,443.29490000
2021-12-31 16:00:00,0.92160000,0.92800000,0.92100000,0.92750000,536.78520000
2022-01-01 16:00:00,0.92730000,0.92990000,0.92000000,0.92810000,2221.74590000
2022-01-02 16:00:00,0.92810000,0.93000000,0.92260000,0.92330000,693.01960000
2022-01-03 16:00:00,0.92340000,0.92960000,0.92300000,0.92650000,520.43550000
2022-01-04 16:00:00,0.92700000,0.92930000,0.92250000,0.92550000,1556.59620000
2022-01-05 16:00:00,0.92550000,0.92980000,0.92390000,0.92600000,1438.08510000
2022-01-06 16:00:00,0.92600000,0.92930000,0.92300000,0.92810000,1798.64190000
2022-01-07 16:00:00,0.92900000,0.93200000,0.92400000,0.92700000,1446.48400000
2022-01-08 16:00:00,0.92660000,0.92920000,0.92410000,0.92670000,490.95110000
2022-01-09 16:00:00,0.92680000,0.93260000,0.92680000,0.93050000,1178.47130000
2022-01-10 16:00:00,0.93050000,0.93430000,0.93020000,0.93290000,682.23860000
2022-01-11 16:00:00,0.93280000,0.94000000,0.93190000,0.93530000,1499.20190000
2022-01-12 16:00:00,0.93570000,0.93780000,0.93280000,0.93540000,1043.87230000
2022-01-13 16:00:00,0.93540000,0.93750000,0.93100000,0.93180000,1595.03530000
2022-01-14 16:00:00,0.93190000,0.93490000,0.93010000,0.93050000,740.95720000
2022-01-15 16:00:00,0.93040000,0.93570000,0.93000000,0.93250000,699.54550000
2022-01-16 16:00:00,0.93330000,0.93470000,0.93060000,0.93140000,815.12140000
2022-01-17 16:00:00,0.93080000,0.93600000,0.93080000,0.93390000,942.54230000
2022-01-18 16:00:00,0.93400000,0.93680000,0.93120000,0.93220000,544.78330000
2022-01-19 16:00:00,0.93210000,0.93690000,0.93180000,0.93220000,1143.21360000
2022-01-20 16:00:00,0.93220000,0.93740000,0.92950000,0.92980000,2373.19950000
2022-01-21 16:00:00,0.92970000,0.93520000,0.92760000,0.93000000,2895.13670000
2022-01-22 16:00:00,0.92960000,0.93140000,0.92700000,0.92740000,801.49600000
2022-01-23 16:00:00,0.92850000,0.94020000,0.92500000,0.94020000,3367.96050000
2022-01-24 16:00:00,0.94010000,0.94050000,0.93200000,0.93310000,1622.32190000
2022-01-25 16:00:00,0.93310000,0.93630000,0.93100000,0.93110000,1278.01990000
2022-01-26 16:00:00,0.93160000,0.93640000,0.93000000,0.93110000,1327.54940000
2022-01-27 16:00:00,0.93110000,0.93400000,0.92850000,0.93050000,1313.86240000
2022-01-28 16:00:00,0.93080000,0.93400000,0.92820000,0.93140000,623.80850000
2022-01-29 16:00:00,0.93140000,0.93480000,0.92700000,0.93190000,806.98230000
2022-01-30 16:00:00,0.93190000,0.93290000,0.92550000,0.92800000,997.54740000
2022-01-31 16:00:00,0.92800000,0.93490000,0.92590000,0.92650000,1140.57190000
2022-02-01 16:00:00,0.92630000,0.93200000,0.92500000,0.92590000,1304.30520000
2022-02-02 16:00:00,0.92560000,0.93170000,0.92510000,0.92850000,577.55730000
2022-02-03 16:00:00,0.92850000,0.93590000,0.92760000,0.92960000,1821.65780000
2022-02-04 16:00:00,0.92960000,0.93140000,0.92500000,0.92880000,1002.61810000
2022-02-05 16:00:00,0.92890000,0.93110000,0.92800000,0.92840000,390.80310000
2022-02-06 16:00:00,0.92830000,0.93360000,0.92780000,0.92940000,877.84730000
2022-02-07 16:00:00,0.92910000,0.93360000,0.92860000,0.93110000,1190.88240000
2022-02-08 16:00:00,0.93150000,0.93420000,0.93100000,0.93180000,570.52690000
2022-02-09 16:00:00,0.93200000,0.93600000,0.93100000,0.93170000,1096.46110000
2022-02-10 16:00:00,0.93170000,0.93460000,0.93020000,0.93080000,635.50180000
2022-02-11 16:00:00,0.93080000,0.93440000,0.93000000,0.93240000,703.93780000
2022-02-12 16:00:00,0.93230000,0.93610000,0.93070000,0.93370000,829.47850000
2022-02-13 16:00:00,0.93390000,0.94210000,0.93210000,0.93980000,1632.36340000
2022-02-14 16:00:00,0.93980000,0.94500000,0.93740000,0.93840000,1458.62780000
2022-02-15 16:00:00,0.93760000,0.94390000,0.93640000,0.93860000,574.70290000
2022-02-16 16:00:00,0.93860000,0.94000000,0.93650000,0.93990000,733.01020000
2022-02-17 16:00:00,0.93930000,0.93990000,0.93010000,0.93640000,1190.61280000
2022-02-18 16:00:00,0.93620000,0.93770000,0.93190000,0.93590000,519.16100000
2022-02-19 16:00:00,0.93580000,0.93650000,0.93020000,0.93110000,1016.96250000
2022-02-20 16:00:00,0.93100000,0.93710000,0.93040000,0.93110000,1069.88430000
2022-02-21 16:00:00,0.93120000,0.93500000,0.93020000,0.93370000,1396.43430000
2022-02-22 16:00:00,0.93360000,0.94000000,0.93240000,0.93750000,873.40860000
2022-02-23 16:00:00,0.93790000,0.93920000,0.93000000,0.93470000,3143.97030000
2022-02-24 16:00:00,0.93490000,0.94050000,0.93190000,0.93290000,1398.19600000
2022-02-25 16:00:00,0.93390000,0.93880000,0.93280000,0.93330000,442.79100000
2022-02-26 16:00:00,0.93340000,0.93740000,0.93130000,0.93200000,699.45880000
2022-02-27 16:00:00,0.93200000,0.93800000,0.93190000,0.93430000,1207.59870000
2022-02-28 16:00:00,0.93420000,0.93820000,0.93400000,0.93410000,1243.45300000
2022-03-01 16:00:00,0.93410000,0.93650000,0.93290000,0.93310000,969.35680000
2022-03-02 16:00:00,0.93330000,0.93500000,0.93150000,0.93270000,1240.00140000
2022-03-03 16:00:00,0.93270000,0.93630000,0.92600000,0.93310000,2938.90280000
2022-03-04 16:00:00,0.93310000,0.93490000,0.93040000,0.93300000,587.32720000
2022-03-05 16:00:00,0.93300000,0.93410000,0.93000000,0.93150000,685.62030000
2022-03-06 16:00:00,0.93150000,0.93400000,0.93040000,0.93320000,457.59540000
2022-03-07 16:00:00,0.93330000,0.93610000,0.92800000,0.93150000,1017.03560000
2022-03-08 16:00:00,0.93150000,0.93540000,0.93050000,0.93340000,764.56730000
2022-03-09 16:00:00,0.93380000,0.94350000,0.93000000,0.93840000,2201.36740000
2022-03-10 16:00:00,0.93860000,0.94180000,0.93620000,0.93880000,694.68810000
2022-03-11 16:00:00,0.93880000,0.94070000,0.93620000,0.93720000,307.37890000
2022-03-12 16:00:00,0.93730000,0.93990000,0.93470000,0.93690000,537.07910000
2022-03-13 17:00:00,0.93690000,0.93830000,0.93200000,0.93570000,2306.23650000
2022-03-14 17:00:00,0.93570000,0.93780000,0.93300000,0.93620000,905.79360000
2022-03-15 17:00:00,0.93620000,0.94500000,0.93490000,0.93950000,1786.22890000
2022-03-16 17:00:00,0.93940000,0.94500000,0.93800000,0.94420000,1320.45730000
2022-03-17 17:00:00,0.94460000,0.95120000,0.93740000,0.95070000,3288.39420000
2022-03-18 17:00:00,0.95070000,0.95600000,0.94610000,0.95330000,1557.22420000
2022-03-19 17:00:00,0.95330000,0.95880000,0.95210000,0.95460000,1286.97920000
2022-03-20 17:00:00,0.95460000,0.96000000,0.95400000,0.95750000,946.55950000
2022-03-21 17:00:00,0.95750000,0.96050000,0.95430000,0.95500000,2300.95320000
2022-03-22 17:00:00,0.95540000,0.97000000,0.95480000,0.96380000,2218.06110000
2022-03-23 17:00:00,0.96390000,0.96790000,0.96010000,0.96070000,1505.78590000
2022-03-24 17:00:00,0.96070000,0.96500000,0.96060000,0.96190000,1269.63650000
2022-03-25 17:00:00,0.96250000,0.96460000,0.96130000,0.96250000,581.40530000
2022-03-26 17:00:00,0.96240000,0.97000000,0.96140000,0.96700000,1460.06590000
2022-03-27 17:00:00,0.96710000,0.97000000,0.96540000,0.96650000,1294.76660000
2022-03-28 17:00:00,0.96720000,0.96740000,0.96260000,0.96480000,1160.50230000
2022-03-29 17:00:00,0.96380000,0.97040000,0.96360000,0.96790000,868.37900000
2022-03-30 17:00:00,0.96810000,0.97040000,0.96300000,0.96440000,846.34580000
2022-03-31 17:00:00,0.96430000,0.96650000,0.96280000,0.96320000,563.36470000
2022-04-01 17:00:00,0.96310000,0.96850000,0.96310000,0.96630000,807.85970000
2022-04-02 17:00:00,0.96650000,0.97070000,0.96570000,0.96650000,1093.63210000
2022-04-03 17:00:00,0.96650000,0.97150000,0.96600000,0.96880000,1349.83880000
2022-04-04 17:00:00,0.96880000,0.96990000,0.96610000,0.96610000,552.45890000
2022-04-05 17:00:00,0.96610000,0.96890000,0.96250000,0.96300000,1700.41800000
2022-04-06 17:00:00,0.96320000,0.96870000,0.96250000,0.96310000,847.35860000
2022-04-07 17:00:00,0.96350000,0.96930000,0.96210000,0.96220000,878.35690000
2022-04-08 17:00:00,0.96220000,0.96940000,0.96210000,0.96680000,1021.45690000
2022-04-09 17:00:00,0.96680000,0.97000000,0.96650000,0.96870000,599.99120000
2022-04-10 17:00:00,0.96880000,0.98900000,0.96810000,0.97090000,6880.64330000
2022-04-11 17:00:00,0.97100000,0.98410000,0.97090000,0.97570000,1339.72170000
2022-04-12 17:00:00,0.97600000,0.98470000,0.97520000,0.97730000,1284.52500000
2022-04-13 17:00:00,0.97740000,0.98500000,0.97600000,0.97840000,2186.76660000
2022-04-14 17:00:00,0.97840000,0.98500000,0.97500000,0.97660000,1895.77070000
2022-04-15 17:00:00,0.97660000,0.97900000,0.97510000,0.97630000,414.05190000
2022-04-16 17:00:00,0.97750000,0.97870000,0.97510000,0.97510000,308.65460000
2022-04-17 17:00:00,0.97540000,0.98100000,0.97180000,0.97740000,1621.09930000
2022-04-18 17:00:00,0.97730000,0.98200000,0.97530000,0.97600000,703.67420000
2022-04-19 17:00:00,0.97590000,0.97990000,0.97500000,0.97500000,805.17770000
2022-04-20 17:00:00,0.97510000,0.98020000,0.97440000,0.97690000,2676.76890000
2022-04-21 17:00:00,0.97560000,0.97700000,0.96900000,0.97400000,1415.52570000
2022-04-22 17:00:00,0.97460000,0.97590000,0.96800000,0.97140000,956.84030000
2022-04-23 17:00:00,0.97170000,0.97190000,0.96470000,0.96500000,1246.84480000
2022-04-24 17:00:00,0.96470000,0.98000000,0.96300000,0.97600000,3521.23990000
2022-04-25 17:00:00,0.97630000,0.98010000,0.97110000,0.97380000,2196.55760000
2022-04-26 17:00:00,0.97400000,0.98000000,0.97000000,0.97700000,2569.99300000
2022-04-27 17:00:00,0.97630000,0.98010000,0.97500000,0.97790000,1240.30770000
2022-04-28 17:00:00,0.97650000,0.98000000,0.97600000,0.97660000,1197.14030000
2022-04-29 17:00:00,0.97650000,0.97730000,0.97300000,0.97310000,764.54580000
2022-04-30 17:00:00,0.97310000,0.97460000,0.97020000,0.97170000,819.26530000
2022-05-01 17:00:00,0.97160000,0.97800000,0.97020000,0.97210000,683.42370000
2022-05-02 17:00:00,0.97210000,0.98010000,0.97210000,0.97450000,2520.04070000
2022-05-03 17:00:00,0.97450000,0.98000000,0.97320000,0.97710000,5931.07500000
2022-05-04 17:00:00,0.97710000,0.98000000,0.97100000,0.97110000,2317.03370000
2022-05-05 17:00:00,0.97110000,0.97510000,0.97060000,0.97140000,885.76720000
2022-05-06 17:00:00,0.97140000,0.97270000,0.96020000,0.96050000,4326.75290000
2022-05-07 17:00:00,0.96050000,0.96430000,0.96000000,0.96000000,2168.34780000
2022-05-08 17:00:00,0.96000000,0.96900000,0.95800000,0.95870000,7570.02520000
2022-05-09 17:00:00,0.95910000,0.96800000,0.95600000,0.96240000,3197.33100000
2022-05-10 17:00:00,0.96240000,0.96930000,0.93990000,0.95070000,10396.35420000
2022-05-11 17:00:00,0.95070000,0.95590000,0.93860000,0.95230000,11220.89240000
2022-05-12 17:00:00,0.95200000,0.96910000,0.95180000,0.96270000,2788.46450000
2022-05-13 17:00:00,0.96270000,0.96300000,0.95300000,0.95710000,1222.07200000
2022-05-14 17:00:00,0.95730000,0.96240000,0.95580000,0.96180000,920.38990000
2022-05-15 17:00:00,0.96170000,0.97930000,0.96040000,0.96960000,2801.64940000
2022-05-16 17:00:00,0.96950000,0.97800000,0.96930000,0.97050000,2428.44970000
2022-05-17 17:00:00,0.97060000,0.97220000,0.96410000,0.96450000,2103.31700000
2022-05-18 17:00:00,0.96440000,0.97030000,0.96240000,0.96730000,1502.28530000
2022-05-19 17:00:00,0.96730000,0.97300000,0.96690000,0.97180000,2050.96520000
2022-05-20 17:00:00,0.97230000,0.97240000,0.96840000,0.97000000,307.06370000
2022-05-21 17:00:00,0.96980000,0.97300000,0.96810000,0.96970000,639.63080000
2022-05-22 17:00:00,0.96960000,0.97140000,0.96740000,0.96890000,649.96560000
2022-05-23 17:00:00,0.96910000,0.97290000,0.96850000,0.97060000,1194.84100000
2022-05-24 17:00:00,0.97120000,0.97400000,0.96820000,0.97250000,2354.56610000
2022-05-25 17:00:00,0.97250000,0.97500000,0.96800000,0.97420000,2965.01430000
2022-05-26 17:00:00,0.97420000,0.97500000,0.96780000,0.96980000,2699.32330000
2022-05-27 17:00:00,0.96980000,0.97300000,0.96700000,0.97260000,1260.46740000
2022-05-28 17:00:00,0.97260000,0.97400000,0.96800000,0.97370000,1610.84540000
2022-05-29 17:00:00,0.97370000,0.97510000,0.97050000,0.97390000,1727.69460000
2022-05-30 17:00:00,0.97380000,0.97490000,0.97010000,0.97480000,2225.15580000
2022-05-31 17:00:00,0.97480000,0.97480000,0.97250000,0.97450000,856.90060000
2022-06-01 17:00:00,0.97450000,0.97650000,0.97260000,0.97460000,3000.72930000
2022-06-02 17:00:00,0.97460000,0.97460000,0.97310000,0.97420000,1415.23800000
2022-06-03 17:00:00,0.97420000,0.97450000,0.97350000,0.97430000,443.70420000
2022-06-04 17:00:00,0.97430000,0.97460000,0.97310000,0.97410000,1250.70410000
2022-06-05 17:00:00,0.97390000,0.97460000,0.97200000,0.97350000,2248.27530000
2022-06-06 17:00:00,0.97380000,0.97390000,0.96820000,0.97030000,1635.59580000
2022-06-07 17:00:00,0.97030000,0.97300000,0.96920000,0.97160000,1129.75680000
2022-06-08 17:00:00,0.97170000,0.97290000,0.97100000,0.97150000,664.51530000
2022-06-09 17:00:00,0.97160000,0.97260000,0.96190000,0.96580000,3530.78640000
2022-06-10 17:00:00,0.96580000,0.96790000,0.94000000,0.96470000,7438.67650000
2022-06-11 17:00:00,0.96480000,0.96560000,0.95510000,0.95980000,6500.49100000
2022-06-12 17:00:00,0.95980000,0.96060000,0.94660000,0.95020000,14251.80390000
2022-06-13 17:00:00,0.95010000,0.95270000,0.94540000,0.94770000,9430.29040000
2022-06-14 17:00:00,0.94770000,0.95510000,0.94550000,0.95320000,10363.64170000
2022-06-15 17:00:00,0.95310000,0.95400000,0.94800000,0.94890000,4995.95960000
2022-06-16 17:00:00,0.94900000,0.95500000,0.94500000,0.94690000,5808.52340000
2022-06-17 17:00:00,0.94690000,0.95160000,0.94000000,0.94370000,13476.53450000
2022-06-18 17:00:00,0.94370000,0.95130000,0.93000000,0.94820000,11733.95420000
2022-06-19 17:00:00,0.94830000,0.95220000,0.94640000,0.95060000,6088.98470000
2022-06-20 17:00:00,0.95060000,0.95190000,0.94600000,0.94830000,3791.68590000
2022-06-21 17:00:00,0.94830000,0.94980000,0.94550000,0.94620000,2011.86870000
2022-06-22 17:00:00,0.94630000,0.94850000,0.94580000,0.94690000,808.74350000
2022-06-23 17:00:00,0.94680000,0.95270000,0.94670000,0.95230000,3263.26900000
2022-06-24 17:00:00,0.95240000,0.95540000,0.94930000,0.95400000,1884.97660000
2022-06-25 17:00:00,0.95390000,0.95530000,0.94930000,0.95240000,1771.76150000
2022-06-26 17:00:00,0.95260000,0.95900000,0.95120000,0.95350000,2592.13810000
2022-06-27 17:00:00,0.95350000,0.95980000,0.95250000,0.95790000,1093.02530000
2022-06-28 17:00:00,0.95760000,0.96600000,0.95530000,0.96280000,2936.24690000
2022-06-29 17:00:00,0.96280000,0.97400000,0.96100000,0.96960000,3696.23460000
2022-06-30 17:00:00,0.96950000,0.97080000,0.96700000,0.96940000,543.00880000
2022-07-01 17:00:00,0.96940000,0.96960000,0.96240000,0.96470000,705.23840000
2022-07-02 17:00:00,0.96480000,0.97450000,0.95580000,0.97060000,2979.16360000
2022-07-03 17:00:00,0.97050000,0.97080000,0.96300000,0.96360000,798.68500000
2022-07-04 17:00:00,0.96360000,0.96690000,0.95830000,0.96190000,983.59540000
2022-07-05 17:00:00,0.96190000,0.96790000,0.96150000,0.96620000,804.03860000
2022-07-06 17:00:00,0.96590000,0.96850000,0.96120000,0.96310000,962.64960000
2022-07-07 17:00:00,0.96330000,0.96970000,0.96300000,0.96720000,1134.87040000
2022-07-08 17:00:00,0.96780000,0.97040000,0.96530000,0.96580000,739.75350000
2022-07-09 17:00:00,0.96580000,0.96780000,0.96530000,0.96600000,415.61020000
2022-07-10 17:00:00,0.96630000,0.96940000,0.96560000,0.96850000,321.48520000
2022-07-11 17:00:00,0.96850000,0.96990000,0.96500000,0.96650000,741.95850000
2022-07-12 17:00:00,0.96650000,0.96940000,0.96500000,0.96550000,1258.43580000
2022-07-13 17:00:00,0.96560000,0.96840000,0.96300000,0.96480000,671.82200000
2022-07-14 17:00:00,0.96450000,0.97100000,0.96400000,0.96840000,4242.03770000
2022-07-15 17:00:00,0.96840000,0.97010000,0.96410000,0.96570000,1061.02410000
2022-07-16 17:00:00,0.96570000,0.97030000,0.96400000,0.96640000,1331.22220000
2022-07-17 17:00:00,0.96680000,0.97090000,0.96510000,0.96880000,2011.75430000
2022-07-18 17:00:00,0.96880000,0.96990000,0.96510000,0.96620000,1313.98200000
2022-07-19 17:00:00,0.96740000,0.96860000,0.96040000,0.96380000,1488.69730000
2022-07-20 17:00:00,0.96410000,0.96690000,0.96320000,0.96560000,526.10930000
2022-07-21 17:00:00,0.96590000,0.96830000,0.96490000,0.96670000,1067.07690000
2022-07-22 17:00:00,0.96680000,0.96800000,0.96400000,0.96400000,819.60090000
2022-07-23 17:00:00,0.96390000,0.97050000,0.96340000,0.96870000,1339.35680000
2022-07-24 17:00:00,0.96890000,0.97000000,0.96700000,0.96800000,404.40600000
2022-07-25 17:00:00,0.96800000,0.96980000,0.96770000,0.96880000,779.21580000
2022-07-26 17:00:00,0.96880000,0.97200000,0.96710000,0.96850000,1455.64590000
2022-07-27 17:00:00,0.96840000,0.97180000,0.96710000,0.96720000,2808.18690000
2022-07-28 17:00:00,0.96710000,0.97080000,0.96690000,0.96720000,1381.78920000
2022-07-29 17:00:00,0.96720000,0.97190000,0.96700000,0.96990000,620.17850000
2022-07-30 17:00:00,0.97020000,0.97180000,0.96950000,0.97040000,465.88980000
2022-07-31 17:00:00,0.97040000,0.97300000,0.97000000,0.97060000,1473.37910000
2022-08-01 17:00:00,0.97060000,0.97300000,0.97000000,0.97140000,965.32440000
2022-08-02 17:00:00,0.97150000,0.97300000,0.97050000,0.97180000,835.56480000
2022-08-03 17:00:00,0.97110000,0.97300000,0.97060000,0.97270000,891.58430000
2022-08-04 17:00:00,0.97210000,0.97480000,0.96800000,0.96950000,2514.05980000
2022-08-05 17:00:00,0.96950000,0.97100000,0.96690000,0.96790000,1756.49940000
2022-08-06 17:00:00,0.96810000,0.97000000,0.96570000,0.96680000,1358.14050000
2022-08-07 17:00:00,0.96690000,0.96890000,0.96470000,0.96770000,1652.26450000
2022-08-08 17:00:00,0.96760000,0.96890000,0.96270000,0.96390000,3109.28330000
2022-08-09 17:00:00,0.96400000,0.96800000,0.96210000,0.96290000,3486.16730000
2022-08-10 17:00:00,0.96290000,0.96600000,0.96000000,0.96380000,3191.60630000
2022-08-11 17:00:00,0.96380000,0.97000000,0.96370000,0.96650000,1628.02180000
2022-08-12 17:00:00,0.96650000,0.96700000,0.96300000,0.96390000,1455.31240000
2022-08-13 17:00:00,0.96400000,0.96590000,0.96200000,0.96280000,1276.51780000
2022-08-14 17:00:00,0.96290000,0.96700000,0.96210000,0.96250000,1602.19740000
2022-08-15 17:00:00,0.96240000,0.96700000,0.96000000,0.96240000,1988.85310000
2022-08-16 17:00:00,0.96250000,0.96600000,0.96200000,0.96250000,653.71830000
2022-08-17 17:00:00,0.96250000,0.96400000,0.95800000,0.95900000,1282.55500000
2022-08-18 17:00:00,0.95890000,0.96390000,0.95500000,0.95560000,1722.43790000
2022-08-19 17:00:00,0.95560000,0.96690000,0.95500000,0.96230000,1388.29750000
2022-08-20 17:00:00,0.96230000,0.96300000,0.95560000,0.96200000,1479.69780000
2022-08-21 17:00:00,0.96200000,0.96500000,0.95910000,0.96210000,744.63890000
2022-08-22 17:00:00,0.96210000,0.96390000,0.95850000,0.96230000,753.50360000
2022-08-23 17:00:00,0.96240000,0.96250000,0.95900000,0.95980000,1315.50850000
2022-08-24 17:00:00,0.95990000,0.96130000,0.95800000,0.95830000,2183.56430000
2022-08-25 17:00:00,0.95830000,0.96280000,0.95820000,0.96000000,1758.12540000
2022-08-26 17:00:00,0.96030000,0.96180000,0.95200000,0.95720000,1929.23900000
2022-08-27 17:00:00,0.95770000,0.96040000,0.95100000,0.96020000,1577.58440000
2022-08-28 17:00:00,0.96010000,0.96110000,0.95600000,0.95960000,1819.51220000
2022-08-29 17:00:00,0.95930000,0.96140000,0.95650000,0.95710000,682.21950000
2022-08-30 17:00:00,0.95700000,0.96360000,0.95640000,0.95950000,1184.43300000
2022-08-31 17:00:00,0.95950000,0.96190000,0.95900000,0.96000000,757.13980000
2022-09-01 17:00:00,0.96010000,0.96200000,0.95740000,0.95770000,998.13350000
2022-09-02 17:00:00,0.95760000,0.96210000,0.95710000,0.96030000,769.97500000
2022-09-03 17:00:00,0.96030000,0.96210000,0.95300000,0.95640000,1492.41020000
2022-09-04 17:00:00,0.95650000,0.95890000,0.95070000,0.95140000,1250.52450000
2022-09-05 17:00:00,0.95380000,0.95690000,0.94900000,0.95310000,2981.78530000
2022-09-06 17:00:00,0.95310000,0.95680000,0.95070000,0.95420000,1251.24580000
2022-09-07 17:00:00,0.95410000,0.95790000,0.95020000,0.95600000,1830.50040000
2022-09-08 17:00:00,0.95600000,0.96000000,0.95300000,0.95510000,1656.64060000
2022-09-09 17:00:00,0.95500000,0.95730000,0.95300000,0.95320000,668.16080000
2022-09-10 17:00:00,0.95350000,0.97310000,0.95310000,0.96110000,4455.89320000
2022-09-11 17:00:00,0.96080000,0.96800000,0.95370000,0.95480000,3536.22900000
2022-09-12 17:00:00,0.95490000,0.96110000,0.95180000,0.95440000,3106.42350000
2022-09-13 17:00:00,0.95540000,0.96010000,0.95380000,0.95520000,3223.44140000
2022-09-14 17:00:00,0.95520000,0.97990000,0.95110000,0.97450000,13328.85660000
2022-09-15 17:00:00,0.97440000,0.97910000,0.97210000,0.97310000,2654.12010000
2022-09-16 17:00:00,0.97310000,0.98000000,0.97310000,0.97720000,3223.95960000
2022-09-17 17:00:00,0.97710000,0.98280000,0.97510000,0.97960000,3583.65500000
2022-09-18 17:00:00,0.97980000,0.98280000,0.97400000,0.98030000,4860.04950000
2022-09-19 17:00:00,0.98030000,0.98180000,0.97420000,0.97770000,1514.43040000
2022-09-20 17:00:00,0.97660000,0.98010000,0.97300000,0.97790000,2565.35470000
2022-09-21 17:00:00,0.97760000,0.97970000,0.97090000,0.97510000,2610.41090000
2022-09-22 17:00:00,0.97510000,0.97790000,0.97230000,0.97510000,1396.77900000
2022-09-23 17:00:00,0.97510000,0.97840000,0.97350000,0.97490000,917.83070000
2022-09-24 17:00:00,0.97510000,0.97910000,0.97480000,0.97840000,777.07270000
2022-09-25 17:00:00,0.97760000,0.98000000,0.97610000,0.97610000,1776.31100000
2022-09-26 17:00:00,0.97610000,0.98000000,0.97610000,0.97810000,1662.46580000
2022-09-27 17:00:00,0.97810000,0.98130000,0.97500000,0.97700000,2396.95440000
2022-09-28 17:00:00,0.97700000,0.98050000,0.97700000,0.97900000,1670.47560000
2022-09-29 17:00:00,0.97900000,0.98190000,0.97740000,0.98150000,3094.38770000
2022-09-30 17:00:00,0.98140000,0.98190000,0.97800000,0.98080000,1715.99440000
2022-10-01 17:00:00,0.98080000,0.98190000,0.97870000,0.98040000,1031.85010000
2022-10-02 17:00:00,0.98040000,0.98300000,0.97740000,0.98000000,3130.10210000
2022-10-03 17:00:00,0.98000000,0.98000000,0.97460000,0.97730000,2378.14650000
2022-10-04 17:00:00,0.97730000,0.97950000,0.97550000,0.97730000,555.79550000
2022-10-05 17:00:00,0.97730000,0.97980000,0.97400000,0.97560000,2179.62170000
2022-10-06 17:00:00,0.97560000,0.98120000,0.97540000,0.97850000,3576.73610000
2022-10-07 17:00:00,0.97790000,0.98030000,0.97660000,0.97750000,693.88280000
2022-10-08 17:00:00,0.97760000,0.98000000,0.97720000,0.97790000,496.63580000
2022-10-09 17:00:00,0.97780000,0.98200000,0.97730000,0.97900000,1017.50420000
2022-10-10 17:00:00,0.97940000,0.98200000,0.97820000,0.97840000,1022.58430000
2022-10-11 17:00:00,0.97870000,0.98140000,0.97700000,0.97810000,2054.46200000
2022-10-12 17:00:00,0.97700000,0.98030000,0.97700000,0.98030000,1196.13140000
2022-10-13 17:00:00,0.98030000,0.98080000,0.97620000,0.97940000,1822.68010000
2022-10-14 17:00:00,0.97940000,0.97970000,0.97640000,0.97850000,570.71510000
2022-10-15 17:00:00,0.97850000,0.97980000,0.97710000,0.97770000,424.16050000
2022-10-16 17:00:00,0.97770000,0.97990000,0.97670000,0.97760000,919.93120000
2022-10-17 17:00:00,0.97870000,0.98000000,0.97710000,0.97750000,1520.10040000
2022-10-18 17:00:00,0.97750000,0.98000000,0.97700000,0.97990000,1430.01860000
2022-10-19 17:00:00,0.97990000,0.98000000,0.97500000,0.97660000,2540.56710000
2022-10-20 17:00:00,0.97570000,0.98000000,0.97510000,0.97940000,2472.18450000
2022-10-21 17:00:00,0.97970000,0.97990000,0.97700000,0.97750000,703.43230000
2022-10-22 17:00:00,0.97750000,0.98220000,0.97730000,0.97850000,4032.33780000
2022-10-23 17:00:00,0.97840000,0.98500000,0.97700000,0.98030000,4717.71180000
2022-10-24 17:00:00,0.98030000,0.98500000,0.97850000,0.98050000,2241.86790000
2022-10-25 17:00:00,0.98070000,0.98900000,0.98040000,0.98310000,5859.76430000
2022-10-26 17:00:00,0.98420000,0.98580000,0.98090000,0.98190000,1478.18220000
2022-10-27 17:00:00,0.98170000,0.98510000,0.98040000,0.98350000,2055.33430000
2022-10-28 17:00:00,0.98350000,0.98470000,0.98050000,0.98120000,2281.80060000
2022-10-29 17:00:00,0.98120000,0.99000000,0.98050000,0.98440000,8827.03340000
2022-10-30 17:00:00,0.98430000,0.99240000,0.98310000,0.98580000,5493.23920000
2022-10-31 17:00:00,0.98630000,0.99400000,0.98450000,0.98680000,4426.77260000
2022-11-01 17:00:00,0.98680000,0.98990000,0.98510000,0.98790000,2503.90540000
2022-11-02 17:00:00,0.98780000,0.99140000,0.98560000,0.99020000,2418.44550000
2022-11-03 17:00:00,0.99030000,0.99050000,0.98450000,0.98760000,3061.37580000
2022-11-04 17:00:00,0.98740000,0.99250000,0.98720000,0.99030000,2645.21300000
2022-11-05 17:00:00,0.99020000,0.99120000,0.98800000,0.98880000,1814.58220000
2022-11-06 16:00:00,0.98880000,0.99190000,0.98870000,0.98970000,2341.18260000
2022-11-07 16:00:00,0.98980000,0.99200000,0.97810000,0.98100000,12319.42510000
2022-11-08 16:00:00,0.98160000,0.98830000,0.97500000,0.97570000,11909.50910000
2022-11-09 16:00:00,0.97570000,0.98290000,0.97300000,0.97590000,8553.74550000
2022-11-10 16:00:00,0.97600000,0.98270000,0.95880000,0.97000000,9372.53410000
2022-11-11 16:00:00,0.97000000,0.97600000,0.96100000,0.97480000,5697.48720000
2022-11-12 16:00:00,0.97490000,0.97830000,0.96210000,0.96280000,7871.45560000
2022-11-13 16:00:00,0.96220000,0.97800000,0.96220000,0.97010000,6251.97180000
2022-11-14 16:00:00,0.97010000,0.97400000,0.96950000,0.97180000,2576.08670000
2022-11-15 16:00:00,0.97180000,0.97600000,0.97000000,0.97070000,4401.35390000
2022-11-16 16:00:00,0.97070000,0.97420000,0.96680000,0.97100000,4022.91750000
2022-11-17 16:00:00,0.97100000,0.97390000,0.96980000,0.97200000,3098.87790000
2022-11-18 16:00:00,0.97200000,0.97410000,0.96960000,0.97090000,2085.70270000
2022-11-19 16:00:00,0.97090000,0.97240000,0.96640000,0.96900000,8893.75660000
2022-11-20 16:00:00,0.96910000,0.97300000,0.96900000,0.97230000,5552.12660000
2022-11-21 16:00:00,0.97230000,0.97610000,0.97030000,0.97120000,5129.08290000
2022-11-22 16:00:00,0.97120000,0.97550000,0.97110000,0.97220000,3977.32570000
2022-11-23 16:00:00,0.97240000,0.97740000,0.97130000,0.97560000,4456.89030000
2022-11-24 16:00:00,0.97560000,0.97700000,0.97340000,0.97390000,1595.68870000
2022-11-25 16:00:00,0.97390000,0.97700000,0.97100000,0.97420000,3137.21910000
2022-11-26 16:00:00,0.97430000,0.97680000,0.97270000,0.97540000,1511.34160000
2022-11-27 16:00:00,0.97500000,0.97800000,0.97150000,0.97360000,4185.36940000
2022-11-28 16:00:00,0.97360000,0.97580000,0.97140000,0.97330000,2055.46940000
2022-11-29 16:00:00,0.97360000,0.97680000,0.97310000,0.97410000,2329.73870000
2022-11-30 16:00:00,0.97410000,0.97580000,0.97370000,0.97380000,1723.61710000
2022-12-01 16:00:00,0.97380000,0.97680000,0.97370000,0.97410000,2437.20380000
2022-12-02 16:00:00,0.97410000,0.97700000,0.97380000,0.97540000,2415.19340000
2022-12-03 16:00:00,0.97570000,0.97640000,0.97310000,0.97640000,1822.41600000
2022-12-04 16:00:00,0.97590000,0.97760000,0.97180000,0.97350000,4662.50210000
2022-12-05 16:00:00,0.97360000,0.97760000,0.97310000,0.97540000,4020.16210000
2022-12-06 16:00:00,0.97530000,0.97930000,0.97460000,0.97710000,2095.07340000
2022-12-07 16:00:00,0.97710000,0.98100000,0.97640000,0.97830000,3428.97870000
2022-12-08 16:00:00,0.97800000,0.98350000,0.97720000,0.97840000,2466.65800000
2022-12-09 16:00:00,0.97840000,0.98150000,0.97640000,0.97740000,2596.34900000
2022-12-10 16:00:00,0.97750000,0.98060000,0.97500000,0.97900000,2497.00910000
2022-12-11 16:00:00,0.97910000,0.98010000,0.97110000,0.97140000,17194.05120000
2022-12-12 16:00:00,0.97140000,0.97150000,0.95310000,0.95820000,29639.60800000
2022-12-13 16:00:00,0.95820000,0.96500000,0.95820000,0.95960000,4808.28210000
2022-12-14 16:00:00,0.95960000,0.96500000,0.95370000,0.95480000,8358.47740000
2022-12-15 16:00:00,0.95490000,0.96480000,0.94980000,0.95400000,7273.95190000
2022-12-16 16:00:00,0.95410000,0.96300000,0.94440000,0.94600000,9021.14780000
2022-12-17 16:00:00,0.94730000,0.96050000,0.94530000,0.95160000,4018.01590000
2022-12-18 16:00:00,0.95190000,0.95900000,0.95000000,0.95020000,2575.05450000
2022-12-19 16:00:00,0.95030000,0.96190000,0.95020000,0.95980000,3345.08230000
2022-12-20 16:00:00,0.96080000,0.96080000,0.95310000,0.95410000,1146.90880000
2022-12-21 16:00:00,0.95490000,0.96080000,0.95320000,0.95320000,2191.82060000
2022-12-22 16:00:00,0.95320000,0.96280000,0.95320000,0.96040000,2000.66070000
2022-12-23 16:00:00,0.96040000,0.96140000,0.95580000,0.95690000,635.77490000
2022-12-24 16:00:00,0.95740000,0.95980000,0.95310000,0.95640000,1373.58660000
2022-12-25 16:00:00,0.95640000,0.95950000,0.95450000,0.95450000,619.28470000
2022-12-26 16:00:00,0.95450000,0.95780000,0.95410000,0.95500000,546.99410000
2022-12-27 16:00:00,0.95500000,0.95920000,0.95310000,0.95670000,2294.28010000
2022-12-28 16:00:00,0.95670000,0.95930000,0.95430000,0.95830000,1052.85560000
2022-12-29 16:00:00,0.95830000,0.96070000,0.95780000,0.96030000,2529.92050000
2022-12-30 16:00:00,0.96020000,0.96100000,0.95720000,0.95820000,562.31990000
2022-12-31 16:00:00,0.95870000,0.96180000,0.95780000,0.96000000,614.50060000
2023-01-01 16:00:00,0.96000000,0.97270000,0.95960000,0.96810000,4446.85870000
2023-01-02 16:00:00,0.96800000,0.96900000,0.95880000,0.96000000,3996.30060000
2023-01-03 16:00:00,0.95990000,0.96900000,0.95990000,0.96510000,1412.68560000
2023-01-04 16:00:00,0.96600000,0.96950000,0.96410000,0.96500000,730.53430000
2023-01-05 16:00:00,0.96500000,0.97170000,0.96400000,0.96900000,1617.74070000
2023-01-06 16:00:00,0.96900000,0.97210000,0.96800000,0.96850000,1278.21190000
2023-01-07 16:00:00,0.96850000,0.97520000,0.96840000,0.97330000,1958.51150000
2023-01-08 16:00:00,0.97330000,0.97490000,0.97000000,0.97110000,1766.49300000
2023-01-09 16:00:00,0.97120000,0.98000000,0.97080000,0.97560000,5317.79860000
2023-01-10 16:00:00,0.97560000,0.97790000,0.97310000,0.97420000,964.22600000
2023-01-11 16:00:00,0.97490000,0.97880000,0.97110000,0.97600000,2379.86650000
2023-01-12 16:00:00,0.97550000,0.98050000,0.97340000,0.97950000,3368.46390000
2023-01-13 16:00:00,0.97950000,0.98240000,0.97470000,0.97820000,3742.75380000
2023-01-14 16:00:00,0.97820000,0.97980000,0.97560000,0.97800000,1270.19790000
2023-01-15 16:00:00,0.97820000,0.98500000,0.97750000,0.98080000,4131.91070000
2023-01-16 16:00:00,0.98160000,0.98320000,0.97850000,0.98030000,1206.66090000
2023-01-17 16:00:00,0.98040000,0.98450000,0.97850000,0.97870000,2419.79740000
2023-01-18 16:00:00,0.97880000,0.98280000,0.97870000,0.98110000,759.94230000
2023-01-19 16:00:00,0.98110000,0.98600000,0.98020000,0.98200000,2336.93810000
2023-01-20 16:00:00,0.98080000,0.98650000,0.98060000,0.98230000,2055.41570000
2023-01-21 16:00:00,0.98230000,0.98500000,0.98100000,0.98340000,1455.43960000
2023-01-22 16:00:00,0.98340000,0.98490000,0.98130000,0.98260000,1024.78340000
2023-01-23 16:00:00,0.98160000,0.98380000,0.98000000,0.98010000,1569.35900000
2023-01-24 16:00:00,0.98110000,0.98600000,0.98030000,0.98300000,2993.40420000
2023-01-25 16:00:00,0.98380000,0.98700000,0.98260000,0.98270000,5789.07610000
2023-01-26 16:00:00,0.98280000,0.99010000,0.98260000,0.98610000,7162.55700000
2023-01-27 16:00:00,0.98610000,0.98990000,0.98610000,0.98750000,1047.71900000
2023-01-28 16:00:00,0.98760000,0.98950000,0.98630000,0.98860000,1087.22600000
2023-01-29 16:00:00,0.98880000,0.98950000,0.98350000,0.98420000,3014.92070000
2023-01-30 16:00:00,0.98400000,0.98890000,0.98370000,0.98370000,1405.50010000
2023-01-31 16:00:00,0.98390000,0.98880000,0.98140000,0.98630000,2600.26100000
2023-02-01 16:00:00,0.98630000,0.98920000,0.98220000,0.98410000,2872.66920000
2023-02-02 16:00:00,0.98400000,0.98870000,0.98370000,0.98640000,1240.02890000
2023-02-03 16:00:00,0.98640000,0.98680000,0.98300000,0.98420000,1891.04870000
2023-02-04 16:00:00,0.98390000,0.98730000,0.98350000,0.98400000,1183.03490000
2023-02-05 16:00:00,0.98370000,0.98730000,0.98370000,0.98510000,809.12760000
2023-02-06 16:00:00,0.98510000,0.98820000,0.98440000,0.98500000,1697.75140000
2023-02-07 16:00:00,0.98560000,0.98830000,0.98460000,0.98660000,1259.60960000
2023-02-08 16:00:00,0.98660000,0.98860000,0.98370000,0.98710000,2859.46820000
2023-02-09 16:00:00,0.98710000,0.98760000,0.98110000,0.98410000,2490.34270000
2023-02-10 16:00:00,0.98420000,0.98530000,0.98280000,0.98480000,638.80910000
2023-02-11 16:00:00,0.98480000,0.98650000,0.98300000,0.98310000,858.06490000
2023-02-12 16:00:00,0.98310000,0.98560000,0.97180000,0.98180000,6432.49180000
2023-02-13 16:00:00,0.98120000,0.98410000,0.97900000,0.98340000,1622.10260000
2023-02-14 16:00:00,0.98400000,0.98440000,0.98110000,0.98220000,1457.96650000
2023-02-15 16:00:00,0.98220000,0.98400000,0.98080000,0.98250000,2400.27210000
2023-02-16 16:00:00,0.98240000,0.98650000,0.98100000,0.98340000,2948.79100000
2023-02-17 16:00:00,0.98320000,0.98570000,0.98270000,0.98270000,1255.66290000
2023-02-18 16:00:00,0.98280000,0.98490000,0.98170000,0.98240000,1577.74040000
2023-02-19 16:00:00,0.98200000,0.98500000,0.98190000,0.98330000,1830.86410000
2023-02-20 16:00:00,0.98360000,0.98520000,0.98290000,0.98360000,2090.20490000
2023-02-21 16:00:00,0.98360000,0.98570000,0.98220000,0.98430000,2021.22260000
2023-02-22 16:00:00,0.98420000,0.98570000,0.98150000,0.98560000,2012.83240000
2023-02-23 16:00:00,0.98560000,0.98570000,0.98250000,0.98510000,1757.38280000
2023-02-24 16:00:00,0.98470000,0.98700000,0.98360000,0.98500000,2380.28640000
2023-02-25 16:00:00,0.98520000,0.98690000,0.98480000,0.98680000,1348.43140000
2023-02-26 16:00:00,0.98630000,0.98700000,0.98500000,0.98700000,2113.33150000
2023-02-27 16:00:00,0.98700000,0.98720000,0.98480000,0.98690000,1446.58510000
2023-02-28 16:00:00,0.98710000,0.98800000,0.98190000,0.98530000,5628.48100000
2023-03-01 16:00:00,0.98530000,0.98800000,0.98400000,0.98710000,1157.01930000
2023-03-02 16:00:00,0.98700000,0.98800000,0.98300000,0.98370000,2236.39680000
2023-03-03 16:00:00,0.98370000,0.98620000,0.98360000,0.98570000,650.79420000
2023-03-04 16:00:00,0.98540000,0.98680000,0.98300000,0.98480000,2233.50680000
2023-03-05 16:00:00,0.98490000,0.98630000,0.98200000,0.98310000,1727.62510000
2023-03-06 16:00:00,0.98310000,0.98580000,0.98200000,0.98210000,1012.16450000
2023-03-07 16:00:00,0.98210000,0.98440000,0.98150000,0.98220000,1509.68940000
2023-03-08 16:00:00,0.98230000,0.98390000,0.98200000,0.98330000,1428.27460000
2023-03-09 16:00:00,0.98340000,0.98540000,0.97600000,0.97980000,6309.17530000
2023-03-10 16:00:00,0.97970000,0.98080000,0.97030000,0.97430000,5941.13560000
2023-03-11 16:00:00,0.97430000,0.98220000,0.97400000,0.97920000,3417.19090000
2023-03-12 17:00:00,0.97920000,0.98190000,0.96600000,0.97450000,7780.36140000
2023-03-13 17:00:00,0.97450000,0.98090000,0.97100000,0.97930000,4494.06270000
2023-03-14 17:00:00,0.97930000,0.98000000,0.97300000,0.97550000,4587.07150000
2023-03-15 17:00:00,0.97570000,0.98120000,0.97540000,0.98060000,3443.67470000
2023-03-16 17:00:00,0.98020000,0.98880000,0.97900000,0.98670000,7385.51120000
2023-03-17 17:00:00,0.98680000,0.98900000,0.98670000,0.98790000,3749.34670000
2023-03-18 17:00:00,0.98810000,0.98900000,0.98680000,0.98730000,1873.55770000
2023-03-19 17:00:00,0.98730000,0.99190000,0.98680000,0.98740000,5378.05730000
2023-03-20 17:00:00,0.98740000,0.99100000,0.98560000,0.98740000,3052.80460000
2023-03-21 17:00:00,0.98780000,0.98960000,0.98600000,0.98920000,2419.38250000
2023-03-22 17:00:00,0.98900000,0.99200000,0.98810000,0.98930000,2802.32710000
2023-03-23 17:00:00,0.98900000,0.99150000,0.98500000,0.98750000,3377.33600000
2023-03-24 17:00:00,0.98780000,0.98870000,0.98610000,0.98790000,1187.36580000
2023-03-25 17:00:00,0.98780000,0.98870000,0.98660000,0.98820000,913.69230000
2023-03-26 17:00:00,0.98820000,0.98870000,0.97800000,0.98110000,4438.92160000
2023-03-27 17:00:00,0.98110000,0.98800000,0.97800000,0.98620000,4414.47120000
2023-03-28 17:00:00,0.98620000,0.98910000,0.98510000,0.98760000,3888.96810000
2023-03-29 17:00:00,0.98760000,0.98980000,0.98690000,0.98750000,2204.68470000
2023-03-30 17:00:00,0.98740000,0.99180000,0.98700000,0.99000000,3709.02720000
2023-03-31 17:00:00,0.98980000,0.99010000,0.98900000,0.98940000,1227.97510000
2023-04-01 17:00:00,0.98910000,0.99170000,0.98900000,0.98980000,2696.76610000
2023-04-02 17:00:00,0.99000000,0.99150000,0.98520000,0.98930000,4184.58280000
2023-04-03 17:00:00,0.98890000,0.99030000,0.98770000,0.98930000,2655.54960000
2023-04-04 17:00:00,0.98930000,0.99100000,0.98800000,0.98830000,1942.18930000
2023-04-05 17:00:00,0.98830000,0.99020000,0.98810000,0.98910000,1585.80660000
2023-04-06 17:00:00,0.98900000,0.99000000,0.97960000,0.98790000,9060.38070000
2023-04-07 17:00:00,0.98790000,0.98980000,0.98760000,0.98880000,1680.12790000
2023-04-08 17:00:00,0.98900000,0.99020000,0.98800000,0.98930000,1819.54770000
2023-04-09 17:00:00,0.98940000,0.99240000,0.98910000,0.99060000,3621.11380000
2023-04-10 17:00:00,0.99060000,0.99350000,0.99050000,0.99200000,2952.86320000
2023-04-11 17:00:00,0.99190000,0.99410000,0.99080000,0.99170000,6182.99690000
2023-04-12 17:00:00,0.99200000,0.99500000,0.99160000,0.99320000,6061.20680000
2023-04-13 17:00:00,0.99320000,0.99740000,0.99270000,0.99580000,7888.02600000
2023-04-14 17:00:00,0.99580000,0.99640000,0.99400000,0.99510000,4012.73130000
2023-04-15 17:00:00,0.99510000,0.99800000,0.99500000,0.99720000,5241.25730000
2023-04-16 17:00:00,0.99720000,0.99840000,0.99680000,0.99820000,3856.09170000
2023-04-17 17:00:00,0.99800000,0.99850000,0.99510000,0.99530000,3596.44050000
2023-04-18 17:00:00,0.99530000,0.99800000,0.99520000,0.99700000,5317.28200000
2023-04-19 17:00:00,0.99700000,0.99800000,0.99600000,0.99710000,6219.80030000
2023-04-20 17:00:00,0.99720000,0.99810000,0.99660000,0.99710000,6243.64410000
2023-04-21 17:00:00,0.99710000,0.99820000,0.99710000,0.99750000,3297.39440000
2023-04-22 17:00:00,0.99760000,0.99860000,0.99750000,0.99810000,5313.50750000
2023-04-23 17:00:00,0.99810000,0.99860000,0.99790000,0.99800000,4319.18840000
2023-04-24 17:00:00,0.99800000,0.99880000,0.99760000,0.99790000,4856.38870000
2023-04-25 17:00:00,0.99790000,0.99850000,0.99780000,0.99790000,3150.86290000
2023-04-26 17:00:00,0.99810000,0.99870000,0.99690000,0.99760000,7034.44540000
2023-04-27 17:00:00,0.99770000,0.99840000,0.99720000,0.99840000,3084.39550000
2023-04-28 17:00:00,0.99840000,0.99840000,0.99810000,0.99840000,1462.47400000
2023-04-29 17:00:00,0.99830000,0.99840000,0.99200000,0.99650000,5060.82650000
2023-04-30 17:00:00,0.99650000,0.99750000,0.99600000,0.99660000,2514.81240000
2023-05-01 17:00:00,0.99660000,0.99700000,0.99510000,0.99640000,2588.53130000
2023-05-02 17:00:00,0.99650000,0.99770000,0.99630000,0.99760000,3294.87340000
2023-05-03 17:00:00,0.99760000,0.99820000,0.99550000,0.99670000,8799.03790000
2023-05-04 17:00:00,0.99670000,0.99830000,0.99670000,0.99740000,5996.45220000
2023-05-05 17:00:00,0.99740000,0.99810000,0.99730000,0.99790000,4633.37620000
2023-05-06 17:00:00,0.99780000,0.99800000,0.99740000,0.99780000,2630.98900000
2023-05-07 17:00:00,0.99790000,0.99800000,0.99750000,0.99780000,3955.93810000
2023-05-08 17:00:00,0.99780000,0.99790000,0.99750000,0.99760000,3854.53990000
2023-05-09 17:00:00,0.99760000,0.99850000,0.99740000,0.99850000,6595.34070000
2023-05-10 17:00:00,0.99850000,0.99900000,0.99790000,0.99820000,5634.97720000
2023-05-11 17:00:00,0.99820000,0.99940000,0.99800000,0.99840000,3403.34820000
2023-05-12 17:00:00,0.99840000,0.99970000,0.99810000,0.99820000,2670.88720000
2023-05-13 17:00:00,0.99830000,0.99910000,0.99820000,0.99880000,1445.74900000
2023-05-14 17:00:00,0.99880000,0.99920000,0.99830000,0.99870000,1638.03860000
2023-05-15 17:00:00,0.99890000,0.99920000,0.99860000,0.99910000,1549.82850000
2023-05-16 17:00:00,0.99920000,0.99940000,0.99910000,0.99920000,3775.61480000
2023-05-17 17:00:00,0.99920000,1.00000000,0.99920000,0.99950000,8790.29510000
2023-05-18 17:00:00,0.99960000,0.99980000,0.99950000,0.99960000,3520.48180000
2023-05-19 17:00:00,0.99960000,0.99990000,0.99960000,0.99970000,2420.29370000
2023-05-20 17:00:00,0.99970000,0.99990000,0.99960000,0.99960000,1220.95860000
2023-05-21 17:00:00,0.99960000,0.99980000,0.99950000,0.99950000,1590.72380000
2023-05-22 17:00:00,0.99950000,0.99980000,0.99950000,0.99970000,4467.76140000
2023-05-23 17:00:00,0.99970000,0.99980000,0.99960000,0.99980000,2501.46650000
2023-05-24 17:00:00,0.99970000,0.99980000,0.99970000,0.99970000,2048.00880000
2023-05-25 17:00:00,0.99970000,0.99990000,0.99970000,0.99980000,3003.64590000
2023-05-26 17:00:00,0.99980000,0.99990000,0.99980000,0.99980000,1231.79990000
2023-05-27 17:00:00,0.99980000,0.99990000,0.99960000,0.99990000,4549.64590000
2023-05-28 17:00:00,0.99970000,1.00000000,0.99970000,0.99990000,1607.71350000
2023-05-29 17:00:00,0.99990000,1.00000000,0.99970000,0.99980000,2256.73430000
2023-05-30 17:00:00,0.99980000,1.00000000,0.99910000,0.99980000,5542.97330000
2023-05-31 17:00:00,0.99970000,0.99980000,0.99930000,0.99940000,824.68080000
2023-06-01 17:00:00,0.99940000,0.99970000,0.99940000,0.99940000,2587.61040000
2023-06-02 17:00:00,0.99940000,0.99970000,0.99930000,0.99930000,1247.49730000
2023-06-03 17:00:00,0.99930000,0.99980000,0.99930000,0.99940000,1443.29190000
2023-06-04 17:00:00,0.99940000,0.99990000,0.99410000,0.99630000,18972.69280000
2023-06-05 17:00:00,0.99640000,0.99880000,0.99230000,0.99640000,11727.49030000
2023-06-06 17:00:00,0.99640000,0.99800000,0.99410000,0.99480000,10640.68900000
2023-06-07 17:00:00,0.99480000,0.99660000,0.99250000,0.99430000,8408.58570000
2023-06-08 17:00:00,0.99420000,0.99700000,0.99400000,0.99520000,4022.26610000
2023-06-09 17:00:00,0.99590000,0.99690000,0.99320000,0.99480000,10156.73710000
2023-06-10 17:00:00,0.99480000,0.99600000,0.99370000,0.99530000,3815.26900000
2023-06-11 17:00:00,0.99540000,0.99890000,0.99420000,0.99880000,13321.61940000
2023-06-12 17:00:00,0.99880000,0.99890000,0.99680000,0.99880000,9310.24810000
2023-06-13 17:00:00,0.99880000,0.99900000,0.99780000,0.99880000,4396.31340000
2023-06-14 17:00:00,0.99890000,0.99900000,0.99800000,0.99870000,4880.35700000
2023-06-15 17:00:00,0.99890000,0.99900000,0.99700000,0.99880000,5606.52480000
2023-06-16 17:00:00,0.99850000,0.99900000,0.99800000,0.99890000,2286.22450000
2023-06-17 17:00:00,0.99880000,0.99890000,0.99850000,0.99880000,1757.02630000
2023-06-18 17:00:00,0.99880000,0.99950000,0.99880000,0.99900000,1940.94710000
2023-06-19 17:00:00,0.99900000,0.99970000,0.99870000,0.99900000,1925.18450000
2023-06-20 17:00:00,0.99900000,0.99980000,0.99800000,0.99920000,5924.92960000
2023-06-21 17:00:00,0.99950000,0.99980000,0.99800000,0.99960000,2999.23730000
2023-06-22 17:00:00,0.99960000,0.99960000,0.99790000,0.99880000,3467.55050000
2023-06-23 17:00:00,0.99870000,0.99930000,0.99820000,0.99890000,2100.49960000
2023-06-24 17:00:00,0.99890000,0.99890000,0.99850000,0.99880000,1898.00910000
2023-06-25 17:00:00,0.99880000,0.99890000,0.99840000,0.99870000,3183.83590000
2023-06-26 17:00:00,0.99870000,0.99980000,0.99790000,0.99890000,4936.01720000
2023-06-27 17:00:00,0.99900000,0.99980000,0.99810000,0.99960000,3238.96490000
2023-06-28 17:00:00,0.99940000,0.99980000,0.99820000,0.99940000,2796.17000000
2023-06-29 17:00:00,0.99940000,0.99980000,0.99850000,0.99930000,2767.10450000
2023-06-30 17:00:00,0.99920000,0.99990000,0.99880000,0.99950000,2144.97920000
2023-07-01 17:00:00,0.99940000,0.99990000,0.99900000,0.99940000,1161.76260000
2023-07-02 17:00:00,0.99950000,0.99990000,0.99910000,0.99920000,1637.73900000
2023-07-03 17:00:00,0.99920000,0.99960000,0.99910000,0.99920000,1138.10610000
2023-07-04 17:00:00,0.99920000,0.99950000,0.99880000,0.99910000,2693.35840000
2023-07-05 17:00:00,0.99900000,1.00000000,0.99870000,0.99960000,4645.51070000
2023-07-06 17:00:00,0.99990000,0.99990000,0.99880000,0.99940000,1573.81070000
2023-07-07 17:00:00,0.99940000,0.99980000,0.99910000,0.99940000,2179.26110000
2023-07-08 17:00:00,0.99920000,0.99960000,0.99890000,0.99920000,875.62690000
2023-07-09 17:00:00,0.99920000,0.99960000,0.99900000,0.99910000,1412.54080000
2023-07-10 17:00:00,0.99910000,0.99930000,0.99890000,0.99890000,991.50840000
2023-07-11 17:00:00,0.99900000,0.99960000,0.99870000,0.99890000,1750.74620000
2023-07-12 17:00:00,0.99910000,0.99950000,0.99870000,0.99880000,2157.92660000
2023-07-13 17:00:00,0.99900000,0.99980000,0.99870000,0.99930000,2219.66620000
2023-07-14 17:00:00,0.99930000,0.99960000,0.99840000,0.99890000,1415.53700000
2023-07-15 17:00:00,0.99890000,0.99990000,0.99850000,0.99930000,2071.22300000
2023-07-16 17:00:00,0.99930000,0.99940000,0.99870000,0.99890000,1175.94850000
2023-07-17 17:00:00,0.99890000,0.99960000,0.99830000,0.99900000,1931.20330000
2023-07-18 17:00:00,0.99890000,0.99970000,0.99890000,0.99900000,1640.58630000
2023-07-19 17:00:00,0.99920000,0.99980000,0.99890000,0.99920000,1260.60910000
2023-07-20 17:00:00,0.99910000,0.99960000,0.99910000,0.99930000,592.28340000
2023-07-21 17:00:00,0.99930000,0.99960000,0.99900000,0.99920000,1199.23750000
2023-07-22 17:00:00,0.99920000,1.00000000,0.99920000,0.99950000,2556.17540000
2023-07-23 17:00:00,0.99950000,1.00000000,0.99940000,0.99940000,1057.85200000
2023-07-24 17:00:00,0.99940000,0.99990000,0.99940000,0.99940000,534.10320000
2023-07-25 17:00:00,0.99950000,0.99970000,0.99940000,0.99940000,957.10430000
2023-07-26 17:00:00,0.99940000,0.99970000,0.99930000,0.99940000,1289.43740000
2023-07-27 17:00:00,0.99940000,0.99960000,0.99940000,0.99950000,718.96030000
2023-07-28 17:00:00,0.99950000,0.99960000,0.99940000,0.99960000,848.05190000
2023-07-29 17:00:00,0.99950000,0.99960000,0.99940000,0.99960000,1620.87600000
2023-07-30 17:00:00,0.99950000,1.00000000,0.99940000,0.99950000,1705.45420000
2023-07-31 17:00:00,0.99980000,1.00000000,0.99920000,0.99940000,4364.15260000
2023-08-01 17:00:00,0.99940000,1.00000000,0.99870000,0.99870000,3794.83550000
2023-08-02 17:00:00,0.99900000,0.99960000,0.99860000,0.99880000,1204.55200000
2023-08-03 17:00:00,0.99880000,0.99970000,0.99870000,0.99910000,861.80560000
2023-08-04 17:00:00,0.99910000,0.99960000,0.99910000,0.99910000,538.88520000
2023-08-05 17:00:00,0.99910000,0.99970000,0.99910000,0.99920000,757.44520000
2023-08-06 17:00:00,0.99920000,0.99960000,0.99910000,0.99920000,1005.95010000
2023-08-07 17:00:00,0.99920000,0.99940000,0.99880000,0.99900000,1620.90340000
2023-08-08 17:00:00,0.99900000,0.99950000,0.99890000,0.99900000,706.55800000
2023-08-09 17:00:00,0.99900000,0.99950000,0.99880000,0.99950000,716.14780000
2023-08-10 17:00:00,0.99940000,0.99970000,0.99900000,0.99940000,644.16250000
2023-08-11 17:00:00,0.99940000,0.99970000,0.99870000,0.99900000,927.62950000
2023-08-12 17:00:00,0.99900000,0.99960000,0.99890000,0.99950000,385.41350000
2023-08-13 17:00:00,0.99900000,0.99950000,0.99870000,0.99920000,702.88070000
2023-08-14 17:00:00,0.99890000,0.99950000,0.99830000,0.99920000,1657.30200000
2023-08-15 17:00:00,0.99870000,0.99950000,0.99850000,0.99890000,672.70730000
2023-08-16 17:00:00,0.99910000,0.99960000,0.99030000,0.99850000,6000.77040000
2023-08-17 17:00:00,0.99890000,0.99980000,0.99810000,0.99880000,3375.29530000
2023-08-18 17:00:00,0.99860000,0.99940000,0.99820000,0.99900000,819.84130000
2023-08-19 17:00:00,0.99900000,0.99930000,0.99830000,0.99910000,1055.58640000
2023-08-20 17:00:00,0.99890000,0.99950000,0.99840000,0.99850000,1861.36910000
2023-08-21 17:00:00,0.99850000,0.99980000,0.99760000,0.99850000,4825.14200000
2023-08-22 17:00:00,0.99840000,0.99920000,0.99670000,0.99890000,3101.36770000
2023-08-23 17:00:00,0.99890000,0.99920000,0.99870000,0.99880000,1167.60440000
2023-08-24 17:00:00,0.99880000,0.99980000,0.99880000,0.99910000,2315.73530000
2023-08-25 17:00:00,0.99910000,0.99940000,0.99910000,0.99910000,531.36510000
2023-08-26 17:00:00,0.99910000,0.99940000,0.99880000,0.99880000,775.52110000
2023-08-27 17:00:00,0.99890000,0.99940000,0.99870000,0.99880000,1245.84050000
2023-08-28 17:00:00,0.99880000,0.99940000,0.99880000,0.99890000,1472.39650000
2023-08-29 17:00:00,0.99890000,0.99940000,0.99870000,0.99900000,1510.58340000
2023-08-30 17:00:00,0.99900000,0.99990000,0.99810000,0.99920000,9482.87300000
2023-08-31 17:00:00,0.99910000,0.99980000,0.99900000,0.99930000,1977.67370000
2023-09-01 17:00:00,0.99930000,1.00000000,0.99920000,0.99940000,2390.79530000
2023-09-02 17:00:00,0.99960000,0.99960000,0.99910000,0.99920000,1305.51940000
