2021-04-25 17:00:00,20.12600000,21.79800000,19.57900000,20.44200000,682317.70000000
2021-04-26 17:00:00,20.35000000,21.18400000,20.00000000,20.45700000,709028.10000000
2021-04-27 17:00:00,20.45700000,26.67100000,19.37000000,24.15400000,5920631.20000000
2021-04-28 17:00:00,24.14200000,24.25200000,22.30600000,22.91300000,2817450.00000000
2021-04-29 17:00:00,22.95200000,25.61900000,22.68000000,25.39900000,2293246.00000000
2021-04-30 17:00:00,25.46800000,30.09900000,24.70000000,29.57900000,3437158.30000000
2021-05-01 17:00:00,29.57900000,30.35400000,27.35000000,28.35500000,2088324.10000000
2021-05-02 17:00:00,28.37700000,33.96600000,28.37700000,33.18000000,2720505.10000000
2021-05-03 17:00:00,33.29300000,46.16500000,30.25000000,40.50000000,11606273.00000000
2021-05-04 17:00:00,40.66500000,52.38500000,39.03900000,49.30000000,13203809.30000000
2021-05-05 17:00:00,49.33400000,49.98000000,40.61000000,43.41400000,5581257.40000000
2021-05-06 17:00:00,43.48600000,54.48500000,38.68300000,51.09800000,7482073.40000000
2021-05-07 17:00:00,51.10800000,54.89100000,44.51700000,47.16600000,7473162.10000000
2021-05-08 17:00:00,47.43100000,51.95300000,25.00000000,42.26000000,18336061.90000000
2021-05-09 17:00:00,42.29000000,42.36200000,31.58400000,33.72200000,5094207.00000000
2021-05-10 17:00:00,33.73300000,40.90000000,33.25100000,36.77700000,4556562.80000000
2021-05-11 17:00:00,36.75700000,38.87000000,28.87300000,29.75300000,3789936.20000000
2021-05-12 17:00:00,29.43500000,38.99000000,26.69400000,36.32700000,6635545.90000000
2021-05-13 17:00:00,36.53500000,44.00000000,34.74100000,41.66700000,6351198.10000000
2021-05-14 17:00:00,41.76200000,41.93500000,36.60200000,37.82800000,2365987.70000000
2021-05-15 17:00:00,37.91200000,40.78000000,33.00000000,38.28300000,2019379.30000000
2021-05-16 17:00:00,38.20200000,38.42800000,34.00000000,36.20900000,1913479.80000000
2021-05-17 17:00:00,36.20900000,38.20000000,34.61800000,35.31400000,1253661.70000000
2021-05-18 17:00:00,35.34300000,35.53300000,15.98600000,24.75100000,17824891.10000000
2021-05-19 17:00:00,24.81600000,32.48800000,21.32500000,29.64700000,17903591.70000000
2021-05-20 17:00:00,29.64900000,30.69600000,23.50100000,26.77200000,5654251.20000000
2021-05-21 17:00:00,26.69900000,27.10300000,23.61700000,25.53300000,2523786.80000000
2021-05-22 17:00:00,25.44000000,26.13800000,18.50000000,22.78200000,6597704.80000000
2021-05-23 17:00:00,22.85600000,28.20100000,21.95800000,27.16400000,3591966.20000000
2021-05-24 17:00:00,27.10200000,28.22200000,23.98100000,25.63600000,2426657.40000000
2021-05-25 17:00:00,25.76400000,27.24800000,25.12400000,26.38200000,1786263.30000000
2021-05-26 17:00:00,26.23400000,26.23400000,24.39600000,24.65900000,1062626.50000000
2021-05-27 17:00:00,24.67800000,25.78300000,22.34300000,23.02300000,2557600.40000000
2021-05-28 17:00:00,23.05700000,23.56800000,20.77600000,22.40300000,1661085.30000000
2021-05-29 17:00:00,22.26900000,23.00400000,21.24700000,22.40200000,1446465.80000000
2021-05-30 17:00:00,22.33900000,24.44900000,21.78900000,24.11100000,1004880.80000000
2021-05-31 17:00:00,24.03500000,28.58500000,23.17000000,27.45300000,6161675.70000000
2021-06-01 17:00:00,27.44800000,33.00000000,26.07100000,31.21100000,6279519.10000000
2021-06-02 17:00:00,31.23800000,32.27400000,27.96500000,29.50000000,3453954.90000000
2021-06-03 17:00:00,29.51300000,29.58900000,25.90000000,27.67100000,3226490.10000000
2021-06-04 17:00:00,27.76900000,28.92200000,26.50000000,27.36700000,2193828.00000000
2021-06-05 17:00:00,27.34500000,27.76300000,27.01300000,27.37600000,1196924.70000000
2021-06-06 17:00:00,27.37000000,27.89000000,24.13200000,24.39100000,2086752.40000000
2021-06-07 17:00:00,24.38400000,25.18600000,21.72300000,23.88600000,2437196.50000000
2021-06-08 17:00:00,23.77100000,25.77400000,22.81300000,24.95900000,1850216.60000000
2021-06-09 17:00:00,24.99200000,25.09500000,23.36300000,23.55300000,1497301.20000000
2021-06-10 17:00:00,23.54600000,24.26900000,22.60600000,23.10900000,1441067.30000000
2021-06-11 17:00:00,23.07400000,23.16700000,21.90000000,22.61500000,1506239.00000000
2021-06-12 17:00:00,22.69400000,23.77300000,22.34300000,23.32800000,1685972.80000000
2021-06-13 17:00:00,23.38900000,24.31300000,22.99700000,23.64300000,1222596.50000000
2021-06-14 17:00:00,23.64000000,23.79600000,22.92400000,23.35800000,1555805.50000000
2021-06-15 17:00:00,23.30000000,23.35700000,22.19300000,22.51100000,1094217.10000000
2021-06-16 17:00:00,22.53100000,22.96900000,22.12400000,22.44500000,2108546.30000000
2021-06-17 17:00:00,22.41100000,22.52200000,20.58500000,21.54200000,1529405.80000000
2021-06-18 17:00:00,21.52100000,21.86600000,21.00400000,21.12000000,858341.30000000
2021-06-19 17:00:00,21.00800000,21.27500000,18.76800000,20.57800000,2336476.70000000
2021-06-20 17:00:00,20.57900000,20.62600000,12.21500000,13.19600000,10497491.80000000
2021-06-21 17:00:00,13.22400000,16.05700000,12.10800000,14.02300000,12743248.30000000
2021-06-22 17:00:00,13.95400000,18.19800000,13.27300000,17.21800000,5985724.50000000
2021-06-23 17:00:00,17.19300000,19.56700000,16.25100000,19.19000000,6438563.00000000
2021-06-24 17:00:00,19.27700000,21.06100000,16.74300000,17.35700000,6238519.50000000
2021-06-25 17:00:00,17.47300000,18.62900000,16.84600000,17.94700000,5236462.30000000
2021-06-26 17:00:00,17.94700000,19.42000000,17.43900000,19.28900000,3368213.00000000
2021-06-27 17:00:00,19.29200000,19.39600000,18.18200000,18.65100000,4156526.70000000
2021-06-28 17:00:00,18.55700000,19.97200000,18.30000000,19.15700000,3680790.40000000
2021-06-29 17:00:00,19.18800000,19.21000000,17.40000000,18.51800000,5513022.20000000
2021-06-30 17:00:00,18.50500000,19.11500000,17.42800000,17.93200000,5646634.70000000
2021-07-01 17:00:00,17.89600000,18.23000000,17.50200000,17.98000000,1609887.40000000
2021-07-02 17:00:00,17.98900000,18.26500000,17.70700000,17.97600000,2394994.50000000
2021-07-03 17:00:00,17.97500000,18.49400000,17.78800000,18.01200000,2843374.50000000
2021-07-04 17:00:00,17.97700000,18.03300000,16.65000000,17.03000000,3527768.00000000
2021-07-05 17:00:00,17.00000000,17.76600000,16.99500000,17.41000000,1403060.70000000
2021-07-06 17:00:00,17.32000000,17.61100000,16.50700000,16.71500000,1741837.60000000
2021-07-07 17:00:00,16.66600000,16.76800000,15.11900000,15.52500000,2560691.80000000
2021-07-08 17:00:00,15.50300000,17.11200000,14.68900000,16.33400000,4045995.60000000
2021-07-09 17:00:00,16.32900000,16.95000000,15.64100000,15.90000000,1701573.20000000
2021-07-10 17:00:00,15.92900000,16.26900000,15.66100000,16.03600000,1141454.50000000
2021-07-11 17:00:00,16.02400000,16.25500000,15.22700000,15.45500000,2115469.50000000
2021-07-12 17:00:00,15.43500000,15.53500000,14.71200000,14.85600000,1726422.90000000
2021-07-13 17:00:00,14.86300000,15.24700000,14.01600000,14.69100000,4398132.70000000
2021-07-14 17:00:00,14.75800000,14.94400000,13.51400000,13.83400000,2445590.50000000
2021-07-15 17:00:00,13.83700000,14.06100000,12.79900000,12.86000000,3148489.50000000
2021-07-16 17:00:00,12.84600000,15.26100000,12.64000000,13.95400000,6432375.80000000
2021-07-17 17:00:00,13.90900000,14.59000000,13.41000000,13.51700000,2583528.30000000
2021-07-18 17:00:00,13.50000000,13.69900000,12.77900000,13.00000000,4184556.40000000
2021-07-19 17:00:00,13.00800000,13.47200000,11.99600000,12.78400000,3729648.60000000
2021-07-20 17:00:00,12.77500000,15.98900000,12.62000000,14.17100000,7421350.30000000
2021-07-21 17:00:00,14.15800000,14.64000000,13.89000000,14.18700000,5381820.50000000
2021-07-22 17:00:00,14.17600000,14.78100000,13.57200000,14.41000000,4443661.80000000
2021-07-23 17:00:00,14.41000000,15.15900000,14.13000000,14.64900000,3288063.70000000
2021-07-24 17:00:00,14.61700000,14.85500000,14.20000000,14.61500000,3770913.60000000
2021-07-25 17:00:00,14.62600000,17.13600000,14.52900000,15.03900000,9020250.30000000
2021-07-26 17:00:00,15.03200000,15.51300000,14.41800000,15.20400000,3663253.20000000
2021-07-27 17:00:00,15.19900000,15.77400000,14.91700000,15.16400000,2991112.70000000
2021-07-28 17:00:00,15.16400000,15.20600000,14.76200000,15.04000000,2055378.60000000
2021-07-29 17:00:00,15.07400000,15.47000000,14.39200000,15.25400000,2944161.80000000
2021-07-30 17:00:00,15.27600000,15.69500000,15.05000000,15.21600000,2313363.70000000
2021-07-31 17:00:00,15.18700000,15.94300000,14.80000000,15.02400000,2507485.00000000
2021-08-01 17:00:00,15.00200000,15.38100000,14.83600000,14.94100000,2025094.20000000
2021-08-02 17:00:00,14.92300000,15.04900000,14.20600000,14.39600000,1474764.70000000
2021-08-03 17:00:00,14.40500000,14.93600000,14.26000000,14.79300000,1626699.50000000
2021-08-04 17:00:00,14.76200000,14.86700000,14.29900000,14.73900000,776241.80000000
2021-08-05 17:00:00,14.73800000,15.55500000,14.56000000,14.97500000,1354318.00000000
2021-08-06 17:00:00,14.97000000,19.27000000,14.92500000,19.25900000,13116103.90000000
2021-08-07 17:00:00,19.25200000,20.79000000,17.28500000,17.67900000,14910794.00000000
2021-08-08 17:00:00,17.67800000,19.59500000,17.02700000,18.87900000,6687932.50000000
2021-08-09 17:00:00,18.83600000,19.45200000,18.19200000,19.00000000,4479338.70000000
2021-08-10 17:00:00,19.03700000,20.87700000,18.95500000,19.60200000,5265725.20000000
2021-08-11 17:00:00,19.54600000,21.75700000,18.62600000,19.49500000,7219579.60000000
2021-08-12 17:00:00,19.61500000,21.03900000,19.36500000,20.99500000,3795460.50000000
2021-08-13 17:00:00,20.92700000,21.90500000,20.34600000,21.57600000,5734410.10000000
2021-08-14 17:00:00,21.60400000,25.59000000,21.18900000,24.92700000,11533476.70000000
2021-08-15 17:00:00,24.94000000,25.79200000,22.90900000,23.54000000,8048435.20000000
2021-08-16 17:00:00,23.61200000,25.06700000,21.81700000,22.15400000,7102058.90000000
2021-08-17 17:00:00,22.15400000,24.03300000,20.62800000,22.45600000,10142381.80000000
2021-08-18 17:00:00,22.54200000,23.68200000,21.80000000,23.55900000,3973924.90000000
2021-08-19 17:00:00,23.56100000,24.73900000,23.22000000,24.26200000,2811664.50000000
2021-08-20 17:00:00,24.24700000,24.46000000,23.36900000,23.50800000,2416203.00000000
2021-08-21 17:00:00,23.51000000,23.85500000,22.65600000,23.33800000,1843400.40000000
2021-08-22 17:00:00,23.37100000,24.27200000,23.21700000,23.55400000,2301122.80000000
2021-08-23 17:00:00,23.56100000,23.65700000,20.53100000,21.47300000,3406060.70000000
2021-08-24 17:00:00,21.50700000,22.05900000,20.81000000,21.74300000,2337197.80000000
2021-08-25 17:00:00,21.81600000,21.99300000,19.79100000,20.02000000,3588609.20000000
2021-08-26 17:00:00,20.06000000,21.80000000,19.81000000,21.80000000,2822193.80000000
2021-08-27 17:00:00,21.81000000,22.14000000,20.90000000,21.10000000,1940106.50000000
2021-08-28 17:00:00,21.11000000,21.50000000,20.45000000,20.70000000,2327001.00000000
2021-08-29 17:00:00,20.69000000,21.40000000,19.93000000,20.05000000,2605732.00000000
2021-08-30 17:00:00,20.05000000,21.04000000,19.92000000,20.55000000,3314666.00000000
2021-08-31 17:00:00,20.47000000,21.63000000,20.13000000,21.58000000,1680080.00000000
2021-09-01 17:00:00,21.65000000,22.67000000,21.42000000,21.58000000,1917932.80000000
2021-09-02 17:00:00,21.68000000,22.23000000,21.08000000,21.67000000,1028332.00000000
2021-09-03 17:00:00,21.66000000,22.61000000,21.47000000,21.99000000,1468496.00000000
2021-09-04 17:00:00,21.95000000,22.98000000,21.69000000,22.95000000,1294687.40000000
2021-09-05 17:00:00,22.95000000,23.39000000,22.04000000,22.68000000,1287680.20000000
2021-09-06 17:00:00,22.64000000,22.83000000,16.01000000,18.87000000,5070740.40000000
2021-09-07 17:00:00,18.92000000,19.54000000,17.46000000,19.02000000,2222903.00000000
2021-09-08 17:00:00,19.03000000,19.20000000,18.44000000,18.61000000,823791.00000000
2021-09-09 17:00:00,18.60000000,19.30000000,17.40000000,17.70000000,936079.00000000
2021-09-10 17:00:00,17.75000000,18.27000000,17.54000000,17.80000000,422677.00000000
2021-09-11 17:00:00,17.79000000,18.77000000,17.66000000,18.48000000,660433.00000000
2021-09-12 17:00:00,18.50000000,18.58000000,16.80000000,17.33000000,1365690.00000000
2021-09-13 17:00:00,17.20000000,17.72000000,17.15000000,17.61000000,413861.00000000
2021-09-14 17:00:00,17.65000000,18.05000000,17.52000000,17.99000000,527102.00000000
2021-09-15 17:00:00,17.96000000,17.99000000,17.03000000,17.66000000,989351.00000000
2021-09-16 17:00:00,17.62000000,18.90000000,17.37000000,17.54000000,2257868.00000000
2021-09-17 17:00:00,17.53000000,18.03000000,17.46000000,17.69000000,782720.00000000
2021-09-18 17:00:00,17.69000000,17.69000000,16.93000000,16.99000000,610573.00000000
2021-09-19 17:00:00,17.03000000,17.03000000,14.79800000,15.39000000,1969790.30000000
2021-09-20 17:00:00,15.37000000,16.11000000,14.58000000,14.80000000,2150704.10000000
2021-09-21 17:00:00,14.76000000,16.96000000,14.72000000,16.47000000,2693251.00000000
2021-09-22 17:00:00,16.52000000,16.65000000,15.99000000,16.50000000,1058761.00000000
2021-09-23 17:00:00,16.50000000,16.77000000,14.51000000,15.33000000,2044066.00000000
2021-09-24 17:00:00,15.34000000,15.57000000,14.97000000,15.23000000,820188.00000000
2021-09-25 17:00:00,15.23000000,15.28000000,14.22000000,14.91000000,1044995.00000000
2021-09-26 17:00:00,14.94000000,15.24000000,14.58000000,14.58000000,349514.00000000
2021-09-27 17:00:00,14.60000000,14.78000000,14.37000000,14.39000000,516882.00000000
2021-09-28 17:00:00,14.41000000,14.88000000,14.26000000,14.54000000,493867.00000000
2021-09-29 17:00:00,14.54000000,14.96000000,14.49000000,14.85000000,468396.00000000
2021-09-30 17:00:00,14.86000000,16.32000000,14.67000000,16.16000000,1339651.00000000
2021-10-01 17:00:00,16.17000000,16.28000000,15.61000000,15.89000000,789822.00000000
2021-10-02 17:00:00,15.89000000,16.44000000,15.66000000,16.11000000,741615.00000000
2021-10-03 17:00:00,16.07000000,18.02000000,15.46000000,17.48000000,4924935.00000000
2021-10-04 17:00:00,17.47000000,19.37000000,16.88000000,18.13000000,5209239.00000000
2021-10-05 17:00:00,18.11000000,19.67000000,17.60000000,18.39000000,3822575.00000000
2021-10-06 17:00:00,18.37000000,18.42000000,17.05000000,17.46000000,1821782.00000000
2021-10-07 17:00:00,17.46000000,18.31000000,17.30000000,17.56000000,1458404.00000000
2021-10-08 17:00:00,17.51000000,18.12000000,17.36000000,17.75000000,946814.00000000
2021-10-09 17:00:00,17.71000000,17.74000000,16.22000000,16.45000000,988907.00000000
2021-10-10 17:00:00,16.43000000,17.07000000,16.18000000,16.58000000,772546.00000000
2021-10-11 17:00:00,16.58000000,16.60000000,15.60000000,16.27000000,880977.00000000
2021-10-12 17:00:00,16.24000000,16.75000000,15.87000000,16.70000000,1040916.00000000
2021-10-13 17:00:00,16.70000000,17.23000000,16.51000000,16.58000000,1036495.00000000
2021-10-14 17:00:00,16.55000000,17.27000000,15.96000000,16.58000000,1340489.00000000
2021-10-15 17:00:00,16.61000000,17.41000000,16.59000000,16.84000000,1976091.00000000
2021-10-16 17:00:00,16.85000000,17.21000000,16.12000000,16.85000000,1235015.00000000
2021-10-17 17:00:00,16.91000000,19.39000000,16.84000000,17.52000000,6100495.00000000
2021-10-18 17:00:00,17.53000000,18.06000000,17.02000000,17.42000000,1142974.00000000
2021-10-19 17:00:00,17.39000000,18.41000000,17.13000000,17.98000000,1415931.00000000
2021-10-20 17:00:00,17.97000000,18.26000000,17.13000000,17.27000000,1371874.00000000
2021-10-21 17:00:00,17.25000000,17.83000000,16.62000000,17.21000000,1870182.00000000
2021-10-22 17:00:00,17.24000000,17.91000000,17.03000000,17.70000000,1358737.00000000
2021-10-23 17:00:00,17.65000000,19.92000000,17.34000000,19.41000000,7815932.00000000
2021-10-24 17:00:00,19.43000000,19.74000000,18.09000000,18.50000000,2862265.00000000
2021-10-25 17:00:00,18.52000000,19.10000000,17.63000000,17.85000000,1992470.00000000
2021-10-26 17:00:00,17.85000000,18.40000000,15.33000000,16.88000000,7860631.00000000
2021-10-27 17:00:00,16.87000000,23.93800000,16.54000000,21.02000000,47253464.60000000
2021-10-28 17:00:00,21.10000000,21.50000000,19.13000000,20.37000000,6459227.00000000
2021-10-29 17:00:00,20.37000000,20.87000000,18.37000000,19.10000000,3443994.00000000
2021-10-30 17:00:00,19.07000000,20.24000000,17.94000000,19.88000000,6104630.00000000
2021-10-31 17:00:00,19.89000000,20.30000000,18.76000000,19.45000000,3330280.00000000
2021-11-01 17:00:00,19.40000000,20.10000000,19.04000000,19.60000000,2354333.00000000
2021-11-02 17:00:00,19.61000000,19.87000000,18.88000000,19.33000000,1833029.00000000
2021-11-03 17:00:00,19.30000000,19.40000000,18.22000000,18.88000000,1754512.00000000
2021-11-04 17:00:00,18.81000000,19.41000000,18.40000000,18.72000000,1349740.00000000
2021-11-05 17:00:00,18.70000000,19.16000000,17.94000000,18.73000000,1004451.00000000
2021-11-06 17:00:00,18.71000000,19.18000000,18.46000000,18.87000000,1066242.00000000
2021-11-07 16:00:00,18.93000000,21.17000000,18.79000000,20.06000000,4120771.00000000
2021-11-08 16:00:00,20.04000000,20.66000000,19.22000000,19.35000000,2251359.00000000
2021-11-09 16:00:00,19.36000000,19.60000000,16.88000000,18.26000000,3342924.00000000
2021-11-10 16:00:00,18.24000000,19.36000000,18.12000000,18.67000000,1424853.00000000
2021-11-11 16:00:00,18.68000000,19.18000000,18.20000000,18.92000000,1293113.00000000
2021-11-12 16:00:00,18.95000000,19.12000000,18.51000000,19.06000000,830490.00000000
2021-11-13 16:00:00,19.03000000,19.84000000,18.97000000,19.15000000,1270630.00000000
2021-11-14 16:00:00,19.21000000,19.26000000,18.65000000,18.73000000,683991.00000000
2021-11-15 16:00:00,18.70000000,18.70000000,16.30000000,17.45000000,2563961.00000000
2021-11-16 16:00:00,17.49000000,17.58000000,16.90000000,17.36000000,764420.00000000
2021-11-17 16:00:00,17.37000000,17.62000000,15.90000000,16.26000000,1572993.00000000
2021-11-18 16:00:00,16.27000000,17.51000000,15.94000000,17.26000000,1275979.00000000
2021-11-19 16:00:00,17.23000000,17.44000000,16.69000000,17.19000000,582788.00000000
2021-11-20 16:00:00,17.23000000,17.23000000,16.57000000,16.62000000,536947.00000000
2021-11-21 16:00:00,16.63000000,16.87000000,16.18000000,16.47000000,562987.00000000
2021-11-22 16:00:00,16.46000000,17.80000000,16.05000000,16.91000000,2301653.00000000
2021-11-23 16:00:00,16.92000000,17.14000000,15.89000000,16.32000000,902812.00000000
2021-11-24 16:00:00,16.33000000,17.07000000,16.06000000,16.44000000,827641.00000000
2021-11-25 16:00:00,16.47000000,16.47000000,14.29000000,15.29000000,5181403.00000000
2021-11-26 16:00:00,15.34000000,15.90000000,15.28000000,15.56000000,856122.00000000
2021-11-27 16:00:00,15.56000000,15.65000000,14.54000000,15.65000000,878893.00000000
2021-11-28 16:00:00,15.65000000,16.81000000,15.20000000,16.08000000,2378430.00000000
2021-11-29 16:00:00,16.12000000,16.94000000,15.83000000,15.91000000,1722094.00000000
2021-11-30 16:00:00,15.90000000,16.18000000,15.32000000,15.55000000,787279.00000000
2021-12-01 16:00:00,15.53000000,16.56000000,14.99000000,15.45000000,2901655.00000000
2021-12-02 16:00:00,15.45000000,15.63000000,14.22000000,14.87000000,1237632.00000000
2021-12-03 16:00:00,14.92000000,14.93000000,9.65000000,13.30000000,7992361.80000000
2021-12-04 16:00:00,13.29000000,13.49000000,12.10000000,12.71000000,1045669.00000000
2021-12-05 16:00:00,12.72000000,13.41000000,11.85000000,13.30000000,1632145.00000000
2021-12-06 16:00:00,13.25000000,13.71000000,13.02000000,13.12000000,1350502.00000000
2021-12-07 16:00:00,13.02000000,13.48000000,12.78000000,13.16000000,676792.00000000
2021-12-08 16:00:00,13.22000000,13.53000000,12.50000000,12.53000000,1156480.00000000
2021-12-09 16:00:00,12.58000000,12.87000000,12.07000000,12.09000000,416556.00000000
2021-12-10 16:00:00,12.12000000,12.53000000,11.89000000,12.46000000,671726.00000000
2021-12-11 16:00:00,12.48000000,12.78000000,12.21000000,12.47000000,574552.00000000
2021-12-12 16:00:00,12.53000000,12.53000000,11.20000000,11.61000000,969982.00000000
2021-12-13 16:00:00,11.54000000,16.25000000,11.47000000,14.16000000,13844413.00000000
2021-12-14 16:00:00,14.03000000,14.06000000,12.71000000,13.39000000,1261740.00000000
2021-12-15 16:00:00,13.31000000,13.65000000,12.80000000,12.82000000,563454.00000000
2021-12-16 16:00:00,12.86000000,13.03000000,12.08000000,12.66000000,436874.00000000
2021-12-17 16:00:00,12.65000000,13.03000000,12.38000000,12.81000000,511514.00000000
2021-12-18 16:00:00,12.80000000,12.94000000,12.56000000,12.59000000,275585.00000000
2021-12-19 16:00:00,12.58000000,12.68000000,12.00000000,12.40000000,422196.00000000
2021-12-20 16:00:00,12.41000000,12.76000000,12.32000000,12.66000000,305079.00000000
2021-12-21 16:00:00,12.64000000,13.30000000,12.56000000,12.75000000,605735.00000000
2021-12-22 16:00:00,12.79000000,13.59000000,12.65000000,13.59000000,902329.00000000
2021-12-23 16:00:00,13.56000000,14.36000000,13.19000000,13.70000000,1026036.00000000
2021-12-24 16:00:00,13.72000000,14.40000000,13.72000000,14.03000000,507085.00000000
2021-12-25 16:00:00,14.07000000,14.12000000,13.65000000,13.97000000,327916.00000000
2021-12-26 16:00:00,13.97000000,14.14000000,13.71000000,13.83000000,366687.00000000
2021-12-27 16:00:00,13.70000000,13.70000000,12.68000000,12.86000000,717775.00000000
2021-12-28 16:00:00,12.90000000,13.12000000,12.32000000,12.39000000,617977.00000000
2021-12-29 16:00:00,12.42000000,13.16000000,12.25000000,12.79000000,480892.00000000
2021-12-30 16:00:00,12.88000000,13.15000000,12.50000000,12.76000000,477800.00000000
2021-12-31 16:00:00,12.80000000,12.99000000,12.73000000,12.93000000,354194.00000000
2022-01-01 16:00:00,12.94000000,13.15000000,12.77000000,13.07000000,433375.00000000
2022-01-02 16:00:00,13.05000000,13.05000000,12.53000000,12.68000000,332175.00000000
2022-01-03 16:00:00,12.68000000,12.98000000,12.52000000,12.70000000,446279.00000000
2022-01-04 16:00:00,12.62000000,12.92000000,11.36000000,12.20000000,892180.00000000
2022-01-05 16:00:00,12.12000000,12.41000000,11.88000000,12.30000000,365514.00000000
2022-01-06 16:00:00,12.27000000,12.27000000,11.30000000,11.73000000,708743.00000000
2022-01-07 16:00:00,11.75000000,11.96000000,11.02000000,11.45000000,553832.00000000
2022-01-08 16:00:00,11.43000000,11.63000000,11.22000000,11.42000000,321979.00000000
2022-01-09 16:00:00,11.41000000,11.49000000,10.34000000,10.74000000,948527.00000000
2022-01-10 16:00:00,10.71000000,12.52000000,10.71000000,11.48000000,2800598.00000000
2022-01-11 16:00:00,11.47000000,12.22000000,11.30000000,12.18000000,1169208.00000000
2022-01-12 16:00:00,12.11000000,13.50000000,12.08000000,13.11000000,4373854.00000000
2022-01-13 16:00:00,13.11000000,16.32000000,13.04000000,13.98000000,7725019.00000000
2022-01-14 16:00:00,13.99000000,14.83000000,13.86000000,14.07000000,1812218.00000000
2022-01-15 16:00:00,14.04000000,14.05000000,13.23000000,13.48000000,1044473.00000000
2022-01-16 16:00:00,13.48000000,13.58000000,12.63000000,13.07000000,718208.00000000
2022-01-17 16:00:00,13.03000000,13.29000000,12.38000000,12.71000000,1018477.00000000
2022-01-18 16:00:00,12.71000000,13.03000000,12.25000000,12.36000000,888273.00000000
2022-01-19 16:00:00,12.37000000,12.92000000,11.84000000,11.95000000,1027615.00000000
2022-01-20 16:00:00,11.85000000,12.11000000,10.86000000,11.00000000,1631970.00000000
2022-01-21 16:00:00,11.12000000,11.30000000,9.35000000,10.35000000,2493220.00000000
2022-01-22 16:00:00,10.37000000,11.25000000,10.30000000,10.99000000,1879397.00000000
2022-01-23 16:00:00,10.95000000,11.00000000,9.94000000,10.88000000,2489916.00000000
2022-01-24 16:00:00,10.80000000,11.87000000,10.41000000,11.24000000,2116177.00000000
2022-01-25 16:00:00,11.22000000,12.16000000,11.19000000,11.41000000,1491793.00000000
2022-01-26 16:00:00,11.37000000,11.50000000,10.67000000,11.08000000,1427844.00000000
2022-01-27 16:00:00,11.09000000,11.15000000,10.75000000,11.06000000,911595.00000000
2022-01-28 16:00:00,11.06000000,11.30000000,11.01000000,11.20000000,537152.00000000
2022-01-29 16:00:00,11.18000000,11.25000000,10.78000000,10.87000000,622995.00000000
2022-01-30 16:00:00,10.86000000,11.01000000,10.60000000,10.96000000,780261.00000000
2022-01-31 16:00:00,10.95000000,11.09000000,10.84000000,10.91000000,743144.00000000
2022-02-01 16:00:00,10.91000000,11.21000000,10.37000000,10.43000000,740316.00000000
2022-02-02 16:00:00,10.50000000,10.64000000,10.33000000,10.48000000,475494.00000000
2022-02-03 16:00:00,10.51000000,11.21000000,10.49000000,11.20000000,758536.00000000
2022-02-04 16:00:00,11.19000000,11.40000000,10.97000000,11.14000000,1175616.00000000
2022-02-05 16:00:00,11.17000000,11.82000000,10.96000000,11.66000000,1477788.00000000
2022-02-06 16:00:00,11.57000000,13.07000000,11.47000000,12.51000000,2706697.00000000
2022-02-07 16:00:00,12.50000000,12.79000000,11.50000000,11.89000000,2225637.00000000
2022-02-08 16:00:00,11.89000000,12.16000000,11.58000000,11.90000000,1017719.00000000
2022-02-09 16:00:00,11.90000000,12.02000000,11.21000000,11.38000000,1633865.00000000
2022-02-10 16:00:00,11.38000000,11.66000000,10.94000000,11.11000000,1289965.00000000
2022-02-11 16:00:00,11.11000000,11.30000000,10.82000000,11.07000000,1072474.00000000
2022-02-12 16:00:00,11.07000000,12.13000000,11.03000000,11.40000000,4870951.00000000
2022-02-13 16:00:00,11.44000000,11.58000000,10.99000000,11.19000000,2517546.00000000
2022-02-14 16:00:00,11.19000000,11.49000000,11.11000000,11.42000000,1516018.00000000
2022-02-15 16:00:00,11.41000000,11.41000000,11.00000000,11.18000000,691833.00000000
2022-02-16 16:00:00,11.19000000,11.33000000,10.49000000,10.58000000,1146495.00000000
2022-02-17 16:00:00,10.53000000,10.81000000,10.47000000,10.72000000,815904.00000000
2022-02-18 16:00:00,10.71000000,11.35000000,10.70000000,10.91000000,1565120.00000000
2022-02-19 16:00:00,10.93000000,10.93000000,10.47000000,10.56000000,905949.00000000
2022-02-20 16:00:00,10.60000000,10.95000000,10.23000000,10.31000000,3355475.00000000
2022-02-21 16:00:00,10.31000000,10.44000000,9.95000000,10.38000000,2672005.00000000
2022-02-22 16:00:00,10.35000000,10.84000000,10.27000000,10.40000000,1870012.00000000
2022-02-23 16:00:00,10.36000000,10.75000000,9.15000000,10.54000000,4589679.00000000
2022-02-24 16:00:00,10.54000000,10.68000000,10.00000000,10.62000000,2347444.00000000
2022-02-25 16:00:00,10.58000000,10.82000000,10.36000000,10.67000000,1108202.00000000
2022-02-26 16:00:00,10.65000000,11.23000000,10.37000000,11.20000000,1891405.00000000
2022-02-27 16:00:00,11.15000000,12.92000000,10.77000000,12.76000000,6136948.00000000
2022-02-28 16:00:00,12.76000000,13.67000000,12.08000000,13.13000000,3309632.00000000
2022-03-01 16:00:00,13.13000000,13.97000000,12.97000000,13.58000000,1991277.00000000
2022-03-02 16:00:00,13.59000000,14.54000000,13.07000000,14.20000000,2378398.00000000
2022-03-03 16:00:00,14.20000000,14.29000000,12.92000000,13.43000000,2041115.00000000
2022-03-04 16:00:00,13.43000000,13.90000000,12.96000000,13.21000000,2373030.00000000
2022-03-05 16:00:00,13.17000000,13.73000000,12.98000000,13.61000000,1868838.00000000
2022-03-06 16:00:00,13.62000000,15.50000000,12.81000000,14.51000000,3571410.00000000
2022-03-07 16:00:00,14.58000000,15.80000000,13.36000000,14.50000000,3728255.00000000
2022-03-08 16:00:00,14.50000000,15.40000000,14.31000000,14.68000000,3482645.00000000
2022-03-09 16:00:00,14.71000000,14.87000000,13.66000000,14.36000000,2951141.00000000
2022-03-10 16:00:00,14.35000000,14.57000000,13.70000000,14.13000000,2304344.00000000
2022-03-11 16:00:00,14.13000000,14.34000000,13.91000000,14.04000000,1224070.00000000
2022-03-12 16:00:00,14.03000000,14.24000000,13.61000000,13.70000000,1206921.00000000
2022-03-13 17:00:00,13.68000000,14.94000000,12.91000000,13.27000000,2833916.00000000
2022-03-14 17:00:00,13.27000000,13.32000000,12.06000000,12.31000000,1668422.00000000
2022-03-15 17:00:00,12.29000000,12.75000000,11.30000000,11.84000000,1189494.00000000
2022-03-16 17:00:00,11.86000000,12.31000000,11.31000000,12.13000000,899029.00000000
2022-03-17 17:00:00,12.12000000,12.43000000,11.77000000,12.41000000,566024.00000000
2022-03-18 17:00:00,12.38000000,12.95000000,12.25000000,12.77000000,472653.00000000
2022-03-19 17:00:00,12.79000000,13.72000000,12.04000000,13.66000000,483110.00000000
2022-03-20 17:00:00,13.72000000,14.07000000,11.92000000,12.42000000,1012937.00000000
2022-03-21 17:00:00,12.42000000,13.02000000,12.00000000,12.73000000,21262078.00000000
2022-03-22 17:00:00,12.75000000,12.81000000,12.05000000,12.60000000,738769.00000000
2022-03-23 17:00:00,12.55000000,13.64000000,12.46000000,13.37000000,1864828.00000000
2022-03-24 17:00:00,13.39000000,13.40000000,12.37000000,12.75000000,1522507.00000000
2022-03-25 17:00:00,12.75000000,13.22000000,12.57000000,13.15000000,382824.00000000
2022-03-26 17:00:00,13.17000000,13.93000000,13.13000000,13.89000000,1211876.00000000
2022-03-27 17:00:00,13.81000000,14.40000000,13.00000000,13.09000000,1457232.00000000
2022-03-28 17:00:00,13.10000000,13.37000000,12.26000000,12.53000000,1097462.00000000
2022-03-29 17:00:00,12.53000000,12.55000000,12.04000000,12.27000000,722099.00000000
2022-03-30 17:00:00,12.27000000,12.50000000,11.46000000,11.66000000,903948.00000000
2022-03-31 17:00:00,11.66000000,12.38000000,11.23000000,12.24000000,761209.00000000
2022-04-01 17:00:00,12.21000000,12.49000000,11.96000000,12.05000000,515052.00000000
2022-04-02 17:00:00,12.07000000,12.91000000,11.86000000,12.58000000,822414.00000000
2022-04-03 17:00:00,12.57000000,13.50000000,12.17000000,12.83000000,1790522.00000000
2022-04-04 17:00:00,12.81000000,15.45000000,12.75000000,14.99000000,3720461.00000000
2022-04-05 17:00:00,14.98000000,15.15000000,12.02000000,12.28000000,2545949.00000000
2022-04-06 17:00:00,12.31000000,12.51000000,11.48000000,12.02000000,1248193.00000000
2022-04-07 17:00:00,12.02000000,12.46000000,11.33000000,11.71000000,1339740.00000000
2022-04-08 17:00:00,11.68000000,11.79000000,11.54000000,11.71000000,270151.00000000
2022-04-09 17:00:00,11.73000000,12.85000000,11.70000000,12.10000000,1465784.00000000
2022-04-10 17:00:00,12.08000000,12.36000000,11.16000000,11.24000000,917695.00000000
2022-04-11 17:00:00,11.29000000,12.08000000,11.17000000,11.63000000,602634.00000000
2022-04-12 17:00:00,11.65000000,12.09000000,11.43000000,11.75000000,623627.00000000
2022-04-13 17:00:00,11.74000000,12.33000000,11.48000000,12.02000000,1511054.00000000
2022-04-14 17:00:00,11.98000000,12.31000000,11.83000000,12.03000000,770315.00000000
2022-04-15 17:00:00,11.98000000,12.10000000,11.57000000,11.70000000,447104.00000000
2022-04-16 17:00:00,11.72000000,11.86000000,11.32000000,11.41000000,349347.00000000
2022-04-17 17:00:00,11.41000000,11.53000000,10.97000000,11.42000000,556268.00000000
2022-04-18 17:00:00,11.43000000,11.57000000,11.24000000,11.46000000,613640.00000000
2022-04-19 17:00:00,11.45000000,11.82000000,11.22000000,11.42000000,768908.00000000
2022-04-20 17:00:00,11.44000000,11.48000000,10.84000000,11.06000000,975419.00000000
2022-04-21 17:00:00,11.05000000,11.22000000,10.47000000,10.68000000,687955.00000000
2022-04-22 17:00:00,10.67000000,10.69000000,10.30000000,10.43000000,446351.00000000
2022-04-23 17:00:00,10.46000000,10.51000000,10.26000000,10.31000000,444533.00000000
2022-04-24 17:00:00,10.32000000,12.87000000,9.40000000,11.93000000,7532575.00000000
2022-04-25 17:00:00,11.93000000,12.45000000,10.19000000,10.31000000,5029206.00000000
2022-04-26 17:00:00,10.32000000,10.95000000,10.17000000,10.37000000,1564262.00000000
2022-04-27 17:00:00,10.38000000,10.62000000,9.90000000,9.97000000,843945.00000000
2022-04-28 17:00:00,10.05000000,10.56000000,9.52000000,9.74000000,1859890.00000000
2022-04-29 17:00:00,9.74000000,9.86000000,8.99000000,9.22000000,818751.40000000
2022-04-30 17:00:00,9.29000000,9.70000000,9.14000000,9.59000000,1088132.00000000
2022-05-01 17:00:00,9.63000000,9.74000000,9.08000000,9.28000000,903446.00000000
2022-05-02 17:00:00,9.30000000,9.37000000,8.66000000,8.86000000,856663.00000000
2022-05-03 17:00:00,8.88000000,9.10000000,8.55000000,9.07000000,1086722.00000000
2022-05-04 17:00:00,9.05000000,9.22000000,8.22000000,8.35000000,2412531.00000000
2022-05-05 17:00:00,8.31000000,9.03000000,8.22000000,8.87000000,1142988.00000000
2022-05-06 17:00:00,8.90000000,9.07000000,8.60000000,8.76000000,1090729.00000000
2022-05-07 17:00:00,8.80000000,8.80000000,8.28000000,8.54000000,641643.00000000
2022-05-08 17:00:00,8.57000000,8.60000000,7.12000000,7.15000000,1590466.00000000
2022-05-09 17:00:00,7.26000000,8.29000000,7.05000000,7.64000000,1258344.00000000
2022-05-10 17:00:00,7.63000000,7.84000000,5.03000000,5.83000000,3025155.00000000
2022-05-11 17:00:00,5.82000000,6.07000000,4.44000000,5.44000000,2045852.00000000
2022-05-12 17:00:00,5.43000000,6.24000000,5.43000000,5.75000000,1286698.00000000
2022-05-13 17:00:00,5.79000000,6.03000000,5.48000000,5.84000000,535788.00000000
2022-05-14 17:00:00,5.84000000,6.18000000,5.65000000,6.18000000,442489.00000000
2022-05-15 17:00:00,6.13000000,6.16000000,5.55000000,5.68000000,583048.00000000
2022-05-16 17:00:00,5.68000000,5.99000000,5.68000000,5.93000000,770067.00000000
2022-05-17 17:00:00,5.93000000,5.94000000,5.39000000,5.41000000,511434.00000000
2022-05-18 17:00:00,5.37000000,5.49000000,5.18000000,5.39000000,571469.00000000
2022-05-19 17:00:00,5.35000000,5.45000000,5.06000000,5.18000000,1099059.00000000
2022-05-20 17:00:00,5.16000000,5.25000000,5.08000000,5.13000000,358781.00000000
2022-05-21 17:00:00,5.13000000,5.32000000,5.09000000,5.28000000,335040.00000000
2022-05-22 17:00:00,5.29000000,5.33000000,4.85000000,4.88000000,642825.00000000
2022-05-23 17:00:00,4.88000000,4.96000000,4.60000000,4.85000000,405112.00000000
2022-05-24 17:00:00,4.82000000,5.12000000,4.66000000,5.08000000,985378.00000000
2022-05-25 17:00:00,5.07000000,5.17000000,4.60000000,4.90000000,1445200.00000000
2022-05-26 17:00:00,4.91000000,6.01000000,4.79000000,5.42000000,2723541.00000000
2022-05-27 17:00:00,5.41000000,5.55000000,5.40000000,5.44000000,413326.00000000
2022-05-28 17:00:00,5.43000000,5.53000000,5.35000000,5.52000000,412790.00000000
2022-05-29 17:00:00,5.51000000,5.74100000,5.30200000,5.68100000,806988.00000000
2022-05-30 17:00:00,5.68200000,5.68200000,5.23700000,5.42400000,1153116.00000000
2022-05-31 17:00:00,5.43400000,5.57100000,5.07200000,5.18000000,727905.00000000
2022-06-01 17:00:00,5.16800000,5.31600000,5.03500000,5.30500000,458521.00000000
2022-06-02 17:00:00,5.27100000,5.29900000,4.98000000,5.11500000,548604.00000000
2022-06-03 17:00:00,5.13600000,5.26800000,5.06500000,5.14900000,322587.00000000
2022-06-04 17:00:00,5.18800000,5.21500000,5.09300000,5.15800000,198347.00000000
2022-06-05 17:00:00,5.13100000,5.26400000,5.05100000,5.12100000,602732.00000000
2022-06-06 17:00:00,5.09600000,5.10400000,4.82100000,5.02100000,299512.00000000
2022-06-07 17:00:00,5.01600000,5.04100000,4.81300000,4.89000000,290804.00000000
2022-06-08 17:00:00,4.83700000,4.88700000,4.58900000,4.64900000,1201878.00000000
2022-06-09 17:00:00,4.65400000,4.74800000,4.33300000,4.48700000,1058451.00000000
2022-06-10 17:00:00,4.47200000,4.48100000,3.90000000,4.10800000,307240.00000000
2022-06-11 17:00:00,4.11000000,4.11000000,3.73000000,3.73800000,351122.00000000
2022-06-12 17:00:00,3.72600000,3.86200000,3.03100000,3.08500000,2800134.00000000
2022-06-13 17:00:00,3.13600000,3.36400000,2.88600000,3.23100000,1493247.00000000
2022-06-14 17:00:00,3.21500000,3.66800000,2.90400000,3.60300000,1288072.00000000
2022-06-15 17:00:00,3.60200000,3.60200000,3.13400000,3.20000000,1349453.00000000
2022-06-16 17:00:00,3.22300000,3.36300000,3.21400000,3.29000000,331801.00000000
2022-06-17 17:00:00,3.26800000,3.32000000,2.87600000,3.06500000,691808.00000000
2022-06-18 17:00:00,3.08900000,3.65000000,2.97800000,3.49000000,1897139.00000000
2022-06-19 17:00:00,3.49400000,3.54900000,3.31600000,3.42900000,520466.00000000
2022-06-20 17:00:00,3.40200000,3.88800000,3.34200000,3.58400000,1223261.00000000
2022-06-21 17:00:00,3.56200000,3.56200000,3.28700000,3.40800000,612044.00000000
2022-06-22 17:00:00,3.38900000,3.53100000,3.38900000,3.51200000,367467.00000000
2022-06-23 17:00:00,3.53700000,3.82300000,3.49900000,3.77000000,1220235.00000000
2022-06-24 17:00:00,3.73000000,3.85800000,3.65000000,3.82200000,350288.00000000
2022-06-25 17:00:00,3.82700000,4.33500000,3.79700000,4.10000000,632519.00000000
2022-06-26 17:00:00,4.08300000,4.26900000,3.86600000,3.97100000,839004.00000000
2022-06-27 17:00:00,3.98800000,4.00600000,3.57000000,3.58400000,470001.00000000
2022-06-28 17:00:00,3.57000000,3.82800000,3.39900000,3.64500000,895692.00000000
2022-06-29 17:00:00,3.65600000,3.65600000,3.32400000,3.65000000,585502.00000000
2022-06-30 17:00:00,3.64400000,3.84200000,3.42500000,3.66800000,1005137.00000000
2022-07-01 17:00:00,3.65000000,3.77100000,3.63000000,3.73000000,526841.00000000
2022-07-02 17:00:00,3.71000000,3.74000000,3.63100000,3.68100000,134021.00000000
2022-07-03 17:00:00,3.71800000,3.97900000,3.64300000,3.97900000,374316.00000000
2022-07-04 17:00:00,3.96200000,4.36800000,3.89000000,4.19900000,927709.00000000
2022-07-05 17:00:00,4.19900000,4.64200000,4.19100000,4.41900000,785099.00000000
2022-07-06 17:00:00,4.42400000,4.56500000,4.37900000,4.55300000,276411.00000000
2022-07-07 17:00:00,4.53900000,4.70000000,4.33600000,4.50600000,470301.00000000
2022-07-08 17:00:00,4.52600000,4.54500000,4.45900000,4.47900000,176523.00000000
2022-07-09 17:00:00,4.47000000,4.47000000,4.27300000,4.35300000,170714.00000000
2022-07-10 17:00:00,4.35700000,4.43800000,3.98900000,3.98900000,417722.00000000
2022-07-11 17:00:00,3.98400000,4.05000000,3.75000000,3.75000000,456207.00000000
2022-07-12 17:00:00,3.72900000,3.90000000,3.64000000,3.88500000,444687.00000000
2022-07-13 17:00:00,3.85300000,3.92000000,3.71200000,3.89300000,356356.00000000
2022-07-14 17:00:00,3.89100000,4.02100000,3.85000000,3.90700000,578933.00000000
2022-07-15 17:00:00,3.85000000,3.94000000,3.77900000,3.92200000,318162.00000000
2022-07-16 17:00:00,3.91600000,3.98000000,3.84100000,3.84100000,163757.00000000
2022-07-17 17:00:00,3.83300000,4.13000000,3.83300000,4.01800000,333508.00000000
2022-07-18 17:00:00,4.02300000,4.16200000,3.87000000,4.07000000,297330.00000000
2022-07-19 17:00:00,4.10900000,4.45500000,3.82000000,3.95600000,1758515.00000000
2022-07-20 17:00:00,3.96300000,4.13300000,3.77000000,4.10200000,525327.00000000
2022-07-21 17:00:00,4.10000000,4.24900000,3.96600000,4.00000000,440981.00000000
2022-07-22 17:00:00,4.02500000,4.11500000,3.93600000,4.04500000,222994.00000000
2022-07-23 17:00:00,4.04500000,4.09000000,4.00000000,4.03900000,139982.00000000
2022-07-24 17:00:00,4.02400000,4.03500000,3.75000000,3.75300000,441830.00000000
2022-07-25 17:00:00,3.76000000,3.90000000,3.71500000,3.90000000,302362.00000000
2022-07-26 17:00:00,3.91000000,4.12200000,3.83300000,4.12200000,380237.00000000
2022-07-27 17:00:00,4.09600000,4.41200000,4.03300000,4.31000000,441787.00000000
2022-07-28 17:00:00,4.31400000,4.47000000,4.23600000,4.30300000,692343.00000000
2022-07-29 17:00:00,4.31000000,4.67200000,4.27800000,4.38000000,1050719.00000000
2022-07-30 17:00:00,4.35000000,4.53100000,4.28000000,4.29500000,387684.00000000
2022-07-31 17:00:00,4.28300000,4.46900000,4.16900000,4.23500000,723210.00000000
2022-08-01 17:00:00,4.25300000,4.26200000,4.01800000,4.10000000,281794.00000000
2022-08-02 17:00:00,4.08200000,4.22000000,4.02900000,4.09100000,439291.00000000
2022-08-03 17:00:00,4.14000000,4.15400000,4.03200000,4.10700000,353208.00000000
2022-08-04 17:00:00,4.11000000,4.27200000,4.09800000,4.23500000,665226.00000000
2022-08-05 17:00:00,4.25000000,4.33000000,4.17900000,4.20000000,211610.00000000
2022-08-06 17:00:00,4.20200000,4.27000000,4.14000000,4.18700000,408036.00000000
2022-08-07 17:00:00,4.19200000,4.40000000,4.19200000,4.31600000,489737.00000000
2022-08-08 17:00:00,4.33100000,4.53800000,4.13000000,4.19000000,861245.00000000
2022-08-09 17:00:00,4.19400000,4.39500000,4.06000000,4.35800000,507235.00000000
2022-08-10 17:00:00,4.38600000,4.59500000,4.29100000,4.30900000,428583.00000000
2022-08-11 17:00:00,4.31800000,4.50000000,4.27700000,4.49700000,160237.00000000
2022-08-12 17:00:00,4.49200000,4.65000000,4.47500000,4.48900000,435533.00000000
2022-08-13 17:00:00,4.51300000,5.19400000,4.51300000,5.07000000,2960257.00000000
2022-08-14 17:00:00,5.00100000,5.07000000,4.62600000,4.69200000,617750.00000000
2022-08-15 17:00:00,4.76300000,5.50000000,4.76000000,5.38000000,2235404.00000000
2022-08-16 17:00:00,5.32200000,5.45000000,4.83200000,4.88700000,881543.00000000
2022-08-17 17:00:00,4.88000000,5.00000000,4.44800000,4.51900000,400836.00000000
2022-08-18 17:00:00,4.48100000,4.50800000,4.04300000,4.08000000,1336228.00000000
2022-08-19 17:00:00,4.10400000,4.24800000,4.05400000,4.16600000,249851.00000000
2022-08-20 17:00:00,4.16700000,4.22200000,4.04000000,4.14700000,322950.00000000
2022-08-21 17:00:00,4.13800000,4.13800000,3.91000000,4.10000000,118229.00000000
2022-08-22 17:00:00,4.12200000,4.16700000,4.03800000,4.13300000,112085.00000000
2022-08-23 17:00:00,4.14100000,4.17400000,4.03000000,4.06600000,296847.00000000
2022-08-24 17:00:00,4.09600000,4.30000000,4.08800000,4.17200000,527331.00000000
2022-08-25 17:00:00,4.14000000,4.17400000,3.81500000,3.81500000,264535.00000000
2022-08-26 17:00:00,3.84100000,3.89200000,3.77500000,3.85500000,105398.00000000
2022-08-27 17:00:00,3.85500000,3.90300000,3.73900000,3.73900000,200259.00000000
2022-08-28 17:00:00,3.72800000,3.93800000,3.70000000,3.93800000,122811.00000000
2022-08-29 17:00:00,3.94400000,3.96800000,3.67700000,3.72800000,202111.00000000
2022-08-30 17:00:00,3.74300000,3.83300000,3.67900000,3.67900000,252619.00000000
2022-08-31 17:00:00,3.72000000,3.78600000,3.62000000,3.70300000,504909.00000000
2022-09-01 17:00:00,3.70400000,3.94200000,3.63600000,3.67900000,539531.00000000
2022-09-02 17:00:00,3.68700000,3.84400000,3.68000000,3.77600000,147621.00000000
2022-09-03 17:00:00,3.78000000,3.84900000,3.70800000,3.76700000,119128.00000000
2022-09-04 17:00:00,3.79700000,3.83700000,3.69300000,3.80100000,974796.00000000
2022-09-05 17:00:00,3.83800000,3.95700000,3.55500000,3.60700000,1106072.00000000
2022-09-06 17:00:00,3.58000000,3.80000000,3.51900000,3.78400000,252263.00000000
2022-09-07 17:00:00,3.79700000,3.79700000,3.64600000,3.70200000,209896.00000000
2022-09-08 17:00:00,3.72000000,3.93000000,3.72000000,3.91000000,938289.00000000
2022-09-09 17:00:00,3.87300000,3.97100000,3.79200000,3.93000000,574947.00000000
2022-09-10 17:00:00,3.92500000,3.95700000,3.80300000,3.87000000,318744.00000000
2022-09-11 17:00:00,3.85900000,3.95000000,3.80500000,3.85600000,397634.00000000
2022-09-12 17:00:00,3.82600000,3.92000000,3.56800000,3.65000000,430042.00000000
2022-09-13 17:00:00,3.65000000,3.71500000,3.57800000,3.67400000,463183.00000000
2022-09-14 17:00:00,3.64200000,3.67300000,3.52000000,3.54200000,304265.00000000
2022-09-15 17:00:00,3.51100000,3.67000000,3.50000000,3.67000000,449385.00000000
2022-09-16 17:00:00,3.62900000,3.75800000,3.62900000,3.75800000,109199.00000000
2022-09-17 17:00:00,3.72300000,3.72500000,3.44000000,3.46000000,160618.00000000
2022-09-18 17:00:00,3.46000000,3.53900000,3.37600000,3.48700000,235072.00000000
2022-09-19 17:00:00,3.48200000,3.66800000,3.42600000,3.61000000,361710.00000000
2022-09-20 17:00:00,3.61000000,3.70200000,3.44700000,3.50600000,415651.00000000
2022-09-21 17:00:00,3.47900000,3.65500000,3.47200000,3.63700000,222723.00000000
2022-09-22 17:00:00,3.64500000,3.78900000,3.46300000,3.75500000,879899.00000000
2022-09-23 17:00:00,3.69000000,4.00000000,3.66000000,3.70200000,617094.00000000
2022-09-24 17:00:00,3.70200000,3.70200000,3.49700000,3.56200000,304720.00000000
2022-09-25 17:00:00,3.55500000,3.62300000,3.50000000,3.58000000,482493.00000000
2022-09-26 17:00:00,3.59700000,3.71700000,3.54700000,3.59600000,718883.00000000
2022-09-27 17:00:00,3.58000000,3.59900000,3.45000000,3.53000000,655035.00000000
2022-09-28 17:00:00,3.52600000,3.57300000,3.46000000,3.51500000,215933.00000000
2022-09-29 17:00:00,3.53100000,3.69200000,3.40100000,3.65300000,677916.00000000
2022-09-30 17:00:00,3.65100000,3.74200000,3.54200000,3.58500000,359996.00000000
2022-10-01 17:00:00,3.58900000,3.60000000,3.48100000,3.50100000,367999.00000000
2022-10-02 17:00:00,3.50000000,3.54700000,3.40100000,3.53000000,630073.00000000
2022-10-03 17:00:00,3.51100000,3.91500000,3.49200000,3.91500000,1080656.00000000
2022-10-04 17:00:00,3.90800000,4.00000000,3.77000000,3.93200000,917650.00000000
2022-10-05 17:00:00,3.93200000,4.05600000,3.71700000,3.84700000,1146954.00000000
2022-10-06 17:00:00,3.83700000,3.91900000,3.80000000,3.83100000,762409.00000000
2022-10-07 17:00:00,3.81600000,3.89100000,3.80600000,3.83300000,374644.00000000
2022-10-08 17:00:00,3.83300000,3.92000000,3.81100000,3.86000000,280711.00000000
2022-10-09 17:00:00,3.85300000,3.88400000,3.75500000,3.76200000,681474.00000000
2022-10-10 17:00:00,3.75000000,3.95000000,3.64400000,3.94000000,728295.00000000
2022-10-11 17:00:00,3.94100000,3.94900000,3.77600000,3.82900000,595470.00000000
2022-10-12 17:00:00,3.82800000,3.86500000,3.52300000,3.84300000,1289170.00000000
2022-10-13 17:00:00,3.85500000,3.93800000,3.64800000,3.64800000,943651.00000000
2022-10-14 17:00:00,3.68700000,3.73700000,3.60000000,3.61200000,362938.00000000
2022-10-15 17:00:00,3.64100000,3.71700000,3.58800000,3.69000000,170967.00000000
2022-10-16 17:00:00,3.70200000,3.74500000,3.65300000,3.72300000,423684.00000000
2022-10-17 17:00:00,3.72100000,3.80000000,3.61500000,3.70700000,614505.00000000
2022-10-18 17:00:00,3.69900000,3.77000000,3.58800000,3.59600000,757111.00000000
2022-10-19 17:00:00,3.64400000,3.78600000,3.64000000,3.69600000,683377.00000000
2022-10-20 17:00:00,3.68200000,3.70400000,3.53100000,3.64600000,650386.00000000
2022-10-21 17:00:00,3.69100000,3.72900000,3.65300000,3.68000000,326182.00000000
2022-10-22 17:00:00,3.70800000,3.73000000,3.60100000,3.72000000,303757.00000000
2022-10-23 17:00:00,3.73300000,3.76100000,3.63800000,3.67900000,562014.00000000
2022-10-24 17:00:00,3.64500000,4.00000000,3.64100000,3.90000000,1350897.00000000
2022-10-25 17:00:00,3.91000000,4.54900000,3.87600000,4.49800000,2055988.00000000
2022-10-26 17:00:00,4.47500000,5.23500000,4.42200000,4.74500000,2263728.00000000
2022-10-27 17:00:00,4.77100000,5.43300000,4.46000000,5.20900000,2087109.00000000
2022-10-28 17:00:00,5.16700000,9.29300000,5.12100000,7.45900000,6004436.00000000
2022-10-29 17:00:00,7.53900000,8.81500000,6.71000000,7.27800000,2005021.00000000
2022-10-30 17:00:00,7.26800000,8.07900000,6.94100000,7.80400000,1471993.00000000
2022-10-31 17:00:00,7.74400000,9.71500000,7.68300000,8.83600000,1874415.00000000
2022-11-01 17:00:00,8.71200000,9.11300000,7.57400000,7.88200000,953713.00000000
2022-11-02 17:00:00,7.88200000,8.44200000,7.50000000,7.53100000,534717.00000000
2022-11-03 17:00:00,7.53000000,7.98300000,7.20000000,7.83300000,756396.00000000
2022-11-04 17:00:00,7.83400000,8.43100000,7.45700000,7.69500000,459268.00000000
2022-11-05 17:00:00,7.69500000,7.85400000,6.96900000,7.10700000,382631.00000000
2022-11-06 16:00:00,7.09300000,7.33500000,6.29200000,6.92500000,637449.00000000
2022-11-07 16:00:00,6.93800000,7.82300000,4.83000000,5.43400000,1416259.00000000
2022-11-08 16:00:00,5.45900000,5.66900000,4.39400000,4.61000000,2247609.00000000
2022-11-09 16:00:00,4.62200000,5.72400000,4.40500000,5.50800000,2091644.00000000
2022-11-10 16:00:00,5.50700000,5.66900000,4.66200000,5.18000000,1951550.00000000
2022-11-11 16:00:00,5.11500000,5.75700000,4.76100000,5.29500000,1388011.00000000
2022-11-12 16:00:00,5.28400000,5.48200000,5.01100000,5.14500000,776098.00000000
2022-11-13 16:00:00,5.16900000,5.51900000,4.85000000,5.22000000,898385.00000000
2022-11-14 16:00:00,5.16400000,5.42800000,5.13600000,5.25400000,384900.00000000
2022-11-15 16:00:00,5.29500000,5.52500000,5.04700000,5.22000000,447895.00000000
2022-11-16 16:00:00,5.18400000,5.28200000,5.00100000,5.17000000,89802.00000000
2022-11-17 16:00:00,5.09300000,5.25000000,5.02600000,5.14200000,202497.00000000
2022-11-18 16:00:00,5.14500000,5.14500000,5.00000000,5.13000000,380238.00000000
2022-11-19 16:00:00,5.13000000,5.20000000,4.53700000,4.70600000,399978.00000000
2022-11-20 16:00:00,4.65900000,5.22300000,4.20000000,4.49900000,1241699.00000000
2022-11-21 16:00:00,4.54800000,4.84900000,4.42500000,4.75000000,768168.00000000
2022-11-22 16:00:00,4.75000000,5.05000000,4.69200000,4.92400000,500966.00000000
2022-11-23 16:00:00,4.86900000,5.05000000,4.79500000,4.92100000,231815.00000000
2022-11-24 16:00:00,4.92200000,5.51800000,4.86800000,5.35200000,703430.00000000
2022-11-25 16:00:00,5.40900000,5.80000000,5.23000000,5.29700000,761430.00000000
2022-11-26 16:00:00,5.36900000,6.43900000,5.31500000,5.90300000,1141156.00000000
2022-11-27 16:00:00,5.96600000,5.99900000,5.50000000,5.75700000,556664.00000000
2022-11-28 16:00:00,5.75800000,6.38000000,5.70000000,6.12500000,1159334.00000000
2022-11-29 16:00:00,6.19000000,6.64000000,6.03800000,6.49200000,853056.00000000
2022-11-30 16:00:00,6.52000000,6.52000000,6.10800000,6.19500000,364196.00000000
2022-12-01 16:00:00,6.21200000,6.31800000,5.90000000,6.21200000,544574.00000000
2022-12-02 16:00:00,6.18300000,6.42200000,6.00200000,6.23500000,918363.00000000
2022-12-03 16:00:00,6.26300000,6.64000000,6.26300000,6.48400000,368941.00000000
2022-12-04 16:00:00,6.50000000,6.96900000,6.19900000,6.19900000,512669.00000000
2022-12-05 16:00:00,6.19900000,6.35500000,6.10000000,6.11900000,213130.00000000
2022-12-06 16:00:00,6.11900000,6.30000000,5.85000000,6.04900000,374351.00000000
2022-12-07 16:00:00,5.97700000,6.25900000,5.95200000,6.17400000,1586558.00000000
2022-12-08 16:00:00,6.21300000,6.23800000,6.00300000,6.08800000,2054450.00000000
2022-12-09 16:00:00,6.04800000,6.12400000,6.03400000,6.03600000,2800165.00000000
2022-12-10 16:00:00,6.05000000,6.16000000,5.75000000,5.81700000,2114662.00000000
2022-12-11 16:00:00,5.81700000,6.12000000,5.32400000,5.68200000,606758.00000000
2022-12-12 16:00:00,5.74100000,6.01900000,5.53200000,5.79500000,561747.00000000
2022-12-13 16:00:00,5.77700000,5.97000000,5.65700000,5.72900000,901159.00000000
2022-12-14 16:00:00,5.73200000,5.73700000,5.46000000,5.47700000,728888.00000000
2022-12-15 16:00:00,5.51900000,5.67800000,4.83800000,4.94100000,896789.00000000
2022-12-16 16:00:00,4.94100000,5.34000000,4.94100000,5.13600000,951199.00000000
2022-12-17 16:00:00,5.13900000,5.19000000,5.04200000,5.11300000,355068.00000000
2022-12-18 16:00:00,5.11400000,5.26900000,4.78800000,4.87700000,740634.00000000
2022-12-19 16:00:00,4.88000000,5.23900000,4.85600000,5.23900000,742240.00000000
2022-12-20 16:00:00,5.26700000,5.29900000,4.90000000,5.25800000,538974.00000000
2022-12-21 16:00:00,5.27300000,5.51900000,5.09000000,5.27500000,764493.00000000
2022-12-22 16:00:00,5.26300000,5.60000000,5.23000000,5.33900000,851954.00000000
2022-12-23 16:00:00,5.36400000,5.42200000,5.30700000,5.36600000,123787.00000000
2022-12-24 16:00:00,5.36600000,5.39900000,5.12200000,5.27300000,181849.00000000
2022-12-25 16:00:00,5.25600000,5.33700000,5.10100000,5.20700000,254188.00000000
2022-12-26 16:00:00,5.21700000,5.27100000,5.08900000,5.15700000,313231.00000000
2022-12-27 16:00:00,5.10000000,5.17200000,4.89700000,5.01700000,627030.00000000
2022-12-28 16:00:00,5.01700000,5.23700000,4.99200000,5.19700000,306425.00000000
2022-12-29 16:00:00,5.20200000,5.20400000,4.73100000,4.87900000,1200747.00000000
2022-12-30 16:00:00,4.89700000,5.14400000,4.87700000,5.07400000,320033.00000000
2022-12-31 16:00:00,5.07400000,5.11400000,4.98600000,5.05200000,229315.00000000
2023-01-01 16:00:00,5.06400000,5.31500000,4.98900000,5.13000000,310671.00000000
2023-01-02 16:00:00,5.13100000,5.20500000,5.01000000,5.05600000,239043.00000000
2023-01-03 16:00:00,5.10200000,5.30900000,5.05900000,5.29700000,474908.00000000
2023-01-04 16:00:00,5.31300000,5.43500000,5.10600000,5.13400000,351749.00000000
2023-01-05 16:00:00,5.18800000,5.27000000,5.04300000,5.25800000,388373.00000000
2023-01-06 16:00:00,5.26800000,5.29900000,5.19900000,5.24900000,101487.00000000
2023-01-07 16:00:00,5.25000000,5.35300000,5.17400000,5.35300000,109457.00000000
2023-01-08 16:00:00,5.35200000,5.63200000,5.28700000,5.36000000,538519.00000000
2023-01-09 16:00:00,5.40200000,5.50900000,5.25000000,5.50900000,185338.00000000
2023-01-10 16:00:00,5.46400000,5.55500000,5.23900000,5.44100000,449295.00000000
2023-01-11 16:00:00,5.46200000,5.70000000,5.21000000,5.52200000,786383.00000000
2023-01-12 16:00:00,5.52200000,5.82100000,5.43700000,5.74800000,484506.00000000
2023-01-13 16:00:00,5.76900000,6.25800000,5.70600000,5.99900000,1498795.00000000
2023-01-14 16:00:00,6.01100000,6.05100000,5.71800000,5.81100000,707814.00000000
2023-01-15 16:00:00,5.81200000,6.01100000,5.60000000,5.73200000,508054.00000000
2023-01-16 16:00:00,5.70700000,5.84200000,5.64200000,5.69200000,539425.00000000
2023-01-17 16:00:00,5.69400000,6.14900000,5.35000000,5.49000000,1083980.00000000
2023-01-18 16:00:00,5.47400000,5.65700000,5.47400000,5.62600000,261913.00000000
2023-01-19 16:00:00,5.62500000,5.92600000,5.53000000,5.89400000,510921.00000000
2023-01-20 16:00:00,5.83900000,6.06300000,5.71500000,5.78200000,895892.00000000
2023-01-21 16:00:00,5.82700000,6.40100000,5.80200000,6.04200000,607884.00000000
2023-01-22 16:00:00,6.04700000,6.25800000,5.95000000,6.12900000,658134.00000000
2023-01-23 16:00:00,6.10000000,6.25300000,5.70600000,5.78900000,634811.00000000
2023-01-24 16:00:00,5.81700000,6.08100000,5.68000000,6.03300000,695408.00000000
2023-01-25 16:00:00,6.00000000,6.06200000,5.89000000,6.00200000,207058.00000000
2023-01-26 16:00:00,6.01100000,6.10500000,5.84700000,6.01300000,159838.00000000
2023-01-27 16:00:00,6.09300000,6.64200000,6.06100000,6.14900000,585971.00000000
2023-01-28 16:00:00,6.17000000,6.36700000,6.12500000,6.30500000,723695.00000000
2023-01-29 16:00:00,6.27100000,6.50000000,5.94000000,6.23000000,907947.00000000
2023-01-30 16:00:00,6.23300000,6.86800000,6.21600000,6.74300000,1040470.00000000
2023-01-31 16:00:00,6.79600000,6.82700000,6.20000000,6.61500000,889648.00000000
2023-02-01 16:00:00,6.65300000,6.71500000,6.39000000,6.42600000,805555.00000000
2023-02-02 16:00:00,6.45800000,6.61100000,6.37700000,6.61100000,867104.00000000
2023-02-03 16:00:00,6.58300000,7.07000000,6.56900000,6.75700000,872115.00000000
2023-02-04 16:00:00,6.76000000,6.87500000,6.43400000,6.53700000,1067872.00000000
2023-02-05 16:00:00,6.56800000,6.63900000,6.36100000,6.42400000,547866.00000000
2023-02-06 16:00:00,6.43700000,6.64300000,6.37900000,6.55900000,633800.00000000
2023-02-07 16:00:00,6.60200000,6.65000000,6.43000000,6.54900000,571790.00000000
2023-02-08 16:00:00,6.51900000,6.55800000,5.77400000,5.93000000,1264079.00000000
2023-02-09 16:00:00,5.96200000,6.09600000,5.85000000,5.95700000,615436.00000000
2023-02-10 16:00:00,5.94700000,6.06600000,5.92300000,6.03700000,355656.00000000
2023-02-11 16:00:00,6.03100000,6.30000000,5.98800000,6.07800000,605640.00000000
2023-02-12 16:00:00,6.07500000,6.34600000,5.87900000,6.06000000,808918.00000000
2023-02-13 16:00:00,6.02400000,6.16900000,5.94000000,6.14600000,471856.00000000
2023-02-14 16:00:00,6.17000000,6.62000000,6.08000000,6.61000000,1047249.00000000
2023-02-15 16:00:00,6.57400000,6.84900000,6.33100000,6.39500000,1590450.00000000
2023-02-16 16:00:00,6.33100000,6.53000000,6.32500000,6.50500000,946701.00000000
2023-02-17 16:00:00,6.48800000,6.70000000,6.43200000,6.60300000,639005.00000000
2023-02-18 16:00:00,6.59100000,6.67500000,6.35000000,6.41000000,773313.00000000
2023-02-19 16:00:00,6.44500000,6.60500000,6.31000000,6.58000000,555187.00000000
2023-02-20 16:00:00,6.58900000,6.61000000,6.31500000,6.36400000,830989.00000000
2023-02-21 16:00:00,6.37500000,6.62000000,6.18000000,6.40400000,1278596.00000000
2023-02-22 16:00:00,6.39200000,6.46200000,6.29100000,6.32500000,413939.00000000
2023-02-23 16:00:00,6.33000000,6.41000000,6.02500000,6.15900000,359960.00000000
2023-02-24 16:00:00,6.15600000,6.24500000,5.99900000,6.14300000,275254.00000000
2023-02-25 16:00:00,6.14400000,6.27700000,6.12000000,6.23400000,206165.00000000
2023-02-26 16:00:00,6.25200000,6.25200000,6.01900000,6.10900000,177622.00000000
2023-02-27 16:00:00,6.10900000,6.25400000,6.04500000,6.09000000,279233.00000000
2023-02-28 16:00:00,6.11000000,6.25100000,6.07900000,6.21900000,206733.00000000
2023-03-01 16:00:00,6.22700000,6.23700000,6.08700000,6.13400000,318590.00000000
2023-03-02 16:00:00,6.13300000,6.14500000,5.65000000,5.91400000,676029.00000000
2023-03-03 16:00:00,5.91400000,5.95000000,5.61000000,5.75500000,344613.00000000
2023-03-04 16:00:00,5.77000000,5.86000000,5.72600000,5.76100000,395945.00000000
2023-03-05 16:00:00,5.74500000,5.79900000,5.65100000,5.75400000,408850.00000000
2023-03-06 16:00:00,5.77900000,5.85000000,5.60000000,5.72100000,407095.00000000
2023-03-07 16:00:00,5.72600000,5.73600000,5.42200000,5.52400000,280972.00000000
2023-03-08 16:00:00,5.51400000,5.58700000,4.98800000,5.09500000,612180.00000000
2023-03-09 16:00:00,5.12700000,5.14400000,4.86500000,5.13800000,412720.00000000
2023-03-10 16:00:00,5.11500000,5.31800000,4.96000000,5.15300000,478944.00000000
2023-03-11 16:00:00,5.12700000,5.48500000,5.07900000,5.44500000,629473.00000000
2023-03-12 17:00:00,5.45500000,5.59000000,5.21300000,5.52800000,577670.00000000
2023-03-13 17:00:00,5.50100000,5.86500000,5.39900000,5.67000000,1877669.00000000
2023-03-14 17:00:00,5.67500000,5.75500000,5.19700000,5.32500000,912106.00000000
2023-03-15 17:00:00,5.32000000,5.70000000,5.27000000,5.58400000,586305.00000000
2023-03-16 17:00:00,5.55700000,5.97200000,5.51200000,5.91700000,933097.00000000
2023-03-17 17:00:00,5.92900000,6.10000000,5.61300000,5.66900000,579112.00000000
2023-03-18 17:00:00,5.69400000,5.95600000,5.69400000,5.79700000,463778.00000000
2023-03-19 17:00:00,5.81200000,5.87300000,5.49000000,5.55300000,609100.00000000
2023-03-20 17:00:00,5.57500000,6.05100000,5.48300000,5.97600000,629243.00000000
2023-03-21 17:00:00,5.95700000,6.05100000,5.58200000,5.76300000,898620.00000000
2023-03-22 17:00:00,5.74400000,6.09000000,5.70000000,5.96300000,995804.00000000
2023-03-23 17:00:00,5.95300000,5.96100000,5.70000000,5.81300000,527752.00000000
2023-03-24 17:00:00,5.81500000,5.92600000,5.66500000,5.78100000,629779.00000000
2023-03-25 17:00:00,5.77500000,5.88000000,5.72200000,5.78700000,309820.00000000
2023-03-26 17:00:00,5.80800000,5.92400000,5.57400000,5.69700000,603546.00000000
2023-03-27 17:00:00,5.69800000,5.77500000,5.61000000,5.75300000,231034.00000000
2023-03-28 17:00:00,5.73800000,6.00000000,5.73800000,5.90100000,525529.00000000
2023-03-29 17:00:00,5.92000000,5.97300000,5.73200000,5.78400000,576833.00000000
2023-03-30 17:00:00,5.81300000,6.08900000,5.70700000,6.02000000,937317.00000000
2023-03-31 17:00:00,6.00900000,6.52300000,5.95000000,6.41000000,1696826.00000000
2023-04-01 17:00:00,6.41000000,6.70000000,6.06300000,6.17700000,1471712.00000000
2023-04-02 17:00:00,6.17700000,8.31000000,5.97000000,7.58000000,4091532.00000000
2023-04-03 17:00:00,7.55200000,8.22200000,7.31800000,7.55200000,2852287.00000000
2023-04-04 17:00:00,7.58500000,7.90000000,7.32400000,7.44000000,1400490.00000000
2023-04-05 17:00:00,7.44000000,7.55000000,6.89600000,6.96000000,2034387.00000000
2023-04-06 17:00:00,6.95400000,7.04800000,6.88000000,6.94000000,158241.00000000
