2021-11-09 16:00:00,0.06930000,0.13750000,0.03000000,0.12039000,203907.09000000
2021-11-10 16:00:00,0.12072000,0.14091000,0.08759000,0.08835000,109755.50000000
2021-11-11 16:00:00,0.08851000,0.10257000,0.08145000,0.08706000,38271.85000000
2021-11-12 16:00:00,0.08706000,0.10066000,0.07712000,0.08537000,51402.68000000
2021-11-13 16:00:00,0.08555000,0.09785000,0.08255000,0.08604000,22541.46000000
2021-11-14 16:00:00,0.08631000,0.09296000,0.07895000,0.08819000,42604.35000000
2021-11-15 16:00:00,0.08786000,0.09315000,0.08129000,0.08173000,40258.68000000
2021-11-16 16:00:00,0.08167000,0.08846000,0.07817000,0.08319000,34529.32000000
2021-11-17 16:00:00,0.08302000,0.08713000,0.07531000,0.07756000,22063.52000000
2021-11-18 16:00:00,0.07781000,0.08949000,0.07303000,0.08191000,22349.71000000
2021-11-19 16:00:00,0.08243000,0.08436000,0.07739000,0.07743000,10660.21000000
2021-11-20 16:00:00,0.07704000,0.07795000,0.07027000,0.07156000,13389.47000000
2021-11-21 16:00:00,0.07205000,0.08059000,0.06965000,0.07329000,21161.39000000
2021-11-22 16:00:00,0.07308000,0.08891000,0.07250000,0.08533000,19895.68000000
2021-11-23 16:00:00,0.08604000,0.08635000,0.07846000,0.08300000,13999.68000000
2021-11-24 16:00:00,0.08325000,0.11671000,0.08088000,0.10674000,62944.06000000
2021-11-25 16:00:00,0.10730000,0.12230000,0.09795000,0.10119000,66253.83000000
2021-11-26 16:00:00,0.10134000,0.13800000,0.10087000,0.12299000,63740.56000000
2021-11-27 16:00:00,0.12253000,0.13160000,0.11318000,0.12454000,30544.10000000
2021-11-28 16:00:00,0.12490000,0.13604000,0.11141000,0.11244000,28924.65000000
2021-11-29 16:00:00,0.11253000,0.12350000,0.10944000,0.11273000,22807.86000000
2021-11-30 16:00:00,0.11232000,0.11888000,0.10010000,0.10379000,13595.59000000
2021-12-01 16:00:00,0.10333000,0.10333000,0.09579000,0.09934000,7669.85000000
2021-12-02 16:00:00,0.09994000,0.10225000,0.08647000,0.09077000,9043.10000000
2021-12-03 16:00:00,0.09108000,0.09255000,0.07647000,0.08957000,17725.25000000
2021-12-04 16:00:00,0.08913000,0.09466000,0.08301000,0.08887000,13016.15000000
2021-12-05 16:00:00,0.08827000,0.09000000,0.07825000,0.08751000,15332.88000000
2021-12-06 16:00:00,0.08714000,0.09154000,0.08372000,0.08855000,5163.10000000
2021-12-07 16:00:00,0.08844000,0.09033000,0.08091000,0.08097000,3298.33000000
2021-12-08 16:00:00,0.08138000,0.08294000,0.07835000,0.07880000,5936.36000000
2021-12-09 16:00:00,0.07880000,0.08004000,0.07641000,0.07723000,4031.90000000
2021-12-10 16:00:00,0.07698000,0.08709000,0.07500000,0.08442000,16110.90000000
2021-12-11 16:00:00,0.08368000,0.08472000,0.07866000,0.08220000,6418.82000000
2021-12-12 16:00:00,0.08182000,0.08182000,0.07539000,0.07678000,7296.15000000
2021-12-13 16:00:00,0.07688000,0.07890000,0.07344000,0.07527000,8457.48000000
2021-12-14 16:00:00,0.07553000,0.08190000,0.07364000,0.07810000,7267.87000000
2021-12-15 16:00:00,0.07861000,0.08811000,0.07856000,0.08423000,8378.26000000
2021-12-16 16:00:00,0.08424000,0.08795000,0.07776000,0.08022000,7124.93000000
2021-12-17 16:00:00,0.07997000,0.08232000,0.07832000,0.07978000,2802.46000000
2021-12-18 16:00:00,0.07970000,0.08067000,0.07674000,0.07694000,5933.24000000
2021-12-19 16:00:00,0.07712000,0.07966000,0.07371000,0.07690000,3063.24000000
2021-12-20 16:00:00,0.07809000,0.07959000,0.07665000,0.07750000,2168.82000000
2021-12-21 16:00:00,0.07780000,0.08528000,0.07717000,0.08416000,6855.46000000
2021-12-22 16:00:00,0.08500000,0.09071000,0.08031000,0.09030000,5893.64000000
2021-12-23 16:00:00,0.09000000,0.09000000,0.08297000,0.08428000,3549.17000000
2021-12-24 16:00:00,0.08432000,0.08796000,0.08272000,0.08471000,3386.37000000
2021-12-25 16:00:00,0.08440000,0.08600000,0.08147000,0.08356000,3947.27000000
2021-12-26 16:00:00,0.08330000,0.08662000,0.07829000,0.07851000,5009.78000000
2021-12-27 16:00:00,0.07835000,0.07865000,0.07364000,0.07432000,5595.40000000
2021-12-28 16:00:00,0.07425000,0.07580000,0.07185000,0.07475000,2986.60000000
2021-12-29 16:00:00,0.07463000,0.07806000,0.07346000,0.07526000,4311.25000000
2021-12-30 16:00:00,0.07546000,0.07929000,0.07520000,0.07636000,4512.29000000
2021-12-31 16:00:00,0.07628000,0.07786000,0.07536000,0.07590000,2157.05000000
2022-01-01 16:00:00,0.07610000,0.07869000,0.07568000,0.07713000,2698.09000000
2022-01-02 16:00:00,0.07743000,0.07757000,0.07442000,0.07688000,2889.67000000
2022-01-03 16:00:00,0.07700000,0.08053000,0.07601000,0.07634000,3997.78000000
2022-01-04 16:00:00,0.07622000,0.07799000,0.06731000,0.07112000,5773.77000000
2022-01-05 16:00:00,0.07111000,0.07286000,0.06847000,0.07021000,3792.84000000
2022-01-06 16:00:00,0.07012000,0.07206000,0.06410000,0.06694000,7755.81000000
2022-01-07 16:00:00,0.06708000,0.06782000,0.06151000,0.06441000,9601.85000000
2022-01-08 16:00:00,0.06441000,0.06816000,0.06289000,0.06395000,3403.59000000
2022-01-09 16:00:00,0.06370000,0.06485000,0.05935000,0.05998000,5571.31000000
2022-01-10 16:00:00,0.05968000,0.06190000,0.05662000,0.05751000,3898.81000000
2022-01-11 16:00:00,0.05777000,0.05926000,0.05710000,0.05731000,4827.78000000
2022-01-12 16:00:00,0.05748000,0.05794000,0.05401000,0.05406000,5782.19000000
2022-01-13 16:00:00,0.05387000,0.05500000,0.05256000,0.05363000,2755.03000000
2022-01-14 16:00:00,0.05375000,0.05607000,0.05331000,0.05398000,2612.47000000
2022-01-15 16:00:00,0.05373000,0.05626000,0.05218000,0.05527000,3790.06000000
2022-01-16 16:00:00,0.05573000,0.05591000,0.05063000,0.05121000,4869.69000000
2022-01-17 16:00:00,0.05110000,0.05173000,0.04885000,0.04950000,3272.79000000
2022-01-18 16:00:00,0.04966000,0.04971000,0.04660000,0.04792000,3904.21000000
2022-01-19 16:00:00,0.04798000,0.05173000,0.04707000,0.04789000,5269.79000000
2022-01-20 16:00:00,0.04801000,0.04949000,0.04575000,0.04678000,7302.66000000
2022-01-21 16:00:00,0.04639000,0.04820000,0.04365000,0.04468000,11003.07000000
2022-01-22 16:00:00,0.04466000,0.04573000,0.04322000,0.04458000,4160.69000000
2022-01-23 16:00:00,0.04478000,0.04492000,0.04266000,0.04418000,4361.96000000
2022-01-24 16:00:00,0.04428000,0.04486000,0.04239000,0.04317000,2969.44000000
2022-01-25 16:00:00,0.04347000,0.05116000,0.04200000,0.04544000,12411.75000000
2022-01-26 16:00:00,0.04601000,0.04612000,0.04114000,0.04318000,2997.71000000
2022-01-27 16:00:00,0.04299000,0.04645000,0.04191000,0.04625000,2123.54000000
2022-01-28 16:00:00,0.04612000,0.05357000,0.04612000,0.05154000,2849.79000000
2022-01-29 16:00:00,0.05147000,0.05338000,0.04949000,0.05104000,1649.03000000
2022-01-30 16:00:00,0.05010000,0.05513000,0.04771000,0.05394000,4387.48000000
2022-01-31 16:00:00,0.05376000,0.05517000,0.05016000,0.05046000,3288.76000000
2022-02-01 16:00:00,0.05081000,0.05113000,0.04826000,0.04891000,3574.91000000
2022-02-02 16:00:00,0.04884000,0.04967000,0.04809000,0.04926000,3305.62000000
2022-02-03 16:00:00,0.04950000,0.05242000,0.04866000,0.05175000,3569.68000000
2022-02-04 16:00:00,0.05169000,0.05373000,0.04851000,0.04851000,5471.93000000
2022-02-05 16:00:00,0.04844000,0.05010000,0.04690000,0.04950000,8835.66000000
2022-02-06 16:00:00,0.04950000,0.05218000,0.04759000,0.05023000,9063.81000000
2022-02-07 16:00:00,0.05053000,0.05307000,0.04645000,0.04917000,8953.62000000
2022-02-08 16:00:00,0.04942000,0.05037000,0.04771000,0.05019000,4926.58000000
2022-02-09 16:00:00,0.04998000,0.05110000,0.04550000,0.04592000,5527.09000000
2022-02-10 16:00:00,0.04546000,0.04595000,0.04249000,0.04292000,5215.61000000
2022-02-11 16:00:00,0.04315000,0.04342000,0.04163000,0.04224000,2849.12000000
2022-02-12 16:00:00,0.04214000,0.04423000,0.04187000,0.04227000,2639.77000000
2022-02-13 16:00:00,0.04212000,0.04268000,0.04102000,0.04218000,2744.00000000
2022-02-14 16:00:00,0.04213000,0.04374000,0.04130000,0.04243000,5018.02000000
2022-02-15 16:00:00,0.04238000,0.04310000,0.04056000,0.04116000,4188.43000000
2022-02-16 16:00:00,0.04122000,0.04175000,0.03882000,0.03923000,10264.63000000
2022-02-17 16:00:00,0.03911000,0.04042000,0.03881000,0.03981000,2119.62000000
2022-02-18 16:00:00,0.03974000,0.04148000,0.03883000,0.04018000,6136.34000000
2022-02-19 16:00:00,0.03976000,0.04070000,0.03937000,0.03998000,2491.30000000
2022-02-20 16:00:00,0.03995000,0.04150000,0.03880000,0.03895000,3963.20000000
2022-02-21 16:00:00,0.03889000,0.03976000,0.03765000,0.03952000,12751.58000000
2022-02-22 16:00:00,0.03969000,0.04054000,0.03873000,0.03886000,4244.57000000
2022-02-23 16:00:00,0.03904000,0.03904000,0.03576000,0.03787000,12793.03000000
2022-02-24 16:00:00,0.03813000,0.03976000,0.03726000,0.03976000,2947.42000000
2022-02-25 16:00:00,0.03897000,0.03932000,0.03768000,0.03768000,2920.49000000
2022-02-26 16:00:00,0.03768000,0.03770000,0.03604000,0.03675000,4781.31000000
2022-02-27 16:00:00,0.03664000,0.03976000,0.03617000,0.03869000,3434.53000000
2022-02-28 16:00:00,0.03865000,0.03890000,0.03600000,0.03718000,3269.08000000
2022-03-01 16:00:00,0.03681000,0.03833000,0.03639000,0.03714000,1442.08000000
2022-03-02 16:00:00,0.03689000,0.03798000,0.03500000,0.03564000,2459.86000000
2022-03-03 16:00:00,0.03547000,0.04580000,0.03372000,0.04088000,11301.19000000
2022-03-04 16:00:00,0.04112000,0.04216000,0.03819000,0.03893000,7738.67000000
2022-03-05 16:00:00,0.03912000,0.04254000,0.03720000,0.03732000,9231.11000000
2022-03-06 16:00:00,0.03714000,0.03831000,0.03528000,0.03602000,7479.51000000
2022-03-07 16:00:00,0.03617000,0.03738000,0.03582000,0.03627000,2703.56000000
2022-03-08 16:00:00,0.03650000,0.03767000,0.03617000,0.03746000,3867.76000000
2022-03-09 16:00:00,0.03761000,0.04167000,0.03708000,0.03752000,6322.39000000
2022-03-10 16:00:00,0.03775000,0.03798000,0.03675000,0.03693000,1198.40000000
2022-03-11 16:00:00,0.03706000,0.03745000,0.03630000,0.03645000,889.49000000
2022-03-12 16:00:00,0.03649000,0.03705000,0.03516000,0.03529000,1798.44000000
2022-03-13 17:00:00,0.03535000,0.03676000,0.03500000,0.03639000,2950.76000000
2022-03-14 17:00:00,0.03623000,0.03641000,0.03537000,0.03586000,950.35000000
2022-03-15 17:00:00,0.03603000,0.03776000,0.03530000,0.03744000,1929.31000000
2022-03-16 17:00:00,0.03741000,0.04772000,0.03727000,0.03831000,10754.44000000
2022-03-17 17:00:00,0.03788000,0.04096000,0.03695000,0.03776000,5951.28000000
2022-03-18 17:00:00,0.03792000,0.04271000,0.03792000,0.04144000,5790.44000000
2022-03-19 17:00:00,0.04121000,0.04177000,0.03938000,0.04066000,4730.09000000
2022-03-20 17:00:00,0.04056000,0.04347000,0.03946000,0.03994000,6071.36000000
2022-03-21 17:00:00,0.04008000,0.04514000,0.03952000,0.04355000,44158.94000000
2022-03-22 17:00:00,0.04321000,0.04735000,0.04227000,0.04442000,11189.92000000
2022-03-23 17:00:00,0.04451000,0.04499000,0.04237000,0.04387000,6433.80000000
2022-03-24 17:00:00,0.04355000,0.04507000,0.04225000,0.04273000,4453.35000000
2022-03-25 17:00:00,0.04303000,0.04303000,0.04125000,0.04173000,1590.81000000
2022-03-26 17:00:00,0.04182000,0.04283000,0.04081000,0.04271000,4906.85000000
2022-03-27 17:00:00,0.04275000,0.04682000,0.04228000,0.04339000,7112.26000000
2022-03-28 17:00:00,0.04399000,0.04708000,0.04335000,0.04423000,12689.84000000
2022-03-29 17:00:00,0.04415000,0.04716000,0.04294000,0.04355000,12210.16000000
2022-03-30 17:00:00,0.04370000,0.04650000,0.04142000,0.04201000,11675.14000000
2022-03-31 17:00:00,0.04223000,0.04294000,0.04030000,0.04119000,7981.69000000
2022-04-01 17:00:00,0.04102000,0.04500000,0.04090000,0.04277000,6685.90000000
2022-04-02 17:00:00,0.04273000,0.04740000,0.04184000,0.04646000,8820.89000000
2022-04-03 17:00:00,0.04635000,0.04693000,0.04291000,0.04435000,5982.55000000
2022-04-04 17:00:00,0.04423000,0.04494000,0.04212000,0.04236000,7543.20000000
2022-04-05 17:00:00,0.04247000,0.04251000,0.03836000,0.03836000,9845.83000000
2022-04-06 17:00:00,0.03862000,0.03905000,0.03749000,0.03801000,1486.21000000
2022-04-07 17:00:00,0.03815000,0.03876000,0.03572000,0.03588000,4978.48000000
2022-04-08 17:00:00,0.03596000,0.03674000,0.03578000,0.03661000,833.90000000
2022-04-09 17:00:00,0.03649000,0.03804000,0.03614000,0.03620000,2134.14000000
2022-04-10 17:00:00,0.03618000,0.03664000,0.03452000,0.03499000,6043.99000000
2022-04-11 17:00:00,0.03499000,0.03546000,0.03391000,0.03458000,4105.78000000
2022-04-12 17:00:00,0.03441000,0.03516000,0.03367000,0.03439000,1280.55000000
2022-04-13 17:00:00,0.03439000,0.03506000,0.03349000,0.03372000,673.12000000
2022-04-14 17:00:00,0.03382000,0.03429000,0.03345000,0.03388000,522.26000000
2022-04-15 17:00:00,0.03407000,0.03470000,0.03390000,0.03433000,1874.44000000
2022-04-16 17:00:00,0.03410000,0.03560000,0.03360000,0.03374000,3457.90000000
2022-04-17 17:00:00,0.03374000,0.03426000,0.03290000,0.03416000,3211.34000000
2022-04-18 17:00:00,0.03443000,0.03531000,0.03409000,0.03530000,800.04000000
2022-04-19 17:00:00,0.03525000,0.03753000,0.03414000,0.03500000,7378.85000000
2022-04-20 17:00:00,0.03503000,0.03705000,0.03494000,0.03579000,3709.84000000
2022-04-21 17:00:00,0.03608000,0.03691000,0.03472000,0.03502000,2130.33000000
2022-04-22 17:00:00,0.03480000,0.03511000,0.03425000,0.03481000,1324.20000000
2022-04-23 17:00:00,0.03487000,0.03873000,0.03487000,0.03850000,2431.41000000
2022-04-24 17:00:00,0.03848000,0.03940000,0.03732000,0.03892000,5968.45000000
2022-04-25 17:00:00,0.03884000,0.04148000,0.03691000,0.03714000,9074.55000000
2022-04-26 17:00:00,0.03720000,0.04974000,0.03716000,0.04757000,34771.47000000
2022-04-27 17:00:00,0.04770000,0.05248000,0.04545000,0.04606000,17684.95000000
2022-04-28 17:00:00,0.04682000,0.04754000,0.04098000,0.04151000,72596.39000000
2022-04-29 17:00:00,0.04149000,0.05884000,0.04130000,0.05427000,28758.79000000
2022-04-30 17:00:00,0.05384000,0.06361000,0.04873000,0.06276000,19541.72000000
2022-05-01 17:00:00,0.06266000,0.06962000,0.05819000,0.06608000,11458.64000000
2022-05-02 17:00:00,0.06632000,0.07070000,0.05697000,0.05708000,51233.23000000
2022-05-03 17:00:00,0.05714000,0.05754000,0.05121000,0.05527000,78594.23000000
2022-05-04 17:00:00,0.05499000,0.06250000,0.04906000,0.05006000,68455.22000000
2022-05-05 17:00:00,0.05016000,0.05131000,0.04590000,0.04855000,14377.35000000
2022-05-06 17:00:00,0.04860000,0.05321000,0.04670000,0.05048000,6939.31000000
2022-05-07 17:00:00,0.04982000,0.05328000,0.04748000,0.04776000,9287.44000000
2022-05-08 17:00:00,0.04802000,0.04896000,0.04392000,0.04499000,53623.63000000
2022-05-09 17:00:00,0.04471000,0.04883000,0.04269000,0.04449000,7057.98000000
2022-05-10 17:00:00,0.04439000,0.04564000,0.03131000,0.03506000,34000.24000000
2022-05-11 17:00:00,0.03532000,0.03694000,0.02889000,0.03234000,12582.79000000
2022-05-12 17:00:00,0.03181000,0.03578000,0.03169000,0.03423000,9584.46000000
2022-05-13 17:00:00,0.03355000,0.03703000,0.03105000,0.03244000,4214.23000000
2022-05-14 17:00:00,0.03238000,0.03315000,0.03000000,0.03315000,2319.88000000
2022-05-15 17:00:00,0.03291000,0.03594000,0.03018000,0.03541000,10388.92000000
2022-05-16 17:00:00,0.03549000,0.04233000,0.03517000,0.04077000,35826.37000000
2022-05-17 17:00:00,0.04099000,0.04278000,0.03642000,0.03646000,11329.59000000
2022-05-18 17:00:00,0.03694000,0.04186000,0.03455000,0.04186000,6461.22000000
2022-05-19 17:00:00,0.04117000,0.04420000,0.04012000,0.04384000,7365.16000000
2022-05-20 17:00:00,0.04384000,0.04500000,0.04017000,0.04153000,4458.05000000
2022-05-21 17:00:00,0.04071000,0.04149000,0.03817000,0.03973000,4220.30000000
2022-05-22 17:00:00,0.04019000,0.04185000,0.03835000,0.03999000,8322.04000000
2022-05-23 17:00:00,0.03999000,0.03999000,0.03646000,0.03782000,16324.75000000
2022-05-24 17:00:00,0.03767000,0.03936000,0.03636000,0.03780000,3668.12000000
2022-05-25 17:00:00,0.03820000,0.03864000,0.03367000,0.03431000,13614.60000000
2022-05-26 17:00:00,0.03451000,0.03462000,0.03219000,0.03225000,8665.28000000
2022-05-27 17:00:00,0.03256000,0.03381000,0.03250000,0.03301000,1136.38000000
2022-05-28 17:00:00,0.03277000,0.03399000,0.03276000,0.03313000,7484.64000000
2022-05-29 17:00:00,0.03400000,0.03981000,0.03400000,0.03934000,5509.82000000
2022-05-30 17:00:00,0.03907000,0.04137000,0.03639000,0.03702000,9467.87000000
2022-05-31 17:00:00,0.03688000,0.03795000,0.03500000,0.03594000,7706.14000000
2022-06-01 17:00:00,0.03551000,0.03710000,0.03448000,0.03710000,1833.76000000
2022-06-02 17:00:00,0.03655000,0.03684000,0.03492000,0.03645000,855.30000000
2022-06-03 17:00:00,0.03624000,0.03716000,0.03553000,0.03626000,905.18000000
2022-06-04 17:00:00,0.03652000,0.03786000,0.03615000,0.03731000,2353.47000000
2022-06-05 17:00:00,0.03744000,0.04152000,0.03744000,0.04150000,4131.30000000
2022-06-06 17:00:00,0.04038000,0.04249000,0.03924000,0.04147000,2880.70000000
2022-06-07 17:00:00,0.04099000,0.04249000,0.03937000,0.03947000,3993.83000000
2022-06-08 17:00:00,0.03964000,0.04248000,0.03927000,0.03979000,1687.14000000
2022-06-09 17:00:00,0.03947000,0.04038000,0.03598000,0.03633000,4315.72000000
2022-06-10 17:00:00,0.03624000,0.03738000,0.03338000,0.03404000,7838.16000000
2022-06-11 17:00:00,0.03402000,0.03569000,0.03259000,0.03317000,5926.74000000
2022-06-12 17:00:00,0.03335000,0.03778000,0.03212000,0.03611000,8148.93000000
2022-06-13 17:00:00,0.03583000,0.03859000,0.03562000,0.03714000,5247.09000000
2022-06-14 17:00:00,0.03694000,0.04093000,0.03606000,0.03995000,10371.57000000
2022-06-15 17:00:00,0.04023000,0.04039000,0.03731000,0.03813000,3446.75000000
2022-06-16 17:00:00,0.03836000,0.03974000,0.03748000,0.03809000,2746.51000000
2022-06-17 17:00:00,0.03806000,0.04584000,0.03768000,0.04536000,4882.32000000
2022-06-18 17:00:00,0.04536000,0.04536000,0.04093000,0.04143000,6778.27000000
2022-06-19 17:00:00,0.04166000,0.04304000,0.04088000,0.04175000,1460.60000000
2022-06-20 17:00:00,0.04168000,0.04339000,0.04097000,0.04110000,5333.29000000
2022-06-21 17:00:00,0.04150000,0.04182000,0.03946000,0.03967000,5023.42000000
2022-06-22 17:00:00,0.03978000,0.04128000,0.03957000,0.04043000,4884.20000000
2022-06-23 17:00:00,0.04075000,0.04304000,0.03960000,0.04143000,2690.10000000
2022-06-24 17:00:00,0.04121000,0.04277000,0.04031000,0.04070000,3193.54000000
2022-06-25 17:00:00,0.04125000,0.04220000,0.03971000,0.03971000,1259.73000000
2022-06-26 17:00:00,0.03960000,0.04075000,0.03947000,0.03971000,1145.77000000
2022-06-27 17:00:00,0.04002000,0.04026000,0.03844000,0.03886000,715.01000000
2022-06-28 17:00:00,0.03874000,0.04051000,0.03874000,0.04026000,1173.21000000
2022-06-29 17:00:00,0.03995000,0.04031000,0.03852000,0.03923000,1745.05000000
2022-06-30 17:00:00,0.03900000,0.03943000,0.03783000,0.03875000,1036.61000000
2022-07-01 17:00:00,0.03906000,0.03940000,0.03839000,0.03906000,337.63000000
2022-07-02 17:00:00,0.03899000,0.04153000,0.03857000,0.04118000,1584.92000000
2022-07-03 17:00:00,0.04150000,0.04277000,0.04067000,0.04277000,3199.80000000
2022-07-04 17:00:00,0.04206000,0.04214000,0.04019000,0.04070000,1925.32000000
2022-07-05 17:00:00,0.03996000,0.04357000,0.03942000,0.04343000,1648.95000000
2022-07-06 17:00:00,0.04336000,0.04534000,0.04234000,0.04332000,2872.94000000
2022-07-07 17:00:00,0.04323000,0.04329000,0.04179000,0.04242000,781.95000000
2022-07-08 17:00:00,0.04202000,0.04233000,0.04119000,0.04147000,1269.52000000
2022-07-09 17:00:00,0.04103000,0.04336000,0.04009000,0.04009000,2087.29000000
2022-07-10 17:00:00,0.03985000,0.04024000,0.03742000,0.03798000,4139.27000000
2022-07-11 17:00:00,0.03822000,0.03843000,0.03755000,0.03811000,472.00000000
2022-07-12 17:00:00,0.03779000,0.03869000,0.03688000,0.03832000,4315.15000000
2022-07-13 17:00:00,0.03842000,0.03894000,0.03727000,0.03808000,599.61000000
2022-07-14 17:00:00,0.03878000,0.03951000,0.03831000,0.03831000,1120.91000000
2022-07-15 17:00:00,0.03816000,0.03967000,0.03816000,0.03896000,628.40000000
2022-07-16 17:00:00,0.03869000,0.03892000,0.03733000,0.03811000,1253.89000000
2022-07-17 17:00:00,0.03774000,0.04545000,0.03774000,0.04310000,9866.19000000
2022-07-18 17:00:00,0.04276000,0.04378000,0.04024000,0.04059000,6622.57000000
2022-07-19 17:00:00,0.04086000,0.04511000,0.04086000,0.04430000,5263.84000000
2022-07-20 17:00:00,0.04460000,0.05118000,0.04396000,0.04876000,10843.95000000
2022-07-21 17:00:00,0.04923000,0.05062000,0.04587000,0.04644000,12199.96000000
2022-07-22 17:00:00,0.04632000,0.05071000,0.04580000,0.04980000,2579.13000000
2022-07-23 17:00:00,0.04916000,0.05211000,0.04812000,0.05052000,2560.95000000
2022-07-24 17:00:00,0.05066000,0.05239000,0.04798000,0.05092000,3728.53000000
2022-07-25 17:00:00,0.05023000,0.05166000,0.04777000,0.05145000,3424.46000000
2022-07-26 17:00:00,0.05204000,0.05884000,0.05017000,0.05717000,4343.63000000
2022-07-27 17:00:00,0.05732000,0.05999000,0.05347000,0.05456000,6182.81000000
2022-07-28 17:00:00,0.05465000,0.05719000,0.04882000,0.04991000,4927.92000000
2022-07-29 17:00:00,0.05009000,0.05523000,0.04927000,0.05099000,3634.04000000
2022-07-30 17:00:00,0.05102000,0.05366000,0.04944000,0.05060000,1765.44000000
2022-07-31 17:00:00,0.05110000,0.05368000,0.04910000,0.04981000,1516.11000000
2022-08-01 17:00:00,0.05043000,0.05373000,0.04830000,0.05263000,1911.42000000
2022-08-02 17:00:00,0.05318000,0.05701000,0.05175000,0.05600000,6007.56000000
2022-08-03 17:00:00,0.05501000,0.05839000,0.05047000,0.05139000,7725.82000000
2022-08-04 17:00:00,0.05056000,0.05617000,0.05017000,0.05459000,6203.96000000
2022-08-05 17:00:00,0.05388000,0.05790000,0.05321000,0.05346000,3224.21000000
2022-08-06 17:00:00,0.05414000,0.05474000,0.05181000,0.05181000,1031.78000000
2022-08-07 17:00:00,0.05233000,0.05318000,0.05090000,0.05140000,593.66000000
2022-08-08 17:00:00,0.05097000,0.05122000,0.04798000,0.04798000,2987.15000000
2022-08-09 17:00:00,0.04769000,0.05072000,0.04656000,0.04891000,2960.78000000
2022-08-10 17:00:00,0.04938000,0.05031000,0.04798000,0.04798000,1933.62000000
2022-08-11 17:00:00,0.04769000,0.04904000,0.04769000,0.04895000,831.02000000
2022-08-12 17:00:00,0.04887000,0.04936000,0.04652000,0.04717000,1195.27000000
2022-08-13 17:00:00,0.04751000,0.04855000,0.04508000,0.04576000,17469.80000000
2022-08-14 17:00:00,0.04587000,0.04708000,0.04454000,0.04708000,2635.23000000
2022-08-15 17:00:00,0.04734000,0.04951000,0.04587000,0.04720000,2487.15000000
2022-08-16 17:00:00,0.04757000,0.05214000,0.04757000,0.05166000,2569.17000000
2022-08-17 17:00:00,0.05166000,0.05308000,0.04563000,0.04737000,1681.91000000
2022-08-18 17:00:00,0.04700000,0.04700000,0.04382000,0.04576000,2734.00000000
2022-08-19 17:00:00,0.04607000,0.04713000,0.04362000,0.04459000,452.46000000
2022-08-20 17:00:00,0.04495000,0.04526000,0.04319000,0.04385000,772.14000000
2022-08-21 17:00:00,0.04362000,0.04563000,0.04285000,0.04563000,333.44000000
2022-08-22 17:00:00,0.04594000,0.04663000,0.04342000,0.04568000,1355.42000000
2022-08-23 17:00:00,0.04525000,0.04873000,0.04431000,0.04685000,1646.48000000
2022-08-24 17:00:00,0.04685000,0.04726000,0.04441000,0.04495000,4031.59000000
2022-08-25 17:00:00,0.04495000,0.04529000,0.04303000,0.04353000,4083.43000000
2022-08-26 17:00:00,0.04357000,0.04396000,0.04231000,0.04250000,2381.98000000
2022-08-27 17:00:00,0.04327000,0.04327000,0.04068000,0.04068000,482.03000000
2022-08-28 17:00:00,0.04102000,0.04450000,0.04064000,0.04390000,2422.51000000
2022-08-29 17:00:00,0.04362000,0.04392000,0.04254000,0.04364000,1281.98000000
2022-08-30 17:00:00,0.04364000,0.04502000,0.04352000,0.04479000,1605.54000000
2022-08-31 17:00:00,0.04494000,0.04855000,0.04494000,0.04822000,5556.53000000
2022-09-01 17:00:00,0.04778000,0.05010000,0.04718000,0.04985000,1470.60000000
2022-09-02 17:00:00,0.04946000,0.05122000,0.04942000,0.05037000,1534.32000000
2022-09-03 17:00:00,0.04999000,0.05182000,0.04839000,0.04917000,1502.02000000
2022-09-04 17:00:00,0.04935000,0.05387000,0.04787000,0.05237000,1587.41000000
2022-09-05 17:00:00,0.05286000,0.05550000,0.04998000,0.05447000,5313.14000000
2022-09-06 17:00:00,0.05405000,0.05453000,0.05028000,0.05295000,4654.08000000
2022-09-07 17:00:00,0.05349000,0.05690000,0.05245000,0.05605000,2123.80000000
2022-09-08 17:00:00,0.05575000,0.05683000,0.05186000,0.05288000,2020.00000000
2022-09-09 17:00:00,0.05256000,0.05515000,0.05122000,0.05237000,8936.94000000
2022-09-10 17:00:00,0.05214000,0.05527000,0.05120000,0.05329000,9915.02000000
2022-09-11 17:00:00,0.05309000,0.05387000,0.04998000,0.05120000,7570.71000000
2022-09-12 17:00:00,0.05114000,0.05414000,0.04906000,0.05254000,4138.10000000
2022-09-13 17:00:00,0.05214000,0.05449000,0.05120000,0.05245000,1571.18000000
2022-09-14 17:00:00,0.05213000,0.05361000,0.05058000,0.05244000,2368.01000000
2022-09-15 17:00:00,0.05214000,0.05524000,0.05148000,0.05277000,4204.99000000
2022-09-16 17:00:00,0.05269000,0.05326000,0.05018000,0.05189000,2891.77000000
2022-09-17 17:00:00,0.05182000,0.05237000,0.04558000,0.04787000,3594.17000000
2022-09-18 17:00:00,0.04821000,0.05259000,0.04747000,0.05019000,2040.21000000
2022-09-19 17:00:00,0.05068000,0.05140000,0.04937000,0.05037000,1402.85000000
2022-09-20 17:00:00,0.05068000,0.05414000,0.05007000,0.05095000,3449.73000000
2022-09-21 17:00:00,0.05098000,0.05339000,0.05028000,0.05045000,771.80000000
2022-09-22 17:00:00,0.05071000,0.05248000,0.04959000,0.05058000,1208.27000000
2022-09-23 17:00:00,0.05098000,0.05129000,0.04902000,0.04955000,2766.31000000
2022-09-24 17:00:00,0.04964000,0.05223000,0.04938000,0.05026000,899.74000000
2022-09-25 17:00:00,0.04998000,0.05461000,0.04987000,0.05373000,4073.89000000
2022-09-26 17:00:00,0.05415000,0.05709000,0.05308000,0.05605000,3544.96000000
2022-09-27 17:00:00,0.05593000,0.05892000,0.05250000,0.05610000,4123.01000000
2022-09-28 17:00:00,0.05599000,0.05770000,0.05411000,0.05517000,1230.01000000
2022-09-29 17:00:00,0.05512000,0.05765000,0.05373000,0.05611000,2595.13000000
2022-09-30 17:00:00,0.05605000,0.05605000,0.05217000,0.05286000,737.80000000
2022-10-01 17:00:00,0.05284000,0.05351000,0.04998000,0.04998000,1825.12000000
2022-10-02 17:00:00,0.04989000,0.05465000,0.04957000,0.05437000,1383.77000000
2022-10-03 17:00:00,0.05421000,0.05582000,0.05309000,0.05406000,1562.30000000
2022-10-04 17:00:00,0.05400000,0.06024000,0.05300000,0.05953000,6086.94000000
2022-10-05 17:00:00,0.05936000,0.06113000,0.05811000,0.05989000,2617.50000000
2022-10-06 17:00:00,0.06036000,0.06262000,0.05914000,0.06087000,2589.59000000
2022-10-07 17:00:00,0.06061000,0.06410000,0.06006000,0.06410000,1026.62000000
2022-10-08 17:00:00,0.06360000,0.06569000,0.06200000,0.06497000,513.85000000
2022-10-09 17:00:00,0.06476000,0.06488000,0.05931000,0.05989000,1306.02000000
2022-10-10 17:00:00,0.05926000,0.06236000,0.05926000,0.06135000,775.11000000
2022-10-11 17:00:00,0.06184000,0.06449000,0.06061000,0.06310000,1176.98000000
2022-10-12 17:00:00,0.06361000,0.07392000,0.06131000,0.07147000,8422.57000000
2022-10-13 17:00:00,0.07137000,0.07482000,0.07086000,0.07312000,30668.52000000
2022-10-14 17:00:00,0.07258000,0.07333000,0.06984000,0.07316000,926.13000000
2022-10-15 17:00:00,0.07271000,0.08081000,0.07129000,0.07309000,4097.95000000
2022-10-16 17:00:00,0.07282000,0.07380000,0.06877000,0.07045000,2599.40000000
2022-10-17 17:00:00,0.06994000,0.07242000,0.06775000,0.07015000,1369.44000000
2022-10-18 17:00:00,0.06970000,0.07015000,0.06727000,0.06849000,7004.75000000
2022-10-19 17:00:00,0.06797000,0.07030000,0.06409000,0.06438000,3396.95000000
2022-10-20 17:00:00,0.06405000,0.06405000,0.06187000,0.06283000,2197.19000000
2022-10-21 17:00:00,0.06246000,0.06467000,0.06094000,0.06201000,1746.52000000
2022-10-22 17:00:00,0.06156000,0.06276000,0.06006000,0.06231000,720.97000000
2022-10-23 17:00:00,0.06242000,0.06410000,0.06115000,0.06190000,702.56000000
2022-10-24 17:00:00,0.06172000,0.06410000,0.06083000,0.06186000,3767.03000000
2022-10-25 17:00:00,0.06135000,0.06527000,0.06135000,0.06220000,1451.49000000
2022-10-26 17:00:00,0.06230000,0.06323000,0.06010000,0.06010000,945.64000000
2022-10-27 17:00:00,0.05987000,0.06036000,0.05725000,0.05778000,2423.55000000
2022-10-28 17:00:00,0.05740000,0.06295000,0.05724000,0.05775000,3400.96000000
2022-10-29 17:00:00,0.05800000,0.06175000,0.05443000,0.05480000,4451.24000000
2022-10-30 17:00:00,0.05499000,0.05577000,0.05087000,0.05202000,2503.77000000
2022-10-31 17:00:00,0.05207000,0.05223000,0.04956000,0.05027000,3691.79000000
2022-11-01 17:00:00,0.04962000,0.05227000,0.04844000,0.05027000,4389.63000000
2022-11-02 17:00:00,0.05074000,0.05365000,0.04955000,0.05062000,2146.15000000
2022-11-03 17:00:00,0.05014000,0.05081000,0.04826000,0.05033000,1747.45000000
2022-11-04 17:00:00,0.05056000,0.05235000,0.04932000,0.05160000,2429.92000000
2022-11-05 17:00:00,0.05128000,0.05296000,0.04744000,0.04853000,4674.39000000
2022-11-06 16:00:00,0.04862000,0.05002000,0.04805000,0.04813000,2730.69000000
2022-11-07 16:00:00,0.04782000,0.04840000,0.04000000,0.04105000,10954.98000000
2022-11-08 16:00:00,0.04140000,0.04224000,0.03839000,0.03988000,8417.10000000
2022-11-09 16:00:00,0.03922000,0.04317000,0.03903000,0.04281000,4802.57000000
2022-11-10 16:00:00,0.04309000,0.04456000,0.04196000,0.04314000,2150.04000000
2022-11-11 16:00:00,0.04281000,0.04443000,0.04050000,0.04330000,3948.41000000
2022-11-12 16:00:00,0.04330000,0.04551000,0.04311000,0.04424000,3962.85000000
2022-11-13 16:00:00,0.04431000,0.04890000,0.04255000,0.04684000,5308.43000000
2022-11-14 16:00:00,0.04634000,0.04872000,0.04578000,0.04796000,1386.60000000
2022-11-15 16:00:00,0.04754000,0.04870000,0.04650000,0.04683000,1198.31000000
2022-11-16 16:00:00,0.04657000,0.04820000,0.04650000,0.04797000,626.96000000
2022-11-17 16:00:00,0.04814000,0.04861000,0.04653000,0.04775000,1114.94000000
2022-11-18 16:00:00,0.04727000,0.05350000,0.04727000,0.04920000,11802.09000000
2022-11-19 16:00:00,0.04930000,0.04930000,0.04587000,0.04602000,13317.23000000
2022-11-20 16:00:00,0.04580000,0.04743000,0.04575000,0.04705000,13225.61000000
2022-11-21 16:00:00,0.04760000,0.04765000,0.04585000,0.04634000,1834.91000000
2022-11-22 16:00:00,0.04612000,0.04840000,0.04321000,0.04487000,2366.79000000
2022-11-23 16:00:00,0.04465000,0.04578000,0.04300000,0.04414000,1114.39000000
2022-11-24 16:00:00,0.04383000,0.04495000,0.04301000,0.04349000,703.20000000
2022-11-25 16:00:00,0.04349000,0.04383000,0.04133000,0.04179000,2692.50000000
2022-11-26 16:00:00,0.04142000,0.04455000,0.04142000,0.04346000,1596.35000000
2022-11-27 16:00:00,0.04350000,0.04481000,0.04292000,0.04423000,1152.19000000
2022-11-28 16:00:00,0.04385000,0.04567000,0.04385000,0.04557000,1215.95000000
2022-11-29 16:00:00,0.04585000,0.04870000,0.04559000,0.04727000,3217.57000000
2022-11-30 16:00:00,0.04690000,0.04888000,0.04610000,0.04834000,1435.16000000
2022-12-01 16:00:00,0.04811000,0.04856000,0.04764000,0.04811000,302.92000000
2022-12-02 16:00:00,0.04817000,0.05057000,0.04777000,0.04784000,4213.75000000
2022-12-03 16:00:00,0.04804000,0.05045000,0.04758000,0.04823000,5224.58000000
2022-12-04 16:00:00,0.04803000,0.05104000,0.04731000,0.04836000,11064.52000000
2022-12-05 16:00:00,0.04845000,0.04869000,0.04672000,0.04732000,2389.95000000
2022-12-06 16:00:00,0.04763000,0.05619000,0.04660000,0.04690000,45797.59000000
2022-12-07 16:00:00,0.04701000,0.05106000,0.04668000,0.04705000,14435.52000000
2022-12-08 16:00:00,0.04701000,0.05449000,0.04672000,0.04714000,34357.40000000
2022-12-09 16:00:00,0.04740000,0.05550000,0.04729000,0.04764000,31288.63000000
2022-12-10 16:00:00,0.04783000,0.05015000,0.04679000,0.04689000,2277.27000000
2022-12-11 16:00:00,0.04684000,0.04828000,0.04546000,0.04828000,536.42000000
2022-12-12 16:00:00,0.04833000,0.05088000,0.04833000,0.04915000,979.36000000
2022-12-13 16:00:00,0.04939000,0.05039000,0.04868000,0.05009000,330.94000000
2022-12-14 16:00:00,0.04963000,0.05000000,0.04878000,0.04992000,802.93000000
2022-12-15 16:00:00,0.04991000,0.05164000,0.04841000,0.04984000,2865.08000000
2022-12-16 16:00:00,0.05018000,0.05072000,0.04780000,0.04800000,1526.46000000
2022-12-17 16:00:00,0.04818000,0.04940000,0.04622000,0.04626000,7875.14000000
2022-12-18 16:00:00,0.04638000,0.04726000,0.04391000,0.04470000,2704.05000000
2022-12-19 16:00:00,0.04523000,0.04592000,0.04503000,0.04528000,649.98000000
2022-12-20 16:00:00,0.04513000,0.04589000,0.04503000,0.04589000,382.60000000
2022-12-21 16:00:00,0.04587000,0.04633000,0.04483000,0.04544000,124.69000000
2022-12-22 16:00:00,0.04557000,0.04641000,0.04448000,0.04448000,1344.47000000
2022-12-23 16:00:00,0.04430000,0.04558000,0.04402000,0.04488000,234.61000000
2022-12-24 16:00:00,0.04488000,0.04547000,0.04430000,0.04539000,186.24000000
2022-12-25 16:00:00,0.04565000,0.04709000,0.04536000,0.04621000,187.19000000
2022-12-26 16:00:00,0.04663000,0.04699000,0.04508000,0.04523000,318.93000000
2022-12-27 16:00:00,0.04555000,0.04555000,0.04430000,0.04483000,1125.86000000
2022-12-28 16:00:00,0.04492000,0.04577000,0.04301000,0.04378000,1257.40000000
2022-12-29 16:00:00,0.04378000,0.04398000,0.04315000,0.04327000,224.79000000
2022-12-30 16:00:00,0.04378000,0.04435000,0.04324000,0.04399000,114.41000000
2022-12-31 16:00:00,0.04358000,0.04452000,0.04342000,0.04452000,80.07000000
2023-01-01 16:00:00,0.04468000,0.04637000,0.04426000,0.04594000,446.94000000
2023-01-02 16:00:00,0.04581000,0.04583000,0.04506000,0.04506000,29.95000000
2023-01-03 16:00:00,0.04589000,0.04669000,0.04483000,0.04535000,575.06000000
2023-01-04 16:00:00,0.04539000,0.04588000,0.04411000,0.04411000,215.26000000
2023-01-05 16:00:00,0.04378000,0.04456000,0.04300000,0.04430000,238.16000000
2023-01-06 16:00:00,0.04417000,0.04482000,0.04378000,0.04408000,130.35000000
2023-01-07 16:00:00,0.04378000,0.04483000,0.04354000,0.04368000,453.73000000
2023-01-08 16:00:00,0.04398000,0.04537000,0.04381000,0.04499000,1879.86000000
2023-01-09 16:00:00,0.04494000,0.04523000,0.04377000,0.04408000,1019.10000000
2023-01-10 16:00:00,0.04436000,0.04464000,0.04250000,0.04395000,620.96000000
2023-01-11 16:00:00,0.04416000,0.04472000,0.04313000,0.04409000,1739.52000000
2023-01-12 16:00:00,0.04432000,0.04634000,0.04397000,0.04520000,6263.80000000
2023-01-13 16:00:00,0.04571000,0.04628000,0.04374000,0.04555000,8329.20000000
2023-01-14 16:00:00,0.04581000,0.04752000,0.04525000,0.04677000,4508.31000000
2023-01-15 16:00:00,0.04650000,0.05149000,0.04617000,0.04968000,10777.86000000
2023-01-16 16:00:00,0.04989000,0.04989000,0.04711000,0.04711000,9122.80000000
2023-01-17 16:00:00,0.04746000,0.04857000,0.04607000,0.04728000,2110.67000000
2023-01-18 16:00:00,0.04705000,0.04818000,0.04680000,0.04762000,463.28000000
2023-01-19 16:00:00,0.04763000,0.05153000,0.04763000,0.04955000,3694.71000000
2023-01-20 16:00:00,0.04988000,0.05067000,0.04866000,0.04885000,3785.50000000
2023-01-21 16:00:00,0.04919000,0.04984000,0.04697000,0.04757000,3099.84000000
2023-01-22 16:00:00,0.04806000,0.05021000,0.04806000,0.04881000,1327.90000000
2023-01-23 16:00:00,0.04879000,0.04879000,0.04532000,0.04624000,4256.36000000
2023-01-24 16:00:00,0.04650000,0.04860000,0.04551000,0.04860000,1720.09000000
2023-01-25 16:00:00,0.04862000,0.05045000,0.04851000,0.05019000,5521.32000000
2023-01-26 16:00:00,0.05030000,0.05599000,0.04899000,0.05439000,8443.74000000
2023-01-27 16:00:00,0.05438000,0.05461000,0.05173000,0.05214000,5453.95000000
2023-01-28 16:00:00,0.05211000,0.05247000,0.05027000,0.05060000,2160.58000000
2023-01-29 16:00:00,0.05099000,0.05365000,0.04874000,0.05275000,2747.21000000
2023-01-30 16:00:00,0.05242000,0.05296000,0.05047000,0.05113000,1154.81000000
2023-01-31 16:00:00,0.05118000,0.05297000,0.04869000,0.05125000,2915.20000000
2023-02-01 16:00:00,0.05171000,0.05376000,0.05000000,0.05031000,2524.84000000
2023-02-02 16:00:00,0.04999000,0.05008000,0.04762000,0.04974000,2116.12000000
2023-02-03 16:00:00,0.04965000,0.05034000,0.04831000,0.04839000,1040.36000000
2023-02-04 16:00:00,0.04835000,0.04849000,0.04600000,0.04660000,2224.67000000
2023-02-05 16:00:00,0.04642000,0.04671000,0.04531000,0.04571000,1466.39000000
2023-02-06 16:00:00,0.04585000,0.04855000,0.04552000,0.04824000,4648.81000000
2023-02-07 16:00:00,0.04817000,0.04900000,0.04651000,0.04673000,3254.18000000
2023-02-08 16:00:00,0.04678000,0.04768000,0.04492000,0.04581000,2838.45000000
2023-02-09 16:00:00,0.04574000,0.04627000,0.04489000,0.04580000,138.21000000
2023-02-10 16:00:00,0.04568000,0.04675000,0.04517000,0.04667000,395.43000000
2023-02-11 16:00:00,0.04672000,0.04730000,0.04412000,0.04425000,470.31000000
2023-02-12 16:00:00,0.04538000,0.04770000,0.04537000,0.04700000,719.30000000
2023-02-13 16:00:00,0.04701000,0.04920000,0.04701000,0.04920000,929.94000000
2023-02-14 16:00:00,0.04896000,0.04897000,0.04800000,0.04800000,353.26000000
2023-02-15 16:00:00,0.04825000,0.05133000,0.04741000,0.04741000,3970.27000000
2023-02-16 16:00:00,0.04770000,0.04989000,0.04745000,0.04921000,2011.54000000
2023-02-17 16:00:00,0.04912000,0.05282000,0.04837000,0.05100000,3389.76000000
2023-02-18 16:00:00,0.05059000,0.05401000,0.04968000,0.05333000,4959.58000000
2023-02-19 16:00:00,0.05334000,0.05738000,0.05301000,0.05664000,7467.94000000
2023-02-20 16:00:00,0.05552000,0.05598000,0.05175000,0.05230000,2951.67000000
2023-02-21 16:00:00,0.05313000,0.05313000,0.05105000,0.05206000,2047.91000000
2023-02-22 16:00:00,0.05215000,0.05405000,0.05215000,0.05306000,1344.70000000
2023-02-23 16:00:00,0.05337000,0.05439000,0.05148000,0.05198000,2068.41000000
2023-02-24 16:00:00,0.05209000,0.05222000,0.04876000,0.04989000,616.74000000
2023-02-25 16:00:00,0.04953000,0.05313000,0.04946000,0.05304000,927.98000000
2023-02-26 16:00:00,0.05326000,0.05455000,0.05225000,0.05360000,295.67000000
2023-02-27 16:00:00,0.05360000,0.05390000,0.05011000,0.05035000,1765.26000000
2023-02-28 16:00:00,0.05072000,0.05331000,0.05053000,0.05309000,1734.04000000
2023-03-01 16:00:00,0.05326000,0.05449000,0.05137000,0.05201000,1610.14000000
2023-03-02 16:00:00,0.05138000,0.05189000,0.04850000,0.04850000,5566.58000000
2023-03-03 16:00:00,0.04928000,0.04928000,0.04750000,0.04847000,2757.17000000
2023-03-04 16:00:00,0.04806000,0.04887000,0.04763000,0.04806000,213.28000000
2023-03-05 16:00:00,0.04790000,0.04887000,0.04743000,0.04806000,264.51000000
2023-03-06 16:00:00,0.04847000,0.04890000,0.04700000,0.04806000,68.43000000
2023-03-07 16:00:00,0.04792000,0.04792000,0.04421000,0.04457000,293.66000000
2023-03-08 16:00:00,0.04475000,0.04571000,0.04322000,0.04384000,469.94000000
2023-03-09 16:00:00,0.04398000,0.04573000,0.04328000,0.04496000,2677.68000000
2023-03-10 16:00:00,0.04458000,0.04525000,0.04240000,0.04413000,806.40000000
2023-03-11 16:00:00,0.04348000,0.04533000,0.04348000,0.04533000,245.87000000
2023-03-12 17:00:00,0.04538000,0.04627000,0.04191000,0.04275000,3288.58000000
2023-03-13 17:00:00,0.04311000,0.04579000,0.04211000,0.04523000,4456.21000000
2023-03-14 17:00:00,0.04487000,0.04573000,0.04067000,0.04121000,2696.58000000
2023-03-15 17:00:00,0.04124000,0.04375000,0.03929000,0.04135000,5055.36000000
2023-03-16 17:00:00,0.04152000,0.04517000,0.04069000,0.04348000,1973.72000000
2023-03-17 17:00:00,0.04312000,0.04390000,0.04266000,0.04276000,2619.02000000
2023-03-18 17:00:00,0.04300000,0.04357000,0.04200000,0.04280000,634.57000000
2023-03-19 17:00:00,0.04276000,0.04376000,0.04033000,0.04101000,628.09000000
2023-03-20 17:00:00,0.04120000,0.04256000,0.04064000,0.04240000,435.35000000
2023-03-21 17:00:00,0.04205000,0.04414000,0.04151000,0.04205000,1320.89000000
2023-03-22 17:00:00,0.04239000,0.04290000,0.04187000,0.04252000,437.58000000
2023-03-23 17:00:00,0.04229000,0.04281000,0.04135000,0.04148000,312.44000000
2023-03-24 17:00:00,0.04170000,0.04170000,0.04033000,0.04067000,134.06000000
2023-03-25 17:00:00,0.04071000,0.04098000,0.04026000,0.04033000,348.52000000
2023-03-26 17:00:00,0.04010000,0.04126000,0.03900000,0.04078000,647.90000000
2023-03-27 17:00:00,0.04067000,0.04236000,0.04067000,0.04170000,1483.18000000
2023-03-28 17:00:00,0.04205000,0.04328000,0.04172000,0.04328000,477.59000000
2023-03-29 17:00:00,0.04348000,0.04356000,0.04170000,0.04205000,222.18000000
2023-03-30 17:00:00,0.04240000,0.04369000,0.04187000,0.04276000,613.50000000
2023-03-31 17:00:00,0.04255000,0.04313000,0.04232000,0.04313000,308.23000000
2023-04-01 17:00:00,0.04326000,0.04326000,0.04196000,0.04229000,110.99000000
2023-04-02 17:00:00,0.04191000,0.04313000,0.04118000,0.04273000,413.69000000
2023-04-03 17:00:00,0.04237000,0.04356000,0.04237000,0.04333000,35.34000000
2023-04-04 17:00:00,0.04312000,0.04405000,0.04234000,0.04240000,1202.55000000
2023-04-05 17:00:00,0.04270000,0.04276000,0.04193000,0.04217000,175.16000000
2023-04-06 17:00:00,0.04219000,0.04271000,0.04147000,0.04205000,680.06000000
2023-04-07 17:00:00,0.04210000,0.04210000,0.04128000,0.04128000,81.19000000
2023-04-08 17:00:00,0.04142000,0.04142000,0.04062000,0.04117000,110.07000000
2023-04-09 17:00:00,0.04112000,0.04200000,0.04101000,0.04187000,200.86000000
2023-04-10 17:00:00,0.04157000,0.04157000,0.04000000,0.04101000,426.64000000
2023-04-11 17:00:00,0.04081000,0.04205000,0.04030000,0.04200000,399.64000000
2023-04-12 17:00:00,0.04193000,0.04240000,0.04170000,0.04205000,602.94000000
2023-04-13 17:00:00,0.04240000,0.04348000,0.04193000,0.04243000,1201.81000000
2023-04-14 17:00:00,0.04240000,0.04240000,0.04161000,0.04182000,524.20000000
2023-04-15 17:00:00,0.04184000,0.04625000,0.04157000,0.04195000,2675.79000000
2023-04-16 17:00:00,0.04189000,0.04189000,0.04065000,0.04167000,4049.16000000
2023-04-17 17:00:00,0.04157000,0.04313000,0.04154000,0.04200000,2401.97000000
2023-04-18 17:00:00,0.04184000,0.04219000,0.03968000,0.04101000,3412.21000000
2023-04-19 17:00:00,0.04086000,0.04099000,0.03948000,0.04067000,558.46000000
2023-04-20 17:00:00,0.04067000,0.04071000,0.03699000,0.03711000,1448.38000000
2023-04-21 17:00:00,0.03714000,0.03716000,0.03644000,0.03691000,652.25000000
2023-04-22 17:00:00,0.03691000,0.03694000,0.03617000,0.03647000,434.41000000
2023-04-23 17:00:00,0.03647000,0.03667000,0.03615000,0.03657000,576.65000000
2023-04-24 17:00:00,0.03657000,0.03657000,0.03545000,0.03594000,562.01000000
2023-04-25 17:00:00,0.03609000,0.03726000,0.03466000,0.03579000,869.19000000
2023-04-26 17:00:00,0.03622000,0.03668000,0.03606000,0.03666000,172.67000000
2023-04-27 17:00:00,0.03701000,0.39000000,0.03701000,0.03766000,19715.47000000
2023-04-28 17:00:00,0.03790000,0.03862000,0.03780000,0.03821000,1026.47000000
2023-04-29 17:00:00,0.03821000,0.03821000,0.03568000,0.03568000,2332.84000000
2023-04-30 17:00:00,0.03536000,0.03551000,0.03485000,0.03509000,1037.03000000
2023-05-01 17:00:00,0.03545000,0.03637000,0.03545000,0.03637000,251.49000000
2023-05-02 17:00:00,0.03623000,0.03676000,0.03550000,0.03676000,654.02000000
2023-05-03 17:00:00,0.03677000,0.03689000,0.03622000,0.03659000,124.05000000
2023-05-04 17:00:00,0.03669000,0.03698000,0.03650000,0.03688000,61.52000000
2023-05-05 17:00:00,0.03676000,0.03686000,0.03441000,0.03494000,905.20000000
2023-05-06 17:00:00,0.03476000,0.03476000,0.03418000,0.03425000,125.63000000
2023-05-07 17:00:00,0.03383000,0.03383000,0.03200000,0.03294000,963.54000000
2023-05-08 17:00:00,0.03318000,0.03319000,0.03246000,0.03304000,371.17000000
2023-05-09 17:00:00,0.03310000,0.03367000,0.03274000,0.03366000,465.25000000
2023-05-10 17:00:00,0.03354000,0.03354000,0.03289000,0.03307000,259.67000000
2023-05-11 17:00:00,0.03290000,0.03376000,0.03245000,0.03367000,453.05000000
2023-05-12 17:00:00,0.03382000,0.03382000,0.03314000,0.03314000,231.78000000
2023-05-13 17:00:00,0.03299000,0.03360000,0.03299000,0.03330000,61.65000000
2023-05-14 17:00:00,0.03351000,0.03366000,0.03345000,0.03360000,90.29000000
2023-05-15 17:00:00,0.03360000,0.03397000,0.03347000,0.03388000,53.12000000
2023-05-16 17:00:00,0.03436000,0.03445000,0.03349000,0.03445000,135.76000000
2023-05-17 17:00:00,0.03431000,0.03431000,0.03300000,0.03318000,330.61000000
2023-05-18 17:00:00,0.03330000,0.03372000,0.03316000,0.03372000,216.18000000
2023-05-19 17:00:00,0.03368000,0.03380000,0.03356000,0.03361000,32.39000000
2023-05-20 17:00:00,0.03358000,0.03358000,0.03252000,0.03258000,481.24000000
2023-05-21 17:00:00,0.03278000,0.03282000,0.03271000,0.03282000,66.91000000
2023-05-22 17:00:00,0.03256000,0.03306000,0.03256000,0.03292000,16.76000000
2023-05-23 17:00:00,0.03293000,0.03300000,0.03214000,0.03239000,468.71000000
2023-05-24 17:00:00,0.03194000,0.03266000,0.03186000,0.03263000,304.76000000
2023-05-25 17:00:00,0.03254000,0.03412000,0.03231000,0.03401000,1490.29000000
2023-05-26 17:00:00,0.03401000,0.03471000,0.03392000,0.03409000,264.76000000
2023-05-27 17:00:00,0.03409000,0.03445000,0.03382000,0.03425000,359.86000000
2023-05-28 17:00:00,0.03383000,0.03402000,0.03364000,0.03400000,853.76000000
2023-05-29 17:00:00,0.03396000,0.03403000,0.03323000,0.03345000,467.98000000
2023-05-30 17:00:00,0.03345000,0.03345000,0.03249000,0.03249000,179.01000000
2023-05-31 17:00:00,0.03249000,0.03331000,0.03241000,0.03281000,136.68000000
2023-06-01 17:00:00,0.03313000,0.03329000,0.03295000,0.03328000,142.44000000
2023-06-02 17:00:00,0.03306000,0.03340000,0.03262000,0.03262000,222.18000000
2023-06-03 17:00:00,0.03262000,0.03326000,0.03262000,0.03314000,279.01000000
2023-06-04 17:00:00,0.03296000,0.03478000,0.03251000,0.03376000,1511.81000000
2023-06-05 17:00:00,0.03331000,0.03356000,0.03290000,0.03347000,650.09000000
2023-06-06 17:00:00,0.03361000,0.03560000,0.03361000,0.03482000,1724.26000000
2023-06-07 17:00:00,0.03488000,0.03488000,0.03417000,0.03424000,58.55000000
2023-06-08 17:00:00,0.03433000,0.03499000,0.03433000,0.03448000,260.10000000
2023-06-09 17:00:00,0.03379000,0.03448000,0.02900000,0.03204000,3657.14000000
2023-06-10 17:00:00,0.03256000,0.03257000,0.03118000,0.03142000,858.63000000
2023-06-11 17:00:00,0.03168000,0.03350000,0.03168000,0.03310000,3397.29000000
2023-06-12 17:00:00,0.03300000,0.03451000,0.03098000,0.03105000,9629.94000000
2023-06-13 17:00:00,0.03100000,0.03130000,0.03008000,0.03062000,6010.92000000
2023-06-14 17:00:00,0.03060000,0.03132000,0.03008000,0.03096000,5126.95000000
2023-06-15 17:00:00,0.03090000,0.03234000,0.03070000,0.03206000,4734.81000000
2023-06-16 17:00:00,0.03220000,0.03285000,0.03197000,0.03201000,3639.32000000
2023-06-17 17:00:00,0.03206000,0.03216000,0.03130000,0.03147000,2212.75000000
2023-06-18 17:00:00,0.03160000,0.03272000,0.03160000,0.03253000,2061.53000000
2023-06-19 17:00:00,0.03244000,0.03310000,0.03216000,0.03260000,2646.20000000
2023-06-20 17:00:00,0.03253000,0.03330000,0.03225000,0.03330000,3523.70000000
2023-06-21 17:00:00,0.03320000,0.03408000,0.03272000,0.03339000,7998.56000000
2023-06-22 17:00:00,0.03339000,0.03509000,0.03339000,0.03488000,3042.76000000
2023-06-23 17:00:00,0.03488000,0.03700000,0.03478000,0.03655000,2796.63000000
2023-06-24 17:00:00,0.03658000,0.03812000,0.03658000,0.03760000,2409.78000000
2023-06-25 17:00:00,0.03765000,0.03894000,0.03680000,0.03690000,3921.91000000
2023-06-26 17:00:00,0.03690000,0.03828000,0.03690000,0.03786000,2362.54000000
2023-06-27 17:00:00,0.03787000,0.03790000,0.03639000,0.03650000,3043.05000000
2023-06-28 17:00:00,0.03639000,0.03701000,0.03630000,0.03696000,2325.38000000
2023-06-29 17:00:00,0.03696000,0.03915000,0.03660000,0.03856000,14249.12000000
2023-06-30 17:00:00,0.03860000,0.03863000,0.03727000,0.03821000,8230.46000000
2023-07-01 17:00:00,0.03813000,0.03821000,0.03722000,0.03800000,4734.64000000
2023-07-02 17:00:00,0.03790000,0.03838000,0.03690000,0.03796000,7189.59000000
2023-07-03 17:00:00,0.03788000,0.03847000,0.03778000,0.03790000,3916.37000000
2023-07-04 17:00:00,0.03800000,0.03813000,0.03650000,0.03689000,4605.22000000
2023-07-05 17:00:00,0.03673000,0.04020000,0.03640000,0.03872000,11908.54000000
2023-07-06 17:00:00,0.03870000,0.04000000,0.03800000,0.03935000,12220.98000000
2023-07-07 17:00:00,0.03932000,0.03989000,0.03860000,0.03898000,3345.85000000
2023-07-08 17:00:00,0.03890000,0.03935000,0.03880000,0.03890000,1476.94000000
2023-07-09 17:00:00,0.03880000,0.03932000,0.03763000,0.03763000,7398.91000000
2023-07-10 17:00:00,0.03763000,0.03800000,0.03738000,0.03763000,3991.97000000
2023-07-11 17:00:00,0.03771000,0.03990000,0.03750000,0.03990000,5021.15000000
2023-07-12 17:00:00,0.03990000,0.04158000,0.03917000,0.03919000,7439.11000000
2023-07-13 17:00:00,0.03917000,0.04082000,0.03828000,0.03960000,14441.70000000
2023-07-14 17:00:00,0.03950000,0.03956000,0.03867000,0.03920000,2959.98000000
2023-07-15 17:00:00,0.03911000,0.04007000,0.03880000,0.03992000,3948.08000000
2023-07-16 17:00:00,0.03998000,0.04166000,0.03998000,0.04078000,4405.33000000
2023-07-17 17:00:00,0.04073000,0.04110000,0.04028000,0.04080000,4384.50000000
2023-07-18 17:00:00,0.04070000,0.04109000,0.04011000,0.04040000,1765.65000000
2023-07-19 17:00:00,0.04046000,0.04123000,0.04046000,0.04120000,3405.51000000
2023-07-20 17:00:00,0.04110000,0.04147000,0.04000000,0.04025000,2333.61000000
2023-07-21 17:00:00,0.04028000,0.04055000,0.03970000,0.03992000,1161.29000000
2023-07-22 17:00:00,0.03983000,0.03983000,0.03890000,0.03947000,1633.27000000
2023-07-23 17:00:00,0.03956000,0.04010000,0.03799000,0.03828000,3906.03000000
2023-07-24 17:00:00,0.03820000,0.03890000,0.03802000,0.03868000,1579.94000000
2023-07-25 17:00:00,0.03860000,0.03880000,0.03824000,0.03833000,1623.22000000
2023-07-26 17:00:00,0.03840000,0.03885000,0.03814000,0.03885000,1849.01000000
2023-07-27 17:00:00,0.03870000,0.03905000,0.03840000,0.03885000,1460.81000000
2023-07-28 17:00:00,0.03890000,0.03930000,0.03876000,0.03928000,889.27000000
2023-07-29 17:00:00,0.03920000,0.03950000,0.03820000,0.03926000,1819.24000000
2023-07-30 17:00:00,0.03911000,0.03983000,0.03894000,0.03965000,2239.80000000
2023-07-31 17:00:00,0.03960000,0.03992000,0.03880000,0.03992000,4714.81000000
2023-08-01 17:00:00,0.03984000,0.04050000,0.03938000,0.03938000,3504.05000000
2023-08-02 17:00:00,0.03929000,0.03946000,0.03730000,0.03730000,2344.94000000
2023-08-03 17:00:00,0.03730000,0.03730000,0.03583000,0.03615000,2741.71000000
2023-08-04 17:00:00,0.03623000,0.03690000,0.03615000,0.03670000,1832.45000000
2023-08-05 17:00:00,0.03670000,0.03738000,0.03660000,0.03700000,1935.09000000
2023-08-06 17:00:00,0.03702000,0.03799000,0.03690000,0.03790000,2306.21000000
2023-08-07 17:00:00,0.03773000,0.03816000,0.03748000,0.03799000,1909.08000000
2023-08-08 17:00:00,0.03790000,0.03799000,0.03724000,0.03760000,1293.41000000
2023-08-09 17:00:00,0.03765000,0.03816000,0.03756000,0.03806000,831.38000000
2023-08-10 17:00:00,0.03800000,0.03833000,0.03720000,0.03730000,1718.81000000
2023-08-11 17:00:00,0.03739000,0.03765000,0.03739000,0.03746000,684.04000000
2023-08-12 17:00:00,0.03756000,0.03770000,0.03720000,0.03740000,748.88000000
2023-08-13 17:00:00,0.03748000,0.03800000,0.03730000,0.03756000,2784.42000000
2023-08-14 17:00:00,0.03750000,0.03750000,0.03487000,0.03618000,4339.29000000
2023-08-15 17:00:00,0.03618000,0.03648000,0.03500000,0.03560000,3460.59000000
2023-08-16 17:00:00,0.03560000,0.03664000,0.03260000,0.03640000,9095.60000000
2023-08-17 17:00:00,0.03640000,0.03740000,0.03627000,0.03714000,3662.57000000
2023-08-18 17:00:00,0.03723000,0.03765000,0.03676000,0.03731000,1337.76000000
2023-08-19 17:00:00,0.03739000,0.03772000,0.03675000,0.03756000,1782.25000000
2023-08-20 17:00:00,0.03760000,0.03810000,0.03720000,0.03783000,2395.83000000
2023-08-21 17:00:00,0.03799000,0.03880000,0.03754000,0.03807000,2893.86000000
2023-08-22 17:00:00,0.03800000,0.03800000,0.03731000,0.03761000,1679.42000000
2023-08-23 17:00:00,0.03765000,0.03773000,0.03673000,0.03689000,2910.36000000
2023-08-24 17:00:00,0.03690000,0.03710000,0.03540000,0.03560000,1844.99000000
2023-08-25 17:00:00,0.03560000,0.03660000,0.03543000,0.03656000,1930.91000000
2023-08-26 17:00:00,0.03656000,0.03689000,0.03607000,0.03673000,1446.63000000
2023-08-27 17:00:00,0.03664000,0.03681000,0.03630000,0.03681000,1303.81000000
2023-08-28 17:00:00,0.03673000,0.03697000,0.03412000,0.03632000,4878.54000000
2023-08-29 17:00:00,0.03648000,0.03650000,0.03599000,0.03599000,892.90000000
2023-08-30 17:00:00,0.03599000,0.03632000,0.03580000,0.03615000,1959.48000000
2023-08-31 17:00:00,0.03615000,0.03650000,0.03379000,0.03486000,6809.28000000
2023-09-01 17:00:00,0.03472000,0.03476000,0.03400000,0.03430000,1824.08000000
2023-09-02 17:00:00,0.03425000,0.03448000,0.03410000,0.03410000,747.71000000
