2022-10-18 17:00:00,6264.00000000,9518.00000000,3781.00000000,6429.00000000,117.49410000
2022-10-19 17:00:00,6426.00000000,6490.00000000,6351.00000000,6404.00000000,37.88060000
2022-10-20 17:00:00,6403.00000000,6500.00000000,6264.00000000,6456.00000000,78.57390000
2022-10-21 17:00:00,6467.00000000,6600.00000000,6428.00000000,6573.00000000,51.27240000
2022-10-22 17:00:00,6568.00000000,6840.00000000,6501.00000000,6805.00000000,67.38710000
2022-10-23 17:00:00,6796.00000000,6819.00000000,6610.00000000,6734.00000000,97.92220000
2022-10-24 17:00:00,6729.00000000,7496.00000000,6674.00000000,7156.00000000,142.16580000
2022-10-25 17:00:00,7172.00000000,7783.00000000,4879.00000000,7618.00000000,365.97440000
2022-10-26 17:00:00,7597.00000000,7629.00000000,7283.00000000,7299.00000000,79.23250000
2022-10-27 17:00:00,7305.00000000,7579.00000000,7178.00000000,7530.00000000,226.33220000
2022-10-28 17:00:00,7526.00000000,8099.00000000,7499.00000000,7905.00000000,246.22160000
2022-10-29 17:00:00,7903.00000000,8025.00000000,7684.00000000,7717.00000000,73.90560000
2022-10-30 17:00:00,7742.00000000,7920.00000000,7489.00000000,7683.00000000,137.20740000
2022-10-31 17:00:00,7668.00000000,7819.00000000,7564.00000000,7646.00000000,113.53060000
2022-11-01 17:00:00,7638.00000000,7886.00000000,7370.00000000,7448.00000000,144.01450000
2022-11-02 17:00:00,7432.00000000,7611.00000000,7418.00000000,7480.00000000,162.90560000
2022-11-03 17:00:00,7474.00000000,8044.00000000,7465.00000000,7858.00000000,131.80340000
2022-11-04 17:00:00,7862.00000000,7960.00000000,7762.00000000,7794.00000000,119.30060000
2022-11-05 17:00:00,7791.00000000,7843.00000000,7555.00000000,7566.00000000,57.97080000
2022-11-06 16:00:00,7566.00000000,7692.00000000,7434.00000000,7461.00000000,151.33360000
2022-11-07 16:00:00,7471.00000000,7506.00000000,6122.00000000,6574.00000000,415.37490000
2022-11-08 16:00:00,6548.00000000,6566.00000000,5344.00000000,5439.00000000,428.55830000
2022-11-09 16:00:00,5444.00000000,6485.00000000,5394.00000000,6199.00000000,380.69420000
2022-11-10 16:00:00,6184.00000000,6192.00000000,5615.00000000,5972.00000000,216.16670000
2022-11-11 16:00:00,5969.00000000,5969.00000000,5724.00000000,5818.00000000,172.79800000
2022-11-12 16:00:00,5809.00000000,5913.00000000,5566.00000000,5653.00000000,150.05020000
2022-11-13 16:00:00,5672.00000000,5983.00000000,5480.00000000,5815.00000000,170.15910000
2022-11-14 16:00:00,5805.00000000,5901.00000000,5730.00000000,5823.00000000,164.51770000
2022-11-15 16:00:00,5822.00000000,5888.00000000,5450.00000000,5604.00000000,158.63840000
2022-11-16 16:00:00,5608.00000000,5653.00000000,5439.00000000,5543.00000000,181.12110000
2022-11-17 16:00:00,5560.00000000,5683.00000000,5550.00000000,5616.00000000,116.25210000
2022-11-18 16:00:00,5616.00000000,5716.00000000,5551.00000000,5650.00000000,41.41120000
2022-11-19 16:00:00,5662.00000000,5673.00000000,5265.00000000,5319.00000000,277.69500000
2022-11-20 16:00:00,5250.00000000,5325.00000000,5043.00000000,5180.00000000,134.68610000
2022-11-21 16:00:00,5139.00000000,5296.00000000,5020.00000000,5285.00000000,68.78470000
2022-11-22 16:00:00,5308.00000000,5455.00000000,5234.00000000,5455.00000000,99.29590000
2022-11-23 16:00:00,5447.00000000,5565.00000000,5433.00000000,5504.00000000,46.70560000
2022-11-24 16:00:00,5499.00000000,5519.00000000,5366.00000000,5493.00000000,36.63540000
2022-11-25 16:00:00,5505.00000000,5639.00000000,5492.00000000,5527.00000000,20.13130000
2022-11-26 16:00:00,5530.00000000,5590.00000000,5495.00000000,5495.00000000,21.34120000
2022-11-27 16:00:00,5452.00000000,5452.00000000,5251.00000000,5378.00000000,53.38290000
2022-11-28 16:00:00,5364.00000000,5622.00000000,5364.00000000,5593.00000000,32.26540000
2022-11-29 16:00:00,5593.00000000,5939.00000000,5578.00000000,5915.00000000,105.93530000
2022-11-30 16:00:00,5872.00000000,5872.00000000,5668.00000000,5730.00000000,36.24590000
2022-12-01 16:00:00,5737.00000000,5819.00000000,5702.00000000,5819.00000000,34.82390000
2022-12-02 16:00:00,5818.00000000,6650.00000000,5572.00000000,5588.00000000,237.01880000
2022-12-03 16:00:00,5616.00000000,6675.00000000,5442.00000000,5739.00000000,320.31770000
2022-12-04 16:00:00,5728.00000000,5836.00000000,5640.00000000,5689.00000000,39.34800000
2022-12-05 16:00:00,5707.00000000,5748.00000000,5609.00000000,5742.00000000,25.52990000
2022-12-06 16:00:00,5730.00000000,5764.00000000,5500.00000000,5538.00000000,32.76570000
2022-12-07 16:00:00,5531.00000000,5787.00000000,5492.00000000,5739.00000000,93.69910000
2022-12-08 16:00:00,5730.00000000,5767.00000000,5511.00000000,5657.00000000,47.33300000
2022-12-09 16:00:00,5666.00000000,5761.00000000,5657.00000000,5677.00000000,22.34040000
2022-12-10 16:00:00,5685.00000000,5780.00000000,5654.00000000,5679.00000000,23.83760000
2022-12-11 16:00:00,5664.00000000,5720.00000000,5557.00000000,5697.00000000,42.92300000
2022-12-12 16:00:00,5707.00000000,5935.00000000,5592.00000000,5850.00000000,85.59410000
2022-12-13 16:00:00,5845.00000000,5952.00000000,5749.00000000,5769.00000000,151.72870000
2022-12-14 16:00:00,5765.00000000,5770.00000000,5574.00000000,5618.00000000,115.40700000
2022-12-15 16:00:00,5614.00000000,5643.00000000,5150.00000000,5183.00000000,155.72440000
2022-12-16 16:00:00,5202.00000000,5318.00000000,5149.00000000,5174.00000000,66.67690000
2022-12-17 16:00:00,5144.00000000,5253.00000000,5123.00000000,5240.00000000,162.22540000
2022-12-18 16:00:00,5248.00000000,5271.00000000,5118.00000000,5167.00000000,77.92370000
2022-12-19 16:00:00,5171.00000000,5395.00000000,5158.00000000,5386.00000000,71.29620000
2022-12-20 16:00:00,5373.00000000,5374.00000000,5302.00000000,5354.00000000,30.30790000
2022-12-21 16:00:00,5355.00000000,5420.00000000,5186.00000000,5353.00000000,71.38560000
2022-12-22 16:00:00,5354.00000000,5389.00000000,5310.00000000,5324.00000000,100.40400000
2022-12-23 16:00:00,5322.00000000,5372.00000000,5309.00000000,5354.00000000,18.48860000
2022-12-24 16:00:00,5350.00000000,5361.00000000,5226.00000000,5332.00000000,68.40350000
2022-12-25 16:00:00,5327.00000000,5357.00000000,5258.00000000,5357.00000000,43.54870000
2022-12-26 16:00:00,5366.00000000,5371.00000000,5276.00000000,5330.00000000,75.54480000
2022-12-27 16:00:00,5327.00000000,5331.00000000,5208.00000000,5258.00000000,102.20530000
2022-12-28 16:00:00,5265.00000000,5317.00000000,5174.00000000,5198.00000000,89.08340000
2022-12-29 16:00:00,5188.00000000,5234.00000000,5117.00000000,5195.00000000,115.93440000
2022-12-30 16:00:00,5196.00000000,5249.00000000,5161.00000000,5221.00000000,58.13170000
2022-12-31 16:00:00,5208.00000000,5216.00000000,5123.00000000,5123.00000000,46.89930000
2023-01-01 16:00:00,5122.00000000,5275.00000000,5113.00000000,5168.00000000,82.48440000
2023-01-02 16:00:00,5189.00000000,5310.00000000,5189.00000000,5298.00000000,50.30710000
2023-01-03 16:00:00,5287.00000000,5588.00000000,5281.00000000,5558.00000000,91.08630000
2023-01-04 16:00:00,5563.00000000,5620.00000000,5494.00000000,5577.00000000,41.93610000
2023-01-05 16:00:00,5578.00000000,5646.00000000,5540.00000000,5576.00000000,57.76390000
2023-01-06 16:00:00,5563.00000000,5586.00000000,5528.00000000,5578.00000000,55.53350000
2023-01-07 16:00:00,5577.00000000,5631.00000000,5427.00000000,5619.00000000,84.09140000
2023-01-08 16:00:00,5613.00000000,5900.00000000,5599.00000000,5796.00000000,108.72280000
2023-01-09 16:00:00,5796.00000000,5901.00000000,5769.00000000,5855.00000000,83.69200000
2023-01-10 16:00:00,5857.00000000,6081.00000000,5766.00000000,6072.00000000,67.57800000
2023-01-11 16:00:00,6066.00000000,6279.00000000,5985.00000000,6195.00000000,152.61730000
2023-01-12 16:00:00,6185.00000000,6389.00000000,6112.00000000,6338.00000000,89.00500000
2023-01-13 16:00:00,6331.00000000,6934.00000000,6330.00000000,6784.00000000,170.87880000
2023-01-14 16:00:00,6782.00000000,6872.00000000,6002.00000000,6804.00000000,197.41860000
2023-01-15 16:00:00,6814.00000000,7004.00000000,6650.00000000,6870.00000000,114.70380000
2023-01-16 16:00:00,6884.00000000,6990.00000000,6724.00000000,6857.00000000,96.87130000
2023-01-17 16:00:00,6857.00000000,6976.00000000,6577.00000000,6624.00000000,139.08390000
2023-01-18 16:00:00,6639.00000000,6835.00000000,6610.00000000,6798.00000000,55.67660000
2023-01-19 16:00:00,6785.00000000,7229.00000000,6736.00000000,7199.00000000,118.92510000
2023-01-20 16:00:00,7192.00000000,7252.00000000,6909.00000000,6918.00000000,117.66430000
2023-01-21 16:00:00,6948.00000000,7086.00000000,6873.00000000,6929.00000000,115.54190000
2023-01-22 16:00:00,6922.00000000,7139.00000000,6880.00000000,7103.00000000,124.72550000
2023-01-23 16:00:00,7105.00000000,7155.00000000,6710.00000000,6754.00000000,138.65980000
2023-01-24 16:00:00,6768.00000000,7112.00000000,6628.00000000,7005.00000000,227.34800000
2023-01-25 16:00:00,7007.00000000,7080.00000000,6888.00000000,6959.00000000,135.15140000
2023-01-26 16:00:00,6957.00000000,7046.00000000,6754.00000000,6951.00000000,138.15300000
2023-01-27 16:00:00,6959.00000000,6989.00000000,6805.00000000,6860.00000000,68.09460000
2023-01-28 16:00:00,6867.00000000,7241.00000000,6848.00000000,7198.00000000,116.82190000
2023-01-29 16:00:00,7191.00000000,7197.00000000,6699.00000000,6842.00000000,106.28560000
2023-01-30 16:00:00,6834.00000000,6985.00000000,6809.00000000,6903.00000000,61.41610000
2023-01-31 16:00:00,6905.00000000,7118.00000000,6767.00000000,7079.00000000,135.78050000
2023-02-01 16:00:00,7081.00000000,7367.00000000,7022.00000000,7076.00000000,128.15080000
2023-02-02 16:00:00,7090.00000000,7339.00000000,7028.00000000,7324.00000000,100.55180000
2023-02-03 16:00:00,7319.00000000,7448.00000000,7245.00000000,7311.00000000,68.10610000
2023-02-04 16:00:00,7320.00000000,7353.00000000,7083.00000000,7172.00000000,79.26780000
2023-02-05 16:00:00,7170.00000000,7342.00000000,7088.00000000,7165.00000000,61.90160000
2023-02-06 16:00:00,7165.00000000,7443.00000000,7163.00000000,7433.00000000,67.53960000
2023-02-07 16:00:00,7416.00000000,7521.00000000,7233.00000000,7336.00000000,83.51070000
2023-02-08 16:00:00,7327.00000000,7347.00000000,6791.00000000,6873.00000000,105.94720000
2023-02-09 16:00:00,6862.00000000,6948.00000000,6717.00000000,6802.00000000,99.20900000
2023-02-10 16:00:00,6779.00000000,6940.00000000,6779.00000000,6914.00000000,36.88150000
2023-02-11 16:00:00,6912.00000000,6954.00000000,6711.00000000,6802.00000000,44.01500000
2023-02-12 16:00:00,6816.00000000,6855.00000000,6571.00000000,6750.00000000,99.70060000
2023-02-13 16:00:00,6742.00000000,6985.00000000,6550.00000000,6959.00000000,125.77080000
2023-02-14 16:00:00,6926.00000000,7500.00000000,6879.00000000,7491.00000000,138.35470000
2023-02-15 16:00:00,7508.00000000,7801.00000000,7320.00000000,7333.00000000,73.36480000
2023-02-16 16:00:00,7315.00000000,7698.00000000,7295.00000000,7550.00000000,112.75290000
2023-02-17 16:00:00,7558.00000000,7641.00000000,7519.00000000,7571.00000000,21.40490000
2023-02-18 16:00:00,7562.00000000,7691.00000000,7449.00000000,7509.00000000,83.79690000
2023-02-19 16:00:00,7546.00000000,7663.00000000,7385.00000000,7600.00000000,152.77470000
2023-02-20 16:00:00,7603.00000000,7650.00000000,7354.00000000,7436.00000000,60.53690000
2023-02-21 16:00:00,7444.00000000,7463.00000000,7180.00000000,7380.00000000,86.57310000
2023-02-22 16:00:00,7386.00000000,7528.00000000,7344.00000000,7375.00000000,69.09100000
2023-02-23 16:00:00,7362.00000000,7424.00000000,7115.00000000,7240.00000000,44.67740000
2023-02-24 16:00:00,7243.00000000,7243.00000000,7051.00000000,7189.00000000,40.00960000
2023-02-25 16:00:00,7175.00000000,7430.00000000,7173.00000000,7388.00000000,53.51180000
2023-02-26 16:00:00,7392.00000000,7467.00000000,7203.00000000,7303.00000000,39.19650000
2023-02-27 16:00:00,7307.00000000,7354.00000000,7154.00000000,7205.00000000,46.41090000
2023-02-28 16:00:00,7205.00000000,7421.00000000,7170.00000000,7331.00000000,40.88240000
2023-03-01 16:00:00,7333.00000000,7374.00000000,7206.00000000,7345.00000000,23.08380000
2023-03-02 16:00:00,7334.00000000,7334.00000000,6925.00000000,7020.00000000,82.89290000
2023-03-03 16:00:00,7031.00000000,7059.00000000,6931.00000000,6993.00000000,20.82390000
2023-03-04 16:00:00,6994.00000000,7087.00000000,6959.00000000,6984.00000000,27.07420000
2023-03-05 16:00:00,6987.00000000,6995.00000000,6896.00000000,6929.00000000,29.12840000
2023-03-06 16:00:00,6949.00000000,6983.00000000,6817.00000000,6981.00000000,31.77140000
2023-03-07 16:00:00,6999.00000000,6999.00000000,6826.00000000,6827.00000000,86.25290000
2023-03-08 16:00:00,6833.00000000,6887.00000000,6350.00000000,6468.00000000,85.52100000
2023-03-09 16:00:00,6432.00000000,6432.00000000,6130.00000000,6383.00000000,139.92730000
2023-03-10 16:00:00,6399.00000000,6594.00000000,6288.00000000,6527.00000000,144.67200000
2023-03-11 16:00:00,6508.00000000,6978.00000000,6429.00000000,6958.00000000,108.17170000
2023-03-12 17:00:00,6964.00000000,7434.00000000,6872.00000000,7303.00000000,118.98730000
2023-03-13 17:00:00,7285.00000000,7773.00000000,7269.00000000,7451.00000000,159.22700000
2023-03-14 17:00:00,7439.00000000,7560.00000000,7220.00000000,7349.00000000,137.12250000
2023-03-15 17:00:00,7344.00000000,7496.00000000,7266.00000000,7450.00000000,54.67080000
2023-03-16 17:00:00,7436.00000000,8007.00000000,7427.00000000,7987.00000000,118.75010000
2023-03-17 17:00:00,7971.00000000,8172.00000000,7782.00000000,7816.00000000,98.63000000
2023-03-18 17:00:00,7899.00000000,8169.00000000,7854.00000000,7935.00000000,125.28120000
2023-03-19 17:00:00,7931.00000000,8026.00000000,7630.00000000,7631.00000000,116.72480000
2023-03-20 17:00:00,7647.00000000,8040.00000000,7631.00000000,7863.00000000,60.51410000
2023-03-21 17:00:00,7838.00000000,7957.00000000,7498.00000000,7571.00000000,138.74670000
2023-03-22 17:00:00,7570.00000000,8013.00000000,7533.00000000,7914.00000000,94.34790000
2023-03-23 17:00:00,7909.00000000,8073.00000000,7615.00000000,7706.00000000,71.45550000
2023-03-24 17:00:00,7717.00000000,7736.00000000,7560.00000000,7649.00000000,31.99080000
2023-03-25 17:00:00,7708.00000000,7900.00000000,7702.00000000,7775.00000000,38.45630000
2023-03-26 17:00:00,7788.00000000,7788.00000000,7398.00000000,7491.00000000,54.56730000
2023-03-27 17:00:00,7490.00000000,7795.00000000,7451.00000000,7706.00000000,49.16660000
2023-03-28 17:00:00,7686.00000000,7936.00000000,7686.00000000,7797.00000000,58.19660000
2023-03-29 17:00:00,7793.00000000,7906.00000000,7627.00000000,7749.00000000,95.14270000
2023-03-30 17:00:00,7749.00000000,7984.00000000,7707.00000000,7922.00000000,128.73170000
2023-03-31 17:00:00,7922.00000000,8000.00000000,7867.00000000,7924.00000000,40.48360000
2023-04-01 17:00:00,7924.00000000,7934.00000000,7717.00000000,7806.00000000,48.70270000
2023-04-02 17:00:00,7794.00000000,7919.00000000,7643.00000000,7837.00000000,69.41740000
2023-04-03 17:00:00,7865.00000000,8093.00000000,7805.00000000,8035.00000000,107.20630000
2023-04-04 17:00:00,8026.00000000,8299.00000000,8026.00000000,8261.00000000,90.25480000
2023-04-05 17:00:00,8268.00000000,8268.00000000,8024.00000000,8042.00000000,71.99960000
2023-04-06 17:00:00,8081.00000000,8106.00000000,7955.00000000,8072.00000000,46.15680000
2023-04-07 17:00:00,8071.00000000,8132.00000000,7991.00000000,8007.00000000,43.58780000
2023-04-08 17:00:00,7990.00000000,8084.00000000,7900.00000000,8070.00000000,46.17910000
2023-04-09 17:00:00,8065.00000000,8343.00000000,8003.00000000,8303.00000000,88.87250000
2023-04-10 17:00:00,8304.00000000,8403.00000000,8092.00000000,8133.00000000,118.99350000
2023-04-11 17:00:00,8095.00000000,8230.00000000,7969.00000000,8167.00000000,86.62630000
2023-04-12 17:00:00,8173.00000000,8506.00000000,8074.00000000,8473.00000000,116.56630000
2023-04-13 17:00:00,8482.00000000,8967.00000000,8482.00000000,8907.00000000,192.28610000
2023-04-14 17:00:00,8887.00000000,8975.00000000,8787.00000000,8907.00000000,63.08410000
2023-04-15 17:00:00,8847.00000000,9116.00000000,8847.00000000,9045.00000000,60.48330000
2023-04-16 17:00:00,8995.00000000,8996.00000000,8725.00000000,8825.00000000,107.15400000
2023-04-17 17:00:00,8833.00000000,8964.00000000,8709.00000000,8851.00000000,61.48520000
2023-04-18 17:00:00,8881.00000000,8889.00000000,8162.00000000,8216.00000000,150.35240000
2023-04-19 17:00:00,8205.00000000,8322.00000000,8064.00000000,8201.00000000,89.67720000
2023-04-20 17:00:00,8187.00000000,8222.00000000,7700.00000000,7824.00000000,163.32780000
2023-04-21 17:00:00,7830.00000000,7986.00000000,7800.00000000,7949.00000000,52.33320000
2023-04-22 17:00:00,7879.00000000,7959.00000000,7800.00000000,7897.00000000,63.95290000
2023-04-23 17:00:00,7887.00000000,7998.00000000,7547.00000000,7684.00000000,107.42810000
2023-04-24 17:00:00,7679.00000000,7878.00000000,7553.00000000,7851.00000000,90.05870000
2023-04-25 17:00:00,7850.00000000,8258.00000000,7450.00000000,7777.00000000,132.07120000
2023-04-26 17:00:00,7781.00000000,8078.00000000,7768.00000000,7944.00000000,87.57530000
2023-04-27 17:00:00,7940.00000000,8008.00000000,7804.00000000,7941.00000000,45.89200000
2023-04-28 17:00:00,7911.00000000,8011.00000000,7896.00000000,7951.00000000,15.83350000
2023-04-29 17:00:00,7969.00000000,8083.00000000,7824.00000000,7824.00000000,31.52170000
2023-04-30 17:00:00,7893.00000000,7893.00000000,7655.00000000,7747.00000000,62.57370000
2023-05-01 17:00:00,7739.00000000,7866.00000000,7639.00000000,7799.00000000,64.71560000
2023-05-02 17:00:00,7799.00000000,7954.00000000,7705.00000000,7907.00000000,90.78490000
2023-05-03 17:00:00,7889.00000000,7975.00000000,7815.00000000,7835.00000000,58.01350000
2023-05-04 17:00:00,7845.00000000,8343.00000000,7837.00000000,8335.00000000,77.10910000
2023-05-05 17:00:00,8347.00000000,8424.00000000,7785.00000000,7928.00000000,107.09880000
2023-05-06 17:00:00,7928.00000000,8071.00000000,7850.00000000,7850.00000000,41.31100000
2023-05-07 17:00:00,7797.00000000,7868.00000000,7523.00000000,7691.00000000,95.54700000
2023-05-08 17:00:00,7703.00000000,7764.00000000,7619.00000000,7699.00000000,68.52460000
2023-05-09 17:00:00,7694.00000000,7783.00000000,7405.00000000,7615.00000000,92.33640000
2023-05-10 17:00:00,7619.00000000,7639.00000000,7393.00000000,7509.00000000,91.18740000
2023-05-11 17:00:00,7486.00000000,7636.00000000,7252.00000000,7606.00000000,158.76870000
2023-05-12 17:00:00,7601.00000000,7622.00000000,7514.00000000,7562.00000000,38.32220000
2023-05-13 17:00:00,7540.00000000,7660.00000000,7511.00000000,7521.00000000,31.04370000
2023-05-14 17:00:00,7517.00000000,7671.00000000,7470.00000000,7545.00000000,55.31090000
2023-05-15 17:00:00,7550.00000000,7585.00000000,7469.00000000,7555.00000000,38.30270000
2023-05-16 17:00:00,7571.00000000,7657.00000000,7447.00000000,7614.00000000,52.54450000
2023-05-17 17:00:00,7610.00000000,7753.00000000,7503.00000000,7649.00000000,57.84610000
2023-05-18 17:00:00,7666.00000000,7724.00000000,7607.00000000,7689.00000000,65.46090000
2023-05-19 17:00:00,7665.00000000,7732.00000000,7664.00000000,7679.00000000,22.95840000
2023-05-20 17:00:00,7681.00000000,7709.00000000,7589.00000000,7609.00000000,30.02940000
2023-05-21 17:00:00,7628.00000000,7646.00000000,7556.00000000,7606.00000000,41.28600000
2023-05-22 17:00:00,7594.00000000,7804.00000000,7594.00000000,7748.00000000,69.96740000
2023-05-23 17:00:00,7750.00000000,7751.00000000,7474.00000000,7601.00000000,81.56850000
2023-05-24 17:00:00,7604.00000000,7672.00000000,7442.00000000,7606.00000000,53.05290000
2023-05-25 17:00:00,7606.00000000,7812.00000000,7515.00000000,7760.00000000,74.57700000
2023-05-26 17:00:00,7766.00000000,7790.00000000,7702.00000000,7753.00000000,10.09250000
2023-05-27 17:00:00,7751.00000000,8133.00000000,7751.00000000,8128.00000000,42.87530000
2023-05-28 17:00:00,8111.00000000,8181.00000000,7946.00000000,8027.00000000,60.80800000
2023-05-29 17:00:00,8029.00000000,8126.00000000,7985.00000000,8065.00000000,59.23220000
2023-05-30 17:00:00,8091.00000000,8100.00000000,7894.00000000,7968.00000000,80.88000000
2023-05-31 17:00:00,7992.00000000,8020.00000000,7845.00000000,7855.00000000,66.28460000
2023-06-01 17:00:00,7845.00000000,8046.00000000,7800.00000000,8033.00000000,33.12620000
2023-06-02 17:00:00,8007.00000000,8032.00000000,7927.00000000,7947.00000000,15.42720000
2023-06-03 17:00:00,7946.00000000,8052.00000000,7946.00000000,7967.00000000,13.93740000
2023-06-04 17:00:00,7949.00000000,7963.00000000,7466.00000000,7637.00000000,101.58420000
2023-06-05 17:00:00,7639.00000000,7969.00000000,7597.00000000,7914.00000000,44.54790000
2023-06-06 17:00:00,7918.00000000,7919.00000000,7671.00000000,7701.00000000,51.21950000
2023-06-07 17:00:00,7701.00000000,7766.00000000,7673.00000000,7676.00000000,47.22480000
2023-06-08 17:00:00,7686.00000000,7698.00000000,7590.00000000,7641.00000000,31.12370000
2023-06-09 17:00:00,7635.00000000,7646.00000000,7188.00000000,7359.00000000,108.62700000
2023-06-10 17:00:00,7360.00000000,7385.00000000,7240.00000000,7298.00000000,37.46950000
2023-06-11 17:00:00,7273.00000000,7294.00000000,7142.00000000,7232.00000000,39.09630000
2023-06-12 17:00:00,7224.00000000,7324.00000000,7175.00000000,7245.00000000,38.06860000
2023-06-13 17:00:00,7258.00000000,7294.00000000,6729.00000000,6799.00000000,96.75860000
2023-06-14 17:00:00,6822.00000000,6858.00000000,6687.00000000,6803.00000000,64.01650000
2023-06-15 17:00:00,6797.00000000,7088.00000000,6770.00000000,7042.00000000,52.16530000
2023-06-16 17:00:00,7039.00000000,7209.00000000,7027.00000000,7081.00000000,23.67050000
2023-06-17 17:00:00,7077.00000000,7148.00000000,6998.00000000,7021.00000000,21.77160000
2023-06-18 17:00:00,7036.00000000,7152.00000000,6962.00000000,7088.00000000,55.72740000
2023-06-19 17:00:00,7088.00000000,7325.00000000,7012.00000000,7325.00000000,40.12130000
2023-06-20 17:00:00,7311.00000000,7683.00000000,7311.00000000,7672.00000000,59.54420000
2023-06-21 17:00:00,7621.00000000,7790.00000000,7559.00000000,7584.00000000,32.99330000
2023-06-22 17:00:00,7585.00000000,7907.00000000,7545.00000000,7704.00000000,41.23860000
2023-06-23 17:00:00,7687.00000000,7784.00000000,7626.00000000,7665.00000000,19.38130000
2023-06-24 17:00:00,7663.00000000,7845.00000000,7641.00000000,7735.00000000,15.74960000
2023-06-25 17:00:00,7750.00000000,7765.00000000,7510.00000000,7574.00000000,38.94780000
2023-06-26 17:00:00,7572.00000000,7763.00000000,7572.00000000,7703.00000000,38.74980000
2023-06-27 17:00:00,7690.00000000,7705.00000000,7483.00000000,7566.00000000,48.62210000
2023-06-28 17:00:00,7566.00000000,7686.00000000,7538.00000000,7607.00000000,50.64830000
2023-06-29 17:00:00,7588.00000000,7967.00000000,7520.00000000,7934.00000000,56.00760000
2023-06-30 17:00:00,7936.00000000,7950.00000000,7829.00000000,7860.00000000,11.96550000
2023-07-01 17:00:00,7859.00000000,7990.00000000,7739.00000000,7888.00000000,31.65850000
2023-07-02 17:00:00,7895.00000000,8074.00000000,7894.00000000,7983.00000000,62.07300000
2023-07-03 17:00:00,7974.00000000,8028.00000000,7904.00000000,7944.00000000,43.52710000
2023-07-04 17:00:00,7952.00000000,7959.00000000,7785.00000000,7894.00000000,53.08840000
2023-07-05 17:00:00,7872.00000000,8089.00000000,7013.00000000,7617.00000000,116.50270000
2023-07-06 17:00:00,7559.00000000,7721.00000000,7001.00000000,7620.00000000,109.02770000
2023-07-07 17:00:00,7622.00000000,7637.00000000,7534.00000000,7606.00000000,16.82750000
2023-07-08 17:00:00,7634.00000000,7674.00000000,7576.00000000,7589.00000000,25.20890000
2023-07-09 17:00:00,7554.00000000,7765.00000000,7554.00000000,7611.00000000,130.93640000
2023-07-10 17:00:00,7614.00000000,8200.00000000,7560.00000000,7628.00000000,142.83920000
2023-07-11 17:00:00,7621.00000000,7720.00000000,7494.00000000,7532.00000000,63.56910000
2023-07-12 17:00:00,7520.00000000,8098.00000000,7496.00000000,8000.00000000,102.83860000
2023-07-13 17:00:00,8089.00000000,8100.00000000,7669.00000000,7785.00000000,59.93640000
2023-07-14 17:00:00,7808.00000000,7834.00000000,7754.00000000,7773.00000000,25.84360000
2023-07-15 17:00:00,7779.00000000,7798.00000000,7682.00000000,7682.00000000,25.48900000
2023-07-16 17:00:00,7685.00000000,7742.00000000,7486.00000000,7652.00000000,55.09550000
2023-07-17 17:00:00,7643.00000000,7657.00000000,7501.00000000,7566.00000000,34.87840000
2023-07-18 17:00:00,7564.00000000,7667.00000000,7539.00000000,7557.00000000,56.28160000
2023-07-19 17:00:00,7575.00000000,7711.00000000,7563.00000000,7625.00000000,40.51310000
2023-07-20 17:00:00,7620.00000000,7703.00000000,7599.00000000,7642.00000000,21.12370000
2023-07-21 17:00:00,7656.00000000,7659.00000000,7498.00000000,7498.00000000,11.26070000
2023-07-22 17:00:00,7538.00000000,7678.00000000,7538.00000000,7625.00000000,17.86150000
2023-07-23 17:00:00,7577.00000000,7649.00000000,7434.00000000,7507.00000000,64.53870000
2023-07-24 17:00:00,7521.00000000,7562.00000000,7457.00000000,7528.00000000,32.07000000
2023-07-25 17:00:00,7513.00000000,7580.00000000,7447.00000000,7516.00000000,64.29550000
2023-07-26 17:00:00,7507.00000000,7594.00000000,7474.00000000,7531.00000000,43.36030000
2023-07-27 17:00:00,7540.00000000,7602.00000000,7517.00000000,7577.00000000,46.89180000
2023-07-28 17:00:00,7568.00000000,7604.00000000,7544.00000000,7582.00000000,16.51500000
2023-07-29 17:00:00,7578.00000000,7591.00000000,7446.00000000,7491.00000000,23.57310000
2023-07-30 17:00:00,7501.00000000,7549.00000000,7435.00000000,7464.00000000,44.67910000
2023-07-31 17:00:00,7463.00000000,7610.00000000,7334.00000000,7594.00000000,86.89460000
2023-08-01 17:00:00,7639.00000000,7640.00000000,7428.00000000,7552.00000000,55.73810000
2023-08-02 17:00:00,7512.00000000,7598.00000000,7459.00000000,7524.00000000,46.06060000
2023-08-03 17:00:00,7520.00000000,7523.00000000,7378.00000000,7420.00000000,58.65880000
2023-08-04 17:00:00,7410.00000000,7438.00000000,7394.00000000,7434.00000000,13.52770000
2023-08-05 17:00:00,7420.00000000,7428.00000000,7387.00000000,7401.00000000,14.40020000
2023-08-06 17:00:00,7404.00000000,7461.00000000,7315.00000000,7376.00000000,77.97090000
2023-08-07 17:00:00,7382.00000000,7659.00000000,7303.00000000,7584.00000000,63.39290000
2023-08-08 17:00:00,7583.00000000,7652.00000000,7554.00000000,7600.00000000,48.60260000
2023-08-09 17:00:00,7609.00000000,7609.00000000,7497.00000000,7537.00000000,33.12510000
2023-08-10 17:00:00,7547.00000000,7552.00000000,7488.00000000,7548.00000000,62.51410000
2023-08-11 17:00:00,7543.00000000,7569.00000000,7524.00000000,7545.00000000,23.61980000
2023-08-12 17:00:00,7541.00000000,7572.00000000,7482.00000000,7504.00000000,23.36270000
2023-08-13 17:00:00,7491.00000000,7597.00000000,7482.00000000,7551.00000000,36.65520000
2023-08-14 17:00:00,7551.00000000,7599.00000000,7451.00000000,7537.00000000,53.33140000
2023-08-15 17:00:00,7538.00000000,7541.00000000,7421.00000000,7471.00000000,54.31690000
2023-08-16 17:00:00,7469.00000000,7469.00000000,6501.00000000,7055.00000000,236.38030000
2023-08-17 17:00:00,7049.00000000,7119.00000000,6809.00000000,6910.00000000,158.62960000
2023-08-18 17:00:00,6909.00000000,7020.00000000,6856.00000000,6918.00000000,74.15070000
2023-08-19 17:00:00,6935.00000000,7018.00000000,6894.00000000,7000.00000000,58.35670000
2023-08-20 17:00:00,7001.00000000,7001.00000000,6827.00000000,6896.00000000,79.01660000
2023-08-21 17:00:00,6896.00000000,6896.00000000,6568.00000000,6764.00000000,220.63160000
2023-08-22 17:00:00,6770.00000000,7028.00000000,6744.00000000,6943.00000000,120.91830000
2023-08-23 17:00:00,6955.00000000,6956.00000000,6812.00000000,6932.00000000,60.35270000
2023-08-24 17:00:00,6913.00000000,7570.00000000,6816.00000000,6895.00000000,132.58060000
2023-08-25 17:00:00,6891.00000000,6899.00000000,6841.00000000,6847.00000000,59.02750000
2023-08-26 17:00:00,6852.00000000,6907.00000000,6849.00000000,6896.00000000,48.13140000
2023-08-27 17:00:00,6879.00000000,6926.00000000,6764.00000000,6881.00000000,97.86120000
2023-08-28 17:00:00,6876.00000000,7212.00000000,6803.00000000,7125.00000000,131.19880000
2023-08-29 17:00:00,7134.00000000,7134.00000000,6968.00000000,7002.00000000,65.93830000
2023-08-30 17:00:00,6997.00000000,7102.00000000,6772.00000000,6832.00000000,70.04960000
2023-08-31 17:00:00,6849.00000000,6872.00000000,6700.00000000,6823.00000000,87.72580000
2023-09-01 17:00:00,6828.00000000,6870.00000000,6811.00000000,6838.00000000,27.82760000
2023-09-02 17:00:00,6840.00000000,6866.00000000,6792.00000000,6824.00000000,27.96310000
