2021-06-09 17:00:00,9.50000000,17.00000000,9.50000000,13.25000000,1265108.84706590
2021-06-10 17:00:00,13.25000000,18.30000000,11.78000000,11.96000000,2411780.88000000
2021-06-11 17:00:00,11.99000000,12.26000000,10.58000000,11.21000000,301907.87000000
2021-06-12 17:00:00,11.23000000,11.31000000,9.56000000,10.48000000,314811.44000000
2021-06-13 17:00:00,10.49000000,12.16000000,10.00000000,10.38000000,291556.04000000
2021-06-14 17:00:00,10.38000000,11.13000000,10.20000000,10.71000000,142830.11000000
2021-06-15 17:00:00,10.72000000,11.20000000,8.98000000,9.17000000,164245.20000000
2021-06-16 17:00:00,9.17000000,10.00000000,8.26000000,8.42000000,147401.91000000
2021-06-17 17:00:00,8.44000000,8.87000000,7.61000000,7.97000000,142087.51000000
2021-06-18 17:00:00,7.99000000,8.36000000,7.83000000,8.00000000,100451.11000000
2021-06-19 17:00:00,8.00000000,8.11000000,6.71000000,7.46000000,143463.64000000
2021-06-20 17:00:00,7.42000000,7.70000000,5.44000000,5.50000000,160743.19000000
2021-06-21 17:00:00,5.49000000,6.17000000,4.63000000,5.27000000,125315.27000000
2021-06-22 17:00:00,5.24000000,6.27000000,5.12000000,5.74000000,90566.05000000
2021-06-23 17:00:00,5.72000000,6.13000000,5.27000000,5.68000000,108863.60000000
2021-06-24 17:00:00,5.71000000,6.89000000,5.59000000,5.74000000,352575.26000000
2021-06-25 17:00:00,5.75000000,6.19000000,5.28000000,5.79000000,198103.37000000
2021-06-26 17:00:00,5.81000000,7.65000000,5.58000000,7.22000000,856845.99000000
2021-06-27 17:00:00,7.23000000,8.80000000,7.14000000,7.44000000,809015.41000000
2021-06-28 17:00:00,7.44000000,9.01000000,7.36000000,8.44000000,201850.41000000
2021-06-29 17:00:00,8.47000000,9.10000000,7.20000000,7.73000000,261585.30000000
2021-06-30 17:00:00,7.76000000,7.76000000,6.69000000,7.09000000,214110.16000000
2021-07-01 17:00:00,7.04000000,7.36000000,6.40000000,6.86000000,119492.26000000
2021-07-02 17:00:00,6.86000000,7.85000000,6.70000000,7.37000000,215685.88000000
2021-07-03 17:00:00,7.37000000,7.79000000,6.96000000,7.25000000,118833.16000000
2021-07-04 17:00:00,7.22000000,7.28000000,6.61000000,6.83000000,107067.02000000
2021-07-05 17:00:00,6.88000000,7.41000000,6.85000000,7.17000000,201160.30000000
2021-07-06 17:00:00,7.11000000,7.48000000,6.96000000,6.98000000,81371.00000000
2021-07-07 17:00:00,6.97000000,7.00000000,6.24000000,6.50000000,114226.14000000
2021-07-08 17:00:00,6.51000000,6.68000000,6.16000000,6.45000000,72101.10000000
2021-07-09 17:00:00,6.52000000,6.73000000,6.16000000,6.32000000,57021.21000000
2021-07-10 17:00:00,6.33000000,6.56000000,6.27000000,6.34000000,33380.72000000
2021-07-11 17:00:00,6.34000000,6.45000000,5.88000000,6.12000000,97967.22000000
2021-07-12 17:00:00,6.11000000,6.27000000,5.55000000,5.74000000,163164.51000000
2021-07-13 17:00:00,5.74000000,5.99000000,5.33000000,5.75000000,54639.73000000
2021-07-14 17:00:00,5.75000000,5.96000000,5.21000000,5.36000000,89214.64000000
2021-07-15 17:00:00,5.37000000,5.55000000,5.02000000,5.04000000,45768.57000000
2021-07-16 17:00:00,5.03000000,6.23000000,4.82000000,6.06000000,444579.23000000
2021-07-17 17:00:00,6.06000000,6.89000000,5.70000000,5.82000000,568445.97000000
2021-07-18 17:00:00,5.82000000,5.87000000,4.98000000,5.06000000,99117.70000000
2021-07-19 17:00:00,5.03000000,5.56000000,4.80000000,5.40000000,196469.38000000
2021-07-20 17:00:00,5.41000000,5.93000000,5.22000000,5.90000000,105110.77000000
2021-07-21 17:00:00,5.88000000,6.06000000,5.58000000,5.86000000,102148.53000000
2021-07-22 17:00:00,5.87000000,5.99000000,5.48000000,5.80000000,88637.52000000
2021-07-23 17:00:00,5.82000000,6.73000000,5.75000000,6.67000000,148919.42000000
2021-07-24 17:00:00,6.67000000,6.77000000,6.07000000,6.33000000,194965.69000000
2021-07-25 17:00:00,6.30000000,7.90000000,6.27000000,6.70000000,211778.62000000
2021-07-26 17:00:00,6.68000000,6.95000000,6.31000000,6.72000000,123523.19000000
2021-07-27 17:00:00,6.70000000,7.03000000,6.51000000,6.67000000,68288.21000000
2021-07-28 17:00:00,6.67000000,6.86000000,6.49000000,6.79000000,44169.77000000
2021-07-29 17:00:00,6.83000000,7.13000000,6.42000000,6.88000000,79361.12000000
2021-07-30 17:00:00,6.89000000,7.37000000,6.60000000,7.18000000,91502.56000000
2021-07-31 17:00:00,7.19000000,8.85000000,7.17000000,8.08000000,402907.10000000
2021-08-01 17:00:00,8.10000000,8.38000000,7.80000000,7.88000000,97298.29000000
2021-08-02 17:00:00,7.86000000,8.04000000,7.22000000,7.38000000,74589.63000000
2021-08-03 17:00:00,7.39000000,7.96000000,7.23000000,7.84000000,95851.99000000
2021-08-04 17:00:00,7.82000000,8.03000000,7.27000000,7.83000000,114793.80000000
2021-08-05 17:00:00,7.84000000,9.19000000,7.47000000,8.81000000,181171.66000000
2021-08-06 17:00:00,8.79000000,9.57000000,8.35000000,9.15000000,136368.96000000
2021-08-07 17:00:00,9.14000000,9.48000000,8.38000000,8.48000000,146521.70000000
2021-08-08 17:00:00,8.50000000,9.21000000,8.07000000,8.84000000,109996.59000000
2021-08-09 17:00:00,8.82000000,9.06000000,8.35000000,8.68000000,118110.59000000
2021-08-10 17:00:00,8.68000000,9.69000000,8.63000000,8.92000000,218034.03000000
2021-08-11 17:00:00,8.92000000,9.33000000,8.11000000,8.50000000,106872.66000000
2021-08-12 17:00:00,8.50000000,8.99000000,8.32000000,8.97000000,90734.77000000
2021-08-13 17:00:00,8.97000000,9.35000000,8.73000000,9.08000000,213860.41000000
2021-08-14 17:00:00,9.12000000,9.33000000,8.55000000,9.28000000,137520.10000000
2021-08-15 17:00:00,9.28000000,9.63000000,9.00000000,9.04000000,126959.57000000
2021-08-16 17:00:00,9.04000000,9.60000000,8.28000000,8.38000000,185823.72000000
2021-08-17 17:00:00,8.41000000,8.50000000,7.56000000,7.61000000,112849.26000000
2021-08-18 17:00:00,7.62000000,8.16000000,7.54000000,8.09000000,130870.22000000
2021-08-19 17:00:00,8.16000000,8.58000000,8.01000000,8.32000000,69937.74000000
2021-08-20 17:00:00,8.30000000,8.70000000,8.09000000,8.23000000,131027.44000000
2021-08-21 17:00:00,8.24000000,9.18000000,8.20000000,8.95000000,171750.88000000
2021-08-22 17:00:00,8.96000000,9.82000000,8.74000000,9.30000000,321797.68000000
2021-08-23 17:00:00,9.29000000,9.55000000,7.94000000,8.35000000,130557.29000000
2021-08-24 17:00:00,8.35000000,12.30000000,8.12000000,11.71000000,621654.86000000
2021-08-25 17:00:00,11.70000000,13.43000000,10.01800000,10.14700000,677612.77000000
2021-08-26 17:00:00,10.17800000,11.15600000,9.63300000,10.48900000,143290.79000000
2021-08-27 17:00:00,10.49200000,14.39900000,10.12000000,13.92700000,603247.62000000
2021-08-28 17:00:00,13.90200000,15.50000000,12.73400000,12.96100000,986135.25000000
2021-08-29 17:00:00,12.96800000,13.23100000,11.65300000,11.70100000,110483.70000000
2021-08-30 17:00:00,11.71900000,12.90000000,11.35800000,11.79300000,77460.50000000
2021-08-31 17:00:00,11.75800000,12.74200000,11.43200000,12.29800000,44956.90000000
2021-09-01 17:00:00,12.31800000,14.00000000,12.14000000,12.33000000,63943.90000000
2021-09-02 17:00:00,12.29100000,12.86600000,12.00900000,12.30000000,63816.30000000
2021-09-03 17:00:00,12.30000000,13.20000000,11.63500000,11.88200000,59764.90000000
2021-09-04 17:00:00,11.87100000,12.49900000,11.78100000,12.12500000,38150.40000000
2021-09-05 17:00:00,12.13200000,12.60300000,10.80400000,12.22600000,101389.90000000
2021-09-06 17:00:00,12.22600000,12.50000000,7.83200000,9.14700000,196749.23000000
2021-09-07 17:00:00,9.18200000,11.00000000,8.23100000,9.46100000,151618.80000000
2021-09-08 17:00:00,9.45800000,10.47200000,9.34800000,9.80000000,95429.30000000
2021-09-09 17:00:00,9.84000000,9.97000000,8.60000000,8.89000000,57853.20000000
2021-09-10 17:00:00,8.92500000,9.55000000,8.74000000,8.82800000,32487.20000000
2021-09-11 17:00:00,8.85800000,9.68000000,8.62600000,9.48100000,59343.70000000
2021-09-12 17:00:00,9.52700000,9.58100000,8.32700000,9.02800000,55246.90000000
2021-09-13 17:00:00,8.97600000,9.47800000,8.78600000,9.14900000,50451.50000000
2021-09-14 17:00:00,9.19100000,10.19400000,9.11500000,10.05000000,67214.40000000
2021-09-15 17:00:00,10.05900000,10.48500000,9.32500000,9.55900000,90365.50000000
2021-09-16 17:00:00,9.55500000,9.62200000,8.86500000,9.04200000,28722.10000000
2021-09-17 17:00:00,9.02100000,9.68800000,8.83100000,9.03400000,40823.20000000
2021-09-18 17:00:00,9.07100000,9.07200000,8.52200000,8.67500000,38335.60000000
2021-09-19 17:00:00,8.71200000,8.71200000,6.93000000,7.27400000,145626.00000000
2021-09-20 17:00:00,7.31200000,7.85600000,6.61400000,6.87100000,80584.80000000
2021-09-21 17:00:00,6.87900000,7.97700000,6.73900000,7.93600000,34263.50000000
2021-09-22 17:00:00,7.92900000,8.45900000,7.70200000,8.22300000,34923.00000000
2021-09-23 17:00:00,8.25800000,8.26200000,6.79900000,7.08600000,98296.30000000
2021-09-24 17:00:00,7.10000000,7.18400000,6.63600000,6.89800000,48921.50000000
2021-09-25 17:00:00,6.88500000,7.17400000,6.19700000,6.92400000,56987.70000000
2021-09-26 17:00:00,6.97300000,7.29000000,6.58100000,6.60400000,21784.20000000
2021-09-27 17:00:00,6.59500000,6.81700000,6.21400000,6.27800000,20435.20000000
2021-09-28 17:00:00,6.27800000,6.85600000,6.25200000,6.51600000,10159.00000000
2021-09-29 17:00:00,6.50600000,7.01900000,6.48300000,6.94700000,24201.10000000
2021-09-30 17:00:00,6.94500000,8.13100000,6.80600000,7.99800000,145266.70000000
2021-10-01 17:00:00,8.00400000,8.51900000,7.67700000,8.01100000,52245.70000000
2021-10-02 17:00:00,8.00000000,9.03300000,7.86100000,8.42800000,80682.60000000
2021-10-03 17:00:00,8.43100000,8.43100000,7.81700000,8.04000000,41230.90000000
2021-10-04 17:00:00,8.00000000,8.40000000,7.90000000,8.33000000,45574.30000000
2021-10-05 17:00:00,8.32000000,8.37200000,7.61300000,7.99200000,40331.70000000
2021-10-06 17:00:00,7.98300000,8.88800000,7.78100000,7.96300000,45929.40000000
2021-10-07 17:00:00,7.96400000,8.50000000,7.74100000,7.86900000,41163.40000000
2021-10-08 17:00:00,7.86900000,8.40000000,7.78700000,8.05300000,22468.90000000
2021-10-09 17:00:00,8.07100000,8.16300000,7.41500000,7.41500000,33514.20000000
2021-10-10 17:00:00,7.43500000,7.78600000,7.20000000,7.44800000,30230.60000000
2021-10-11 17:00:00,7.44700000,7.44700000,6.81200000,7.09200000,48096.40000000
2021-10-12 17:00:00,7.05500000,7.52000000,6.91200000,7.39100000,41418.70000000
2021-10-13 17:00:00,7.40000000,7.99900000,7.37400000,7.53600000,55160.40000000
2021-10-14 17:00:00,7.54400000,8.88000000,7.33700000,7.99900000,119214.70000000
2021-10-15 17:00:00,7.99900000,8.69600000,7.92000000,8.20000000,80452.70000000
2021-10-16 17:00:00,8.17300000,12.25000000,8.00000000,10.07800000,2488403.60000000
2021-10-17 17:00:00,10.11300000,10.88400000,9.30000000,9.55000000,366001.50000000
2021-10-18 17:00:00,9.55000000,12.00000000,9.35400000,11.26100000,790330.30000000
2021-10-19 17:00:00,11.26100000,11.84900000,10.42900000,10.81000000,273388.10000000
2021-10-20 17:00:00,10.78500000,10.78500000,9.80000000,10.31200000,101444.50000000
2021-10-21 17:00:00,10.26200000,10.84700000,10.14000000,10.22800000,40138.40000000
2021-10-22 17:00:00,10.20200000,10.27900000,9.84700000,10.02100000,27507.40000000
2021-10-23 17:00:00,10.02000000,10.17400000,9.31300000,9.49400000,36795.90000000
2021-10-24 17:00:00,9.48600000,10.45400000,9.40200000,10.02300000,67696.20000000
2021-10-25 17:00:00,10.02000000,10.11100000,8.93000000,9.19200000,39677.70000000
2021-10-26 17:00:00,9.19200000,9.34800000,7.68000000,8.02200000,74853.30000000
2021-10-27 17:00:00,8.03100000,8.68300000,7.96500000,8.57200000,55967.20000000
2021-10-28 17:00:00,8.57200000,9.12100000,8.53400000,9.03000000,31313.60000000
2021-10-29 17:00:00,9.03000000,9.03000000,8.50000000,8.54800000,37041.00000000
2021-10-30 17:00:00,8.57300000,8.64300000,8.04000000,8.48400000,44807.90000000
2021-10-31 17:00:00,8.49200000,10.00000000,8.30100000,9.23400000,166641.10000000
2021-11-01 17:00:00,9.23300000,10.23400000,9.13700000,9.83500000,60552.60000000
2021-11-02 17:00:00,9.83500000,9.83700000,9.02000000,9.76500000,47280.20000000
2021-11-03 17:00:00,9.83500000,10.27800000,9.11400000,9.16700000,65884.70000000
2021-11-04 17:00:00,9.15600000,9.16500000,8.57000000,8.67100000,62900.80000000
2021-11-05 17:00:00,8.63200000,9.42800000,8.32000000,8.85800000,81290.20000000
2021-11-06 17:00:00,8.86000000,9.41000000,8.85000000,9.40200000,32062.10000000
2021-11-07 16:00:00,9.40200000,9.73500000,9.08100000,9.73500000,35760.20000000
2021-11-08 16:00:00,9.71500000,11.00000000,9.61700000,9.95000000,138410.10000000
2021-11-09 16:00:00,9.95400000,10.55900000,8.45000000,9.05600000,80940.50000000
2021-11-10 16:00:00,9.05000000,9.51000000,8.80100000,9.50000000,46981.70000000
2021-11-11 16:00:00,9.45600000,9.80200000,8.83900000,9.21100000,33195.40000000
2021-11-12 16:00:00,9.23100000,9.62300000,9.06200000,9.21400000,14505.10000000
2021-11-13 16:00:00,9.21900000,9.79900000,9.12100000,9.32800000,37191.60000000
2021-11-14 16:00:00,9.34200000,9.83600000,8.85300000,8.92700000,35068.10000000
2021-11-15 16:00:00,8.92400000,8.92400000,7.61700000,8.01900000,45818.00000000
2021-11-16 16:00:00,8.01900000,8.33000000,7.71400000,8.28100000,27096.20000000
2021-11-17 16:00:00,8.29800000,8.38600000,7.12900000,7.29100000,39815.50000000
2021-11-18 16:00:00,7.29200000,7.92400000,7.12800000,7.87800000,15015.30000000
2021-11-19 16:00:00,7.89900000,8.24600000,7.57300000,7.88300000,38572.70000000
2021-11-20 16:00:00,7.89000000,8.33500000,7.64300000,7.76700000,33014.70000000
2021-11-21 16:00:00,7.77100000,8.48600000,7.50100000,7.95600000,43403.30000000
2021-11-22 16:00:00,8.00600000,9.59400000,7.88800000,9.03800000,109204.50000000
2021-11-23 16:00:00,9.02300000,9.26100000,8.45000000,8.98000000,49232.10000000
2021-11-24 16:00:00,8.98200000,10.45000000,8.81800000,9.55800000,74099.70000000
2021-11-25 16:00:00,9.55800000,24.99200000,9.36000000,24.31500000,2361949.25000000
2021-11-26 16:00:00,24.38900000,29.00000000,19.62400000,20.50100000,2970558.90000000
2021-11-27 16:00:00,20.51000000,22.46000000,17.54000000,18.79900000,640087.00000000
2021-11-28 16:00:00,18.79500000,21.63900000,17.30600000,17.84700000,400031.20000000
2021-11-29 16:00:00,17.86800000,18.69000000,15.82300000,17.27200000,334445.10000000
2021-11-30 16:00:00,17.26800000,18.20600000,15.47200000,16.52500000,370873.10000000
2021-12-01 16:00:00,16.47800000,16.57400000,14.84500000,15.43500000,140354.00000000
2021-12-02 16:00:00,15.43700000,17.23900000,13.16900000,13.62100000,173170.00000000
2021-12-03 16:00:00,13.61100000,13.69400000,10.00200000,12.15900000,175396.40000000
2021-12-04 16:00:00,12.15600000,12.27100000,10.37900000,11.40400000,96425.50000000
2021-12-05 16:00:00,11.43500000,12.60300000,9.71600000,11.31800000,273337.30000000
2021-12-06 16:00:00,11.21200000,14.91500000,11.06600000,13.67400000,511215.90000000
2021-12-07 16:00:00,13.64600000,13.94500000,11.89900000,12.21600000,235080.40000000
2021-12-08 16:00:00,12.23700000,12.38700000,10.44700000,10.52000000,98309.00000000
2021-12-09 16:00:00,10.53300000,11.88100000,9.92200000,10.02500000,174207.50000000
2021-12-10 16:00:00,10.04200000,10.63800000,9.71400000,10.48400000,46399.30000000
2021-12-11 16:00:00,10.49200000,10.85000000,9.94700000,10.47700000,57512.40000000
2021-12-12 16:00:00,10.48000000,10.81600000,8.71000000,8.88400000,91357.20000000
2021-12-13 16:00:00,8.86500000,9.53000000,8.58400000,9.11200000,92411.40000000
2021-12-14 16:00:00,9.07600000,9.67500000,8.37300000,9.34200000,91116.00000000
2021-12-15 16:00:00,9.35500000,10.95800000,9.28500000,9.92200000,152668.60000000
2021-12-16 16:00:00,9.94000000,11.39900000,9.54800000,10.24000000,196184.80000000
2021-12-17 16:00:00,10.22300000,10.68000000,9.78000000,9.87400000,66112.20000000
2021-12-18 16:00:00,9.87100000,9.97000000,9.18400000,9.20000000,110811.80000000
2021-12-19 16:00:00,9.20000000,9.29500000,8.50900000,8.98500000,61196.50000000
2021-12-20 16:00:00,8.99600000,9.55300000,8.76100000,9.53200000,56691.90000000
2021-12-21 16:00:00,9.53200000,14.00000000,9.46400000,10.64300000,931099.80000000
2021-12-22 16:00:00,10.63500000,12.46400000,10.44700000,11.92000000,255433.00000000
2021-12-23 16:00:00,11.89000000,15.89800000,11.43900000,15.65000000,427248.20000000
2021-12-24 16:00:00,15.65200000,19.51600000,14.72200000,16.19700000,783337.10000000
2021-12-25 16:00:00,16.18100000,16.84900000,14.93600000,15.17800000,149669.70000000
2021-12-26 16:00:00,15.19800000,15.81000000,14.08300000,14.21100000,104815.60000000
2021-12-27 16:00:00,14.17000000,15.46600000,13.42200000,14.57600000,194099.30000000
2021-12-28 16:00:00,14.61200000,16.36300000,13.30600000,13.50000000,201471.80000000
2021-12-29 16:00:00,13.55900000,13.57100000,12.73200000,12.94800000,73565.90000000
2021-12-30 16:00:00,12.91800000,13.74100000,12.32100000,12.70200000,69856.90000000
2021-12-31 16:00:00,12.71900000,14.42800000,12.71900000,13.62600000,96106.80000000
2022-01-01 16:00:00,13.54900000,15.17500000,13.47300000,14.75800000,124801.50000000
2022-01-02 16:00:00,14.80000000,14.95000000,13.21200000,13.68500000,80625.30000000
2022-01-03 16:00:00,13.74900000,16.06400000,13.44600000,15.73600000,134407.30000000
2022-01-04 16:00:00,15.65300000,15.83300000,12.42900000,13.28600000,89989.60000000
2022-01-05 16:00:00,13.29600000,13.61500000,12.40300000,13.06500000,67128.10000000
2022-01-06 16:00:00,13.11400000,13.36300000,11.51400000,12.12200000,96721.30000000
2022-01-07 16:00:00,12.13800000,12.40400000,10.36900000,10.76900000,71519.00000000
2022-01-08 16:00:00,10.75400000,11.70500000,10.58200000,11.34900000,86258.50000000
2022-01-09 16:00:00,11.39700000,11.71700000,10.14100000,10.70200000,69252.10000000
2022-01-10 16:00:00,10.69500000,11.36900000,10.51200000,11.23300000,43668.00000000
2022-01-11 16:00:00,11.23300000,12.15500000,11.08900000,11.96900000,46447.30000000
2022-01-12 16:00:00,11.98800000,12.21100000,11.03300000,11.03400000,81659.50000000
2022-01-13 16:00:00,11.07400000,11.18200000,10.56600000,10.98600000,46084.90000000
2022-01-14 16:00:00,10.98600000,11.62100000,10.93700000,11.14500000,52073.70000000
2022-01-15 16:00:00,11.15700000,11.42300000,10.81200000,11.32500000,45654.60000000
2022-01-16 16:00:00,11.36600000,12.62000000,10.99500000,12.57000000,259129.50000000
2022-01-17 16:00:00,12.58000000,13.30000000,11.01600000,11.38100000,289232.90000000
2022-01-18 16:00:00,11.39300000,11.60600000,10.18300000,10.22400000,107856.70000000
2022-01-19 16:00:00,10.23300000,10.92500000,9.43500000,9.50700000,119504.90000000
2022-01-20 16:00:00,9.49700000,9.59800000,7.67400000,7.95200000,206707.30000000
2022-01-21 16:00:00,7.93900000,8.13300000,6.12600000,6.92700000,260582.80000000
2022-01-22 16:00:00,6.97100000,7.42500000,6.78600000,7.32200000,124059.20000000
2022-01-23 16:00:00,7.29500000,7.34000000,5.86000000,6.70300000,141180.80000000
2022-01-24 16:00:00,6.71000000,7.05600000,6.50400000,6.89700000,76744.50000000
2022-01-25 16:00:00,6.87800000,7.68000000,6.75300000,7.02800000,130556.30000000
2022-01-26 16:00:00,7.00000000,7.10900000,6.44000000,6.72200000,63739.70000000
2022-01-27 16:00:00,6.72000000,7.23000000,6.60500000,7.10700000,130339.80000000
2022-01-28 16:00:00,7.09800000,7.69900000,7.07800000,7.34000000,138324.20000000
2022-01-29 16:00:00,7.34700000,7.81700000,7.08500000,7.27600000,148461.50000000
2022-01-30 16:00:00,7.28400000,7.39900000,6.80200000,7.33800000,106145.20000000
2022-01-31 16:00:00,7.32200000,8.49900000,7.29000000,8.06100000,303318.50000000
2022-02-01 16:00:00,8.06300000,8.61100000,7.50400000,7.55400000,267809.70000000
2022-02-02 16:00:00,7.53600000,7.61100000,7.04200000,7.26800000,146627.50000000
2022-02-03 16:00:00,7.28500000,8.02000000,7.23600000,8.02000000,56483.50000000
2022-02-04 16:00:00,7.99600000,8.74000000,7.99600000,8.15000000,111465.10000000
2022-02-05 16:00:00,8.15600000,8.79400000,8.07200000,8.56700000,92708.90000000
2022-02-06 16:00:00,8.59700000,9.40200000,8.27800000,9.08200000,100896.10000000
2022-02-07 16:00:00,9.11700000,9.51100000,8.18600000,8.66000000,82936.90000000
2022-02-08 16:00:00,8.66000000,9.74400000,8.42300000,9.32000000,138623.30000000
2022-02-09 16:00:00,9.32600000,9.46600000,8.40200000,8.50000000,114903.60000000
2022-02-10 16:00:00,8.52300000,9.30000000,7.80300000,7.95500000,105915.80000000
2022-02-11 16:00:00,7.94000000,8.16000000,7.59400000,7.79700000,62876.30000000
2022-02-12 16:00:00,7.80100000,7.97700000,7.22700000,7.25600000,73546.20000000
2022-02-13 16:00:00,7.29400000,7.34600000,6.77100000,7.15500000,79960.70000000
2022-02-14 16:00:00,7.19800000,7.97000000,7.15500000,7.97000000,129252.10000000
2022-02-15 16:00:00,7.92700000,8.55300000,7.76700000,8.22400000,264206.40000000
2022-02-16 16:00:00,8.20000000,8.20000000,7.07700000,7.13500000,126797.40000000
2022-02-17 16:00:00,7.13700000,7.43600000,6.86500000,6.92800000,47162.70000000
2022-02-18 16:00:00,6.90500000,7.19800000,6.76400000,6.99200000,61989.00000000
2022-02-19 16:00:00,6.99600000,7.01300000,6.31200000,6.54800000,57481.60000000
2022-02-20 16:00:00,6.54800000,7.01500000,5.91300000,5.95600000,77117.30000000
2022-02-21 16:00:00,5.99200000,6.27600000,5.69500000,6.25200000,65288.20000000
2022-02-22 16:00:00,6.22100000,6.45700000,5.82500000,5.82700000,76597.90000000
2022-02-23 16:00:00,5.83100000,5.92500000,4.91500000,5.88800000,125241.10000000
2022-02-24 16:00:00,5.88800000,6.38100000,5.78900000,6.32500000,106390.40000000
2022-02-25 16:00:00,6.34500000,6.57500000,6.18700000,6.26000000,153695.60000000
2022-02-26 16:00:00,6.26000000,6.33800000,5.77200000,5.92600000,70405.00000000
2022-02-27 16:00:00,5.89000000,6.80100000,5.79600000,6.77900000,116113.00000000
2022-02-28 16:00:00,6.81700000,7.02900000,6.54100000,6.83200000,139082.30000000
2022-03-01 16:00:00,6.83700000,6.92600000,6.56600000,6.65800000,92421.90000000
2022-03-02 16:00:00,6.68200000,6.81900000,6.26000000,6.32800000,49540.80000000
2022-03-03 16:00:00,6.35200000,6.46500000,5.79700000,5.83400000,68892.80000000
2022-03-04 16:00:00,5.79000000,6.06500000,5.69300000,6.04700000,44679.00000000
2022-03-05 16:00:00,6.03800000,6.08100000,5.56400000,5.56700000,60549.40000000
2022-03-06 16:00:00,5.58300000,5.96400000,5.36100000,5.59100000,46315.40000000
2022-03-07 16:00:00,5.58600000,5.87200000,5.57800000,5.72600000,18204.60000000
2022-03-08 16:00:00,5.73700000,6.74800000,5.71600000,6.29700000,72966.00000000
2022-03-09 16:00:00,6.29200000,6.33500000,5.60000000,5.71300000,42986.90000000
2022-03-10 16:00:00,5.71300000,5.87300000,5.48100000,5.58200000,26443.30000000
2022-03-11 16:00:00,5.58400000,5.74500000,5.30000000,5.30000000,19675.80000000
2022-03-12 16:00:00,5.31400000,5.47800000,5.17200000,5.25400000,42011.30000000
2022-03-13 17:00:00,5.22700000,5.59600000,5.18000000,5.42900000,29640.70000000
2022-03-14 17:00:00,5.44300000,5.46000000,5.16700000,5.35500000,28349.10000000
2022-03-15 17:00:00,5.36000000,5.80000000,5.35400000,5.80000000,68296.30000000
2022-03-16 17:00:00,5.79400000,5.88400000,5.57400000,5.64200000,39223.80000000
2022-03-17 17:00:00,5.63100000,6.02000000,5.48800000,5.96700000,20629.30000000
2022-03-18 17:00:00,5.96000000,7.90300000,5.92300000,7.01100000,340110.20000000
2022-03-19 17:00:00,7.04800000,7.53500000,6.46400000,6.48900000,104953.90000000
2022-03-20 17:00:00,6.48800000,7.21500000,6.37000000,6.54400000,71740.60000000
2022-03-21 17:00:00,6.57500000,7.29600000,6.48400000,6.98500000,62135.80000000
2022-03-22 17:00:00,6.99700000,7.20900000,6.71400000,7.15300000,44077.60000000
2022-03-23 17:00:00,7.16800000,8.02000000,7.05100000,7.48000000,103999.40000000
2022-03-24 17:00:00,7.48000000,7.65200000,6.92600000,7.03600000,31676.70000000
2022-03-25 17:00:00,7.02000000,7.25500000,6.95400000,7.19500000,16236.50000000
2022-03-26 17:00:00,7.19700000,7.42500000,6.98500000,7.39000000,30585.00000000
2022-03-27 17:00:00,7.39100000,8.21200000,7.13300000,7.34900000,127907.50000000
2022-03-28 17:00:00,7.36700000,7.97200000,7.01000000,7.90700000,71786.60000000
2022-03-29 17:00:00,7.86100000,8.15800000,7.37900000,7.86100000,51071.50000000
2022-03-30 17:00:00,7.86100000,8.17000000,7.10900000,7.30500000,78479.30000000
2022-03-31 17:00:00,7.31100000,8.74700000,6.83300000,8.10600000,141846.10000000
2022-04-01 17:00:00,8.08000000,8.42300000,7.73400000,7.77100000,71396.10000000
2022-04-02 17:00:00,7.80400000,8.72200000,7.67900000,8.21800000,60039.00000000
2022-04-03 17:00:00,8.21700000,8.21700000,7.30000000,7.73500000,47057.60000000
2022-04-04 17:00:00,7.72300000,8.20100000,7.30800000,7.36400000,28381.30000000
2022-04-05 17:00:00,7.32900000,7.36700000,6.42700000,6.42700000,68957.00000000
2022-04-06 17:00:00,6.44400000,7.20000000,6.32200000,6.81900000,36135.90000000
2022-04-07 17:00:00,6.81900000,6.93600000,6.19000000,6.26700000,28589.50000000
2022-04-08 17:00:00,6.26900000,7.18000000,6.26900000,6.67200000,23941.50000000
2022-04-09 17:00:00,6.62000000,6.78800000,6.32800000,6.32800000,16624.60000000
2022-04-10 17:00:00,6.35100000,6.37800000,5.51000000,5.60300000,33435.30000000
2022-04-11 17:00:00,5.62600000,6.13500000,5.61600000,5.96800000,17734.50000000
2022-04-12 17:00:00,5.93900000,6.20100000,5.72600000,6.19400000,16307.70000000
2022-04-13 17:00:00,6.20000000,6.31300000,5.73900000,5.83700000,16869.30000000
2022-04-14 17:00:00,5.83700000,6.21000000,5.83700000,6.11500000,21165.00000000
2022-04-15 17:00:00,6.11900000,6.24500000,5.91000000,6.12700000,17127.60000000
2022-04-16 17:00:00,6.10200000,6.37600000,5.79000000,5.84900000,34828.60000000
2022-04-17 17:00:00,5.82400000,6.03200000,5.51800000,5.96900000,39848.20000000
2022-04-18 17:00:00,5.97900000,6.30000000,5.89400000,6.20600000,25643.20000000
2022-04-19 17:00:00,6.18800000,6.68700000,6.05400000,6.29000000,80689.30000000
2022-04-20 17:00:00,6.28700000,6.60900000,5.68600000,5.84100000,46432.40000000
2022-04-21 17:00:00,5.82300000,6.08100000,5.80400000,6.00000000,23746.80000000
2022-04-22 17:00:00,6.00100000,6.12100000,5.84700000,5.97700000,10793.70000000
2022-04-23 17:00:00,5.96900000,6.10200000,5.78400000,5.86000000,7342.60000000
2022-04-24 17:00:00,5.85800000,5.95100000,5.31300000,5.78800000,42787.40000000
2022-04-25 17:00:00,5.80100000,6.07300000,5.17600000,5.27700000,48209.60000000
2022-04-26 17:00:00,5.26000000,5.59600000,5.20500000,5.51200000,24783.20000000
2022-04-27 17:00:00,5.48900000,5.62800000,5.16000000,5.44200000,27245.90000000
2022-04-28 17:00:00,5.45800000,5.56900000,5.02300000,5.15900000,27154.90000000
2022-04-29 17:00:00,5.14900000,5.36300000,4.23200000,4.49500000,31900.05000000
2022-04-30 17:00:00,4.50100000,4.80400000,4.35600000,4.74500000,38354.00000000
2022-05-01 17:00:00,4.74000000,4.99500000,4.44800000,4.68000000,45798.80000000
2022-05-02 17:00:00,4.66100000,5.42800000,4.62000000,4.74100000,219430.90000000
2022-05-03 17:00:00,4.75000000,5.20500000,4.69900000,5.16100000,39473.60000000
2022-05-04 17:00:00,5.15300000,5.23900000,4.37800000,4.57500000,50684.10000000
2022-05-05 17:00:00,4.56500000,4.75600000,4.39800000,4.71600000,38888.10000000
2022-05-06 17:00:00,4.68700000,4.73600000,4.34800000,4.52000000,27609.70000000
2022-05-07 17:00:00,4.53100000,4.55000000,4.29800000,4.43200000,27390.00000000
2022-05-08 17:00:00,4.44800000,4.59400000,3.25800000,3.33300000,43773.40000000
2022-05-09 17:00:00,3.34400000,3.93500000,3.21300000,3.40600000,60928.90000000
2022-05-10 17:00:00,3.40200000,3.55200000,2.07900000,2.33500000,117346.00000000
2022-05-11 17:00:00,2.35800000,2.46900000,1.53700000,2.15800000,90302.10000000
2022-05-12 17:00:00,2.16700000,2.70900000,2.13600000,2.31200000,136142.00000000
2022-05-13 17:00:00,2.32300000,2.59700000,2.10000000,2.59700000,71524.70000000
2022-05-14 17:00:00,2.56100000,2.59500000,2.30000000,2.51900000,76345.50000000
2022-05-15 17:00:00,2.49600000,2.49800000,2.19500000,2.25800000,77170.40000000
2022-05-16 17:00:00,2.28600000,2.68600000,2.28600000,2.58600000,130653.80000000
2022-05-17 17:00:00,2.58000000,2.66900000,2.22000000,2.24900000,69711.70000000
2022-05-18 17:00:00,2.24900000,2.82300000,2.12000000,2.64800000,67459.40000000
2022-05-19 17:00:00,2.64800000,2.82300000,2.34900000,2.47800000,129041.30000000
2022-05-20 17:00:00,2.49400000,3.02400000,2.39800000,2.90300000,252814.30000000
2022-05-21 17:00:00,2.89500000,3.23100000,2.67300000,2.79200000,341479.30000000
2022-05-22 17:00:00,2.77300000,2.92600000,2.50300000,2.57200000,83843.40000000
2022-05-23 17:00:00,2.58200000,2.80000000,2.43800000,2.67200000,41241.10000000
2022-05-24 17:00:00,2.66300000,2.73600000,2.56900000,2.62100000,34828.80000000
2022-05-25 17:00:00,2.64800000,2.70200000,2.25700000,2.30000000,51900.10000000
2022-05-26 17:00:00,2.31300000,2.37900000,2.14000000,2.24500000,30565.80000000
2022-05-27 17:00:00,2.25300000,2.38200000,2.19300000,2.37200000,29530.90000000
2022-05-28 17:00:00,2.35500000,2.52600000,2.21900000,2.52200000,43365.90000000
2022-05-29 17:00:00,2.52200000,2.88000000,2.47300000,2.83100000,64752.00000000
2022-05-30 17:00:00,2.88300000,3.80000000,2.72700000,3.45500000,1366908.10000000
2022-05-31 17:00:00,3.45900000,3.48300000,2.57700000,2.66900000,348905.30000000
2022-06-01 17:00:00,2.67400000,2.78400000,2.52900000,2.77200000,125677.80000000
2022-06-02 17:00:00,2.76800000,2.81200000,2.60000000,2.72200000,86264.30000000
2022-06-03 17:00:00,2.72300000,2.84300000,2.57100000,2.80400000,62687.10000000
2022-06-04 17:00:00,2.83000000,2.83100000,2.66800000,2.72300000,56597.00000000
2022-06-05 17:00:00,2.71100000,2.96100000,2.71100000,2.84600000,64187.20000000
2022-06-06 17:00:00,2.83300000,3.22100000,2.56000000,2.79800000,120915.90000000
2022-06-07 17:00:00,2.81300000,3.65500000,2.72400000,3.10600000,633988.90000000
2022-06-08 17:00:00,3.11200000,3.23700000,3.00200000,3.15300000,138878.30000000
2022-06-09 17:00:00,3.15300000,3.90000000,3.01200000,3.50000000,346902.10000000
2022-06-10 17:00:00,3.48600000,3.55500000,2.58900000,2.62800000,269851.80000000
2022-06-11 17:00:00,2.63400000,2.93800000,2.34700000,2.44000000,355697.50000000
2022-06-12 17:00:00,2.45800000,2.46700000,1.96400000,2.18300000,260427.80000000
2022-06-13 17:00:00,2.17100000,2.38600000,1.99600000,2.26900000,143468.00000000
2022-06-14 17:00:00,2.25900000,2.44800000,1.99100000,2.44800000,111513.90000000
2022-06-15 17:00:00,2.45600000,2.70000000,2.22900000,2.30300000,459739.70000000
2022-06-16 17:00:00,2.30300000,2.41600000,2.25300000,2.36300000,136747.90000000
2022-06-17 17:00:00,2.36300000,2.41800000,1.96600000,2.15900000,112771.50000000
2022-06-18 17:00:00,2.15100000,2.40000000,2.07100000,2.37500000,130272.00000000
2022-06-19 17:00:00,2.37900000,2.44000000,2.24300000,2.40600000,106770.20000000
2022-06-20 17:00:00,2.40100000,2.75700000,2.35700000,2.57100000,239894.70000000
2022-06-21 17:00:00,2.59000000,2.59000000,2.35200000,2.36700000,58533.90000000
2022-06-22 17:00:00,2.37600000,2.74000000,2.36200000,2.59200000,87308.70000000
2022-06-23 17:00:00,2.59800000,2.92400000,2.56700000,2.81500000,157206.20000000
2022-06-24 17:00:00,2.81400000,3.02300000,2.74200000,2.99100000,103507.40000000
2022-06-25 17:00:00,2.98700000,3.18300000,2.81500000,2.83800000,124205.20000000
2022-06-26 17:00:00,2.83800000,3.04100000,2.83800000,2.95600000,85803.60000000
2022-06-27 17:00:00,2.96100000,3.02000000,2.67700000,2.69300000,92799.70000000
2022-06-28 17:00:00,2.69900000,3.14900000,2.69100000,3.03200000,145215.50000000
2022-06-29 17:00:00,3.01200000,3.15000000,2.77000000,2.95000000,71452.30000000
2022-06-30 17:00:00,2.94200000,3.08400000,2.55500000,2.59600000,113895.20000000
2022-07-01 17:00:00,2.59400000,2.61400000,2.46900000,2.52500000,117759.40000000
2022-07-02 17:00:00,2.52800000,2.57200000,2.43500000,2.52900000,43911.10000000
2022-07-03 17:00:00,2.53000000,2.63700000,2.45400000,2.62400000,65969.90000000
2022-07-04 17:00:00,2.62400000,2.64900000,2.44700000,2.48800000,41275.10000000
2022-07-05 17:00:00,2.49500000,2.55500000,2.45400000,2.51300000,65471.90000000
2022-07-06 17:00:00,2.50700000,2.60400000,2.48000000,2.58300000,68876.90000000
2022-07-07 17:00:00,2.57200000,2.78000000,2.48000000,2.59100000,100123.70000000
2022-07-08 17:00:00,2.59300000,2.77100000,2.59000000,2.66500000,84374.70000000
2022-07-09 17:00:00,2.66500000,2.66500000,2.38100000,2.40500000,88700.70000000
2022-07-10 17:00:00,2.38500000,2.40500000,2.18600000,2.22000000,67651.80000000
2022-07-11 17:00:00,2.21900000,2.26900000,2.11600000,2.11800000,36765.70000000
2022-07-12 17:00:00,2.12200000,2.23500000,2.00000000,2.19800000,73543.30000000
2022-07-13 17:00:00,2.20000000,2.31000000,2.12100000,2.26100000,92663.90000000
2022-07-14 17:00:00,2.26400000,2.58300000,2.21600000,2.33300000,181457.90000000
2022-07-15 17:00:00,2.33700000,2.45700000,2.27300000,2.44300000,56059.70000000
2022-07-16 17:00:00,2.45500000,2.62600000,2.40700000,2.52600000,260378.20000000
2022-07-17 17:00:00,2.52800000,2.75500000,2.52800000,2.69700000,220725.10000000
2022-07-18 17:00:00,2.67400000,2.75500000,2.57500000,2.69300000,83671.80000000
2022-07-19 17:00:00,2.69800000,2.80600000,2.44000000,2.49400000,108813.00000000
2022-07-20 17:00:00,2.49600000,2.54700000,2.37900000,2.48100000,74716.40000000
2022-07-21 17:00:00,2.48000000,2.57300000,2.34500000,2.38700000,88653.60000000
2022-07-22 17:00:00,2.38700000,2.50800000,2.35300000,2.46100000,76424.30000000
2022-07-23 17:00:00,2.45900000,2.52400000,2.42600000,2.46000000,61426.30000000
2022-07-24 17:00:00,2.47700000,2.47900000,2.24700000,2.24800000,62139.70000000
2022-07-25 17:00:00,2.24600000,2.29700000,2.15800000,2.26900000,64443.30000000
2022-07-26 17:00:00,2.26900000,2.55300000,2.22800000,2.55300000,126002.20000000
2022-07-27 17:00:00,2.55300000,3.34300000,2.51400000,2.86300000,902166.50000000
2022-07-28 17:00:00,2.86800000,3.13600000,2.79200000,2.96500000,249601.00000000
2022-07-29 17:00:00,2.96500000,3.36400000,2.84100000,2.87000000,147509.30000000
2022-07-30 17:00:00,2.85900000,3.40500000,2.84900000,3.21900000,325526.30000000
2022-07-31 17:00:00,3.20200000,3.31300000,2.80700000,2.87900000,197410.40000000
2022-08-01 17:00:00,2.87000000,2.89700000,2.65300000,2.71400000,165378.80000000
2022-08-02 17:00:00,2.72200000,2.95000000,2.62600000,2.81000000,145119.90000000
2022-08-03 17:00:00,2.80500000,3.13500000,2.80400000,3.10600000,382401.10000000
2022-08-04 17:00:00,3.09900000,3.18100000,2.96800000,3.18100000,141294.70000000
2022-08-05 17:00:00,3.17700000,3.17700000,3.01400000,3.02400000,25129.40000000
2022-08-06 17:00:00,3.02000000,3.25500000,2.97300000,3.04600000,84175.20000000
2022-08-07 17:00:00,3.05000000,3.17400000,2.97500000,3.02400000,77620.90000000
2022-08-08 17:00:00,3.02800000,3.07100000,2.81100000,2.89000000,77541.60000000
2022-08-09 17:00:00,2.88800000,3.07300000,2.81100000,3.04000000,67100.30000000
2022-08-10 17:00:00,3.04200000,3.36300000,3.03500000,3.12800000,276266.40000000
2022-08-11 17:00:00,3.12800000,3.30000000,3.05500000,3.26200000,132751.80000000
2022-08-12 17:00:00,3.24400000,3.32200000,3.16100000,3.23000000,159979.70000000
2022-08-13 17:00:00,3.23900000,3.30500000,3.02000000,3.06400000,159897.80000000
2022-08-14 17:00:00,3.05000000,3.41000000,3.04800000,3.33100000,465017.90000000
2022-08-15 17:00:00,3.32500000,3.33300000,3.10200000,3.26900000,172540.20000000
2022-08-16 17:00:00,3.28000000,3.32100000,2.86700000,2.91600000,269381.80000000
2022-08-17 17:00:00,2.92600000,3.00800000,2.62000000,2.69200000,136391.10000000
2022-08-18 17:00:00,2.68600000,2.73200000,2.20000000,2.29900000,253379.00000000
2022-08-19 17:00:00,2.31300000,2.44200000,2.26000000,2.34500000,142450.70000000
2022-08-20 17:00:00,2.36200000,2.54000000,2.34700000,2.47300000,262306.60000000
2022-08-21 17:00:00,2.47700000,2.48000000,2.27500000,2.40700000,150910.40000000
2022-08-22 17:00:00,2.42500000,2.47500000,2.33900000,2.43800000,56868.10000000
2022-08-23 17:00:00,2.43800000,2.49600000,2.37900000,2.41700000,69256.90000000
2022-08-24 17:00:00,2.41700000,2.51600000,2.41600000,2.46800000,40020.40000000
2022-08-25 17:00:00,2.46500000,2.47300000,2.13600000,2.15500000,142261.90000000
2022-08-26 17:00:00,2.15500000,2.22000000,2.06700000,2.11000000,41112.40000000
2022-08-27 17:00:00,2.09100000,2.13300000,1.94600000,1.95900000,37587.30000000
2022-08-28 17:00:00,1.97100000,2.15800000,1.93300000,2.15700000,44357.10000000
2022-08-29 17:00:00,2.15200000,2.18200000,2.00000000,2.06700000,38011.60000000
2022-08-30 17:00:00,2.09100000,2.40100000,2.09100000,2.13600000,153699.60000000
2022-08-31 17:00:00,2.13900000,2.30800000,2.11400000,2.28100000,75247.90000000
2022-09-01 17:00:00,2.28100000,2.28300000,2.14800000,2.19400000,78362.10000000
2022-09-02 17:00:00,2.19500000,2.31100000,2.18200000,2.25200000,29258.80000000
2022-09-03 17:00:00,2.25200000,2.33400000,2.24200000,2.30600000,118558.10000000
2022-09-04 17:00:00,2.31100000,2.36400000,2.24800000,2.35000000,46287.40000000
2022-09-05 17:00:00,2.34400000,2.42000000,2.09400000,2.09900000,187228.20000000
2022-09-06 17:00:00,2.08800000,2.41900000,2.06700000,2.36200000,116566.50000000
2022-09-07 17:00:00,2.38500000,2.41900000,2.22500000,2.26000000,85132.90000000
2022-09-08 17:00:00,2.26500000,2.46100000,2.26500000,2.35700000,97604.20000000
2022-09-09 17:00:00,2.36000000,2.43600000,2.28300000,2.32800000,51396.80000000
2022-09-10 17:00:00,2.34300000,2.44000000,2.28500000,2.32600000,66324.60000000
2022-09-11 17:00:00,2.32100000,2.43700000,2.17000000,2.18000000,114925.40000000
2022-09-12 17:00:00,2.17200000,2.23000000,1.99200000,2.02900000,192584.10000000
2022-09-13 17:00:00,2.01700000,2.07100000,1.96200000,2.05100000,106591.20000000
2022-09-14 17:00:00,2.03800000,2.03800000,1.91800000,1.93500000,83501.40000000
2022-09-15 17:00:00,1.94100000,1.94800000,1.84400000,1.93200000,73690.00000000
2022-09-16 17:00:00,1.92600000,1.99000000,1.92100000,1.97600000,54516.60000000
2022-09-17 17:00:00,1.96900000,1.99300000,1.70000000,1.78000000,188694.30000000
2022-09-18 17:00:00,1.78800000,1.89200000,1.71100000,1.89100000,137021.80000000
2022-09-19 17:00:00,1.89200000,1.98000000,1.78500000,1.81000000,98479.90000000
2022-09-20 17:00:00,1.80600000,1.90900000,1.74400000,1.79200000,87593.20000000
2022-09-21 17:00:00,1.78900000,1.89500000,1.77000000,1.88700000,61868.40000000
2022-09-22 17:00:00,1.88400000,2.00100000,1.79200000,1.87700000,98632.10000000
2022-09-23 17:00:00,1.86900000,1.90200000,1.80800000,1.81400000,59095.30000000
2022-09-24 17:00:00,1.80800000,1.97200000,1.69800000,1.74200000,80609.40000000
2022-09-25 17:00:00,1.73500000,1.78500000,1.70000000,1.78500000,61011.00000000
2022-09-26 17:00:00,1.78500000,1.86500000,1.74400000,1.78600000,76824.30000000
2022-09-27 17:00:00,1.78300000,1.78400000,1.69900000,1.76100000,43653.30000000
2022-09-28 17:00:00,1.76700000,1.79500000,1.72700000,1.78900000,33749.60000000
2022-09-29 17:00:00,1.78700000,1.87900000,1.78500000,1.81000000,142174.80000000
2022-09-30 17:00:00,1.81400000,1.85900000,1.81400000,1.83700000,32786.00000000
2022-10-01 17:00:00,1.83800000,1.85500000,1.74500000,1.75300000,30409.80000000
2022-10-02 17:00:00,1.74500000,1.87800000,1.73600000,1.85600000,75436.00000000
2022-10-03 17:00:00,1.85900000,1.90500000,1.84400000,1.86600000,44033.50000000
2022-10-04 17:00:00,1.87400000,1.88400000,1.79400000,1.83100000,20903.20000000
2022-10-05 17:00:00,1.83500000,1.89600000,1.81200000,1.82800000,21718.80000000
2022-10-06 17:00:00,1.82700000,1.85400000,1.79000000,1.81000000,16292.20000000
2022-10-07 17:00:00,1.81700000,1.84000000,1.79200000,1.80200000,24673.10000000
2022-10-08 17:00:00,1.79800000,1.81600000,1.78000000,1.80000000,17882.30000000
2022-10-09 17:00:00,1.79300000,1.81300000,1.72100000,1.72600000,49266.60000000
2022-10-10 17:00:00,1.72300000,1.72300000,1.64300000,1.68400000,46979.80000000
2022-10-11 17:00:00,1.68800000,1.70800000,1.61000000,1.67600000,40173.70000000
2022-10-12 17:00:00,1.67000000,1.67400000,1.45100000,1.60700000,154967.10000000
2022-10-13 17:00:00,1.60400000,1.68300000,1.56600000,1.58200000,78797.70000000
2022-10-14 17:00:00,1.58800000,1.65400000,1.57600000,1.64200000,50339.50000000
2022-10-15 17:00:00,1.64300000,1.71800000,1.64000000,1.71000000,85937.20000000
2022-10-16 17:00:00,1.71000000,1.72300000,1.66400000,1.71500000,41580.00000000
2022-10-17 17:00:00,1.71400000,1.72800000,1.62300000,1.65700000,41362.80000000
2022-10-18 17:00:00,1.65900000,1.65900000,1.53400000,1.54100000,47063.30000000
2022-10-19 17:00:00,1.54600000,1.59700000,1.52300000,1.54700000,34962.90000000
2022-10-20 17:00:00,1.53800000,1.59800000,1.48700000,1.57600000,34135.90000000
2022-10-21 17:00:00,1.57500000,1.59900000,1.54700000,1.58100000,18933.70000000
2022-10-22 17:00:00,1.58400000,1.63300000,1.55400000,1.62900000,29681.80000000
2022-10-23 17:00:00,1.62300000,1.62900000,1.55600000,1.56000000,35835.10000000
2022-10-24 17:00:00,1.56300000,1.79000000,1.55100000,1.61000000,288965.60000000
2022-10-25 17:00:00,1.61700000,1.68000000,1.61300000,1.64700000,63603.50000000
2022-10-26 17:00:00,1.64000000,1.78000000,1.63700000,1.64900000,138973.10000000
2022-10-27 17:00:00,1.65000000,1.99900000,1.61200000,1.88100000,1657053.40000000
2022-10-28 17:00:00,1.88200000,2.24500000,1.84400000,1.95400000,4745637.90000000
2022-10-29 17:00:00,1.95200000,2.10500000,1.89800000,1.93900000,641958.20000000
2022-10-30 17:00:00,1.93800000,1.96200000,1.79500000,1.81300000,299801.90000000
2022-10-31 17:00:00,1.81000000,1.87800000,1.72700000,1.74300000,177838.30000000
2022-11-01 17:00:00,1.74300000,2.20000000,1.70600000,1.94700000,3239616.90000000
2022-11-02 17:00:00,1.94900000,3.39500000,1.91900000,2.91400000,14613811.50000000
2022-11-03 17:00:00,2.91400000,2.91600000,2.38200000,2.59600000,2453975.80000000
2022-11-04 17:00:00,2.59700000,2.90100000,2.45000000,2.55500000,1814725.90000000
2022-11-05 17:00:00,2.56300000,2.81400000,2.35000000,2.35000000,1234814.50000000
2022-11-06 16:00:00,2.35200000,2.51100000,2.23700000,2.32900000,572676.10000000
2022-11-07 16:00:00,2.33800000,2.53900000,1.58800000,1.84200000,2435598.00000000
2022-11-08 16:00:00,1.84500000,1.90800000,1.39600000,1.43800000,1309526.80000000
2022-11-09 16:00:00,1.43400000,1.88800000,1.41500000,1.80800000,1972428.10000000
2022-11-10 16:00:00,1.80400000,2.26700000,1.68000000,1.83600000,3681609.40000000
2022-11-11 16:00:00,1.83800000,1.84300000,1.58900000,1.69900000,752742.50000000
2022-11-12 16:00:00,1.70500000,1.82300000,1.63400000,1.70000000,497260.60000000
2022-11-13 16:00:00,1.69800000,1.84600000,1.55500000,1.80300000,1031714.40000000
2022-11-14 16:00:00,1.81000000,1.84200000,1.71000000,1.76000000,735562.50000000
2022-11-15 16:00:00,1.75900000,1.88200000,1.64200000,1.69800000,644362.70000000
2022-11-16 16:00:00,1.70100000,1.76400000,1.64800000,1.66400000,303798.40000000
2022-11-17 16:00:00,1.66400000,1.72200000,1.66400000,1.70800000,323143.70000000
2022-11-18 16:00:00,1.70600000,1.75000000,1.67300000,1.70500000,350594.20000000
2022-11-19 16:00:00,1.70600000,1.71100000,1.52800000,1.53600000,566397.90000000
2022-11-20 16:00:00,1.54100000,1.57600000,1.46100000,1.52800000,271507.00000000
2022-11-21 16:00:00,1.52900000,1.63900000,1.47100000,1.61500000,237248.30000000
2022-11-22 16:00:00,1.60900000,1.69000000,1.58500000,1.68600000,238942.60000000
2022-11-23 16:00:00,1.68000000,1.71000000,1.61700000,1.64600000,128196.20000000
2022-11-24 16:00:00,1.65600000,1.80000000,1.58200000,1.67800000,757233.70000000
2022-11-25 16:00:00,1.68000000,1.73100000,1.61200000,1.64000000,263861.90000000
2022-11-26 16:00:00,1.64300000,1.73300000,1.63700000,1.66400000,192179.00000000
2022-11-27 16:00:00,1.66500000,1.70100000,1.57500000,1.68900000,222990.60000000
2022-11-28 16:00:00,1.68900000,1.76800000,1.64300000,1.73400000,217515.60000000
2022-11-29 16:00:00,1.74700000,1.89100000,1.72000000,1.88000000,265842.70000000
2022-11-30 16:00:00,1.87800000,2.03200000,1.78800000,1.84500000,883910.20000000
2022-12-01 16:00:00,1.84400000,1.87400000,1.76300000,1.86700000,216314.40000000
2022-12-02 16:00:00,1.86800000,1.87500000,1.78300000,1.81500000,87145.30000000
2022-12-03 16:00:00,1.81400000,1.86300000,1.76100000,1.80900000,146016.30000000
2022-12-04 16:00:00,1.80500000,1.85900000,1.74000000,1.80300000,201462.50000000
2022-12-05 16:00:00,1.80300000,1.81500000,1.74000000,1.77300000,76853.20000000
2022-12-06 16:00:00,1.77700000,1.79100000,1.66500000,1.74800000,143806.40000000
2022-12-07 16:00:00,1.75200000,1.79900000,1.70500000,1.78600000,59824.90000000
2022-12-08 16:00:00,1.78200000,1.83700000,1.76300000,1.80800000,112038.60000000
2022-12-09 16:00:00,1.79600000,1.80800000,1.76400000,1.77900000,43293.00000000
2022-12-10 16:00:00,1.78400000,1.79600000,1.69600000,1.70500000,77211.70000000
2022-12-11 16:00:00,1.70700000,1.71300000,1.60900000,1.64800000,105091.80000000
2022-12-12 16:00:00,1.65100000,1.70500000,1.56000000,1.68200000,199310.40000000
2022-12-13 16:00:00,1.68400000,1.70300000,1.58000000,1.63000000,134075.60000000
2022-12-14 16:00:00,1.63100000,1.63300000,1.58600000,1.60200000,54077.30000000
2022-12-15 16:00:00,1.60200000,1.63000000,1.34700000,1.37200000,236881.30000000
2022-12-16 16:00:00,1.36800000,1.41200000,1.30700000,1.40400000,299018.50000000
2022-12-17 16:00:00,1.40500000,1.40500000,1.33900000,1.36200000,132348.00000000
2022-12-18 16:00:00,1.36400000,1.43000000,1.32100000,1.33300000,160528.10000000
2022-12-19 16:00:00,1.32700000,1.41100000,1.32100000,1.40400000,56444.50000000
2022-12-20 16:00:00,1.39300000,1.39400000,1.33400000,1.35500000,35870.90000000
2022-12-21 16:00:00,1.35900000,1.37200000,1.31800000,1.36100000,49274.40000000
2022-12-22 16:00:00,1.36300000,1.36700000,1.34600000,1.36000000,46639.20000000
2022-12-23 16:00:00,1.36100000,1.36900000,1.33600000,1.33800000,28314.00000000
2022-12-24 16:00:00,1.33900000,1.36000000,1.27200000,1.28900000,120866.80000000
2022-12-25 16:00:00,1.28900000,1.34200000,1.28700000,1.33900000,68448.10000000
2022-12-26 16:00:00,1.33800000,1.34100000,1.25300000,1.28800000,71429.30000000
2022-12-27 16:00:00,1.29100000,1.29700000,1.22800000,1.27800000,85758.00000000
2022-12-28 16:00:00,1.28000000,1.30900000,1.21500000,1.26300000,188160.60000000
2022-12-29 16:00:00,1.26200000,1.28300000,1.23300000,1.27900000,90732.30000000
2022-12-30 16:00:00,1.28100000,1.30700000,1.27300000,1.29600000,51520.10000000
2022-12-31 16:00:00,1.29500000,1.32800000,1.28100000,1.31200000,44095.70000000
2023-01-01 16:00:00,1.31600000,1.35500000,1.28700000,1.33000000,107841.10000000
2023-01-02 16:00:00,1.33000000,1.34500000,1.27100000,1.29300000,96881.00000000
2023-01-03 16:00:00,1.29200000,1.37300000,1.29000000,1.34500000,59750.90000000
2023-01-04 16:00:00,1.34700000,1.37600000,1.31300000,1.33100000,81861.10000000
2023-01-05 16:00:00,1.33400000,1.34200000,1.25800000,1.33400000,59962.70000000
2023-01-06 16:00:00,1.33400000,1.36300000,1.33400000,1.34600000,84035.70000000
2023-01-07 16:00:00,1.35100000,1.39000000,1.31100000,1.37000000,133691.00000000
2023-01-08 16:00:00,1.37800000,1.48900000,1.37300000,1.43200000,144400.80000000
2023-01-09 16:00:00,1.43500000,1.47700000,1.40900000,1.44500000,107332.80000000
2023-01-10 16:00:00,1.43500000,1.48300000,1.37600000,1.47900000,96119.90000000
2023-01-11 16:00:00,1.48300000,1.51900000,1.42000000,1.50000000,164757.40000000
2023-01-12 16:00:00,1.50100000,1.56100000,1.48000000,1.55800000,298927.00000000
2023-01-13 16:00:00,1.56200000,1.70300000,1.48500000,1.64400000,789064.20000000
2023-01-14 16:00:00,1.64900000,1.68400000,1.57500000,1.66200000,157081.80000000
2023-01-15 16:00:00,1.66200000,1.71300000,1.57500000,1.60500000,168265.90000000
2023-01-16 16:00:00,1.61000000,1.64200000,1.53500000,1.53800000,167177.80000000
2023-01-17 16:00:00,1.53800000,1.59400000,1.42000000,1.42600000,226256.50000000
2023-01-18 16:00:00,1.42600000,1.47900000,1.41200000,1.47000000,129130.00000000
2023-01-19 16:00:00,1.46400000,1.66900000,1.45200000,1.64900000,478248.20000000
2023-01-20 16:00:00,1.65200000,1.69200000,1.58900000,1.60500000,469608.70000000
2023-01-21 16:00:00,1.60900000,1.75800000,1.60500000,1.72600000,688279.00000000
2023-01-22 16:00:00,1.72200000,1.78500000,1.67900000,1.72500000,424027.30000000
2023-01-23 16:00:00,1.72800000,1.85200000,1.62200000,1.65100000,294597.90000000
2023-01-24 16:00:00,1.65900000,1.82900000,1.65100000,1.77500000,415947.90000000
2023-01-25 16:00:00,1.78000000,1.85300000,1.73900000,1.79500000,311915.60000000
2023-01-26 16:00:00,1.79700000,1.80500000,1.72600000,1.79000000,121549.90000000
2023-01-27 16:00:00,1.79600000,1.88800000,1.79200000,1.84400000,282822.70000000
2023-01-28 16:00:00,1.84200000,2.04200000,1.82100000,1.96500000,628559.20000000
2023-01-29 16:00:00,1.96500000,1.97200000,1.75900000,1.85600000,303195.80000000
2023-01-30 16:00:00,1.85500000,2.05000000,1.83800000,1.91800000,864319.60000000
2023-01-31 16:00:00,1.91600000,2.19000000,1.81300000,1.99200000,1191275.60000000
2023-02-01 16:00:00,2.00200000,2.09600000,1.94100000,1.94400000,345719.80000000
2023-02-02 16:00:00,1.95100000,2.06600000,1.86200000,2.00700000,474630.60000000
2023-02-03 16:00:00,2.00800000,2.11600000,1.98500000,2.07600000,709823.70000000
2023-02-04 16:00:00,2.06400000,2.15100000,1.91700000,2.07900000,668963.20000000
2023-02-05 16:00:00,2.08800000,2.15000000,1.96400000,1.98700000,386441.90000000
2023-02-06 16:00:00,1.98700000,2.25500000,1.97500000,2.19700000,664764.80000000
2023-02-07 16:00:00,2.20100000,2.24600000,1.99300000,2.04900000,407364.90000000
2023-02-08 16:00:00,2.05300000,2.07300000,1.70700000,1.77600000,426223.60000000
2023-02-09 16:00:00,1.77200000,1.79000000,1.68000000,1.72300000,226823.70000000
2023-02-10 16:00:00,1.72400000,1.76900000,1.68100000,1.75600000,186250.90000000
2023-02-11 16:00:00,1.75500000,1.85900000,1.70700000,1.75600000,306244.00000000
2023-02-12 16:00:00,1.76100000,1.79300000,1.62400000,1.73600000,188620.80000000
2023-02-13 16:00:00,1.73700000,1.84600000,1.70300000,1.84400000,231156.00000000
2023-02-14 16:00:00,1.84300000,1.97600000,1.80800000,1.97000000,211749.90000000
2023-02-15 16:00:00,1.97400000,2.18300000,1.95700000,2.03100000,607957.80000000
2023-02-16 16:00:00,2.03100000,2.15800000,2.01300000,2.13500000,355400.20000000
2023-02-17 16:00:00,2.13500000,2.38600000,2.07000000,2.28400000,1004812.40000000
2023-02-18 16:00:00,2.28700000,2.45200000,2.10000000,2.14600000,729380.60000000
2023-02-19 16:00:00,2.15800000,2.25700000,2.06900000,2.25300000,280696.00000000
2023-02-20 16:00:00,2.25700000,2.38300000,2.17100000,2.23000000,783203.40000000
2023-02-21 16:00:00,2.22900000,2.39400000,2.02300000,2.11000000,868327.30000000
2023-02-22 16:00:00,2.11200000,2.23500000,2.09400000,2.18100000,229596.40000000
2023-02-23 16:00:00,2.18100000,2.18600000,1.93900000,2.00100000,175146.70000000
2023-02-24 16:00:00,2.00300000,2.15100000,1.92900000,2.10300000,730000.20000000
2023-02-25 16:00:00,2.10300000,2.12200000,2.02600000,2.09300000,110324.50000000
2023-02-26 16:00:00,2.09900000,2.58700000,2.06000000,2.36800000,2741015.40000000
2023-02-27 16:00:00,2.37000000,2.47700000,2.25800000,2.31400000,1027073.50000000
2023-02-28 16:00:00,2.31500000,2.33000000,2.15500000,2.20600000,408373.80000000
2023-03-01 16:00:00,2.20000000,2.21400000,2.05800000,2.09700000,192522.20000000
2023-03-02 16:00:00,2.09800000,2.09800000,1.78200000,1.83000000,304971.10000000
2023-03-03 16:00:00,1.83100000,1.84500000,1.70600000,1.76300000,203662.70000000
2023-03-04 16:00:00,1.77000000,1.84800000,1.74900000,1.77800000,94514.30000000
2023-03-05 16:00:00,1.77900000,1.82000000,1.73600000,1.78800000,96589.20000000
2023-03-06 16:00:00,1.77600000,1.82700000,1.67900000,1.76000000,240297.10000000
2023-03-07 16:00:00,1.76700000,1.86700000,1.71000000,1.76900000,705723.60000000
2023-03-08 16:00:00,1.76700000,1.76800000,1.51500000,1.55300000,296020.50000000
2023-03-09 16:00:00,1.55200000,1.55800000,1.42000000,1.54700000,254629.70000000
2023-03-10 16:00:00,1.54800000,1.60500000,1.44500000,1.50800000,176237.20000000
2023-03-11 16:00:00,1.51400000,1.66800000,1.49700000,1.66200000,118425.20000000
2023-03-12 17:00:00,1.66900000,1.74500000,1.60400000,1.72100000,205763.70000000
2023-03-13 17:00:00,1.72000000,1.85300000,1.66300000,1.78800000,315783.90000000
2023-03-14 17:00:00,1.78900000,1.82900000,1.58200000,1.61200000,215791.50000000
2023-03-15 17:00:00,1.61100000,1.69500000,1.58800000,1.62700000,356387.00000000
2023-03-16 17:00:00,1.63100000,1.81100000,1.59800000,1.81100000,177595.60000000
2023-03-17 17:00:00,1.81000000,1.94100000,1.78500000,1.83300000,416182.40000000
2023-03-18 17:00:00,1.83300000,1.99500000,1.83100000,1.86600000,387984.40000000
2023-03-19 17:00:00,1.87500000,1.94200000,1.78300000,1.82800000,273473.30000000
2023-03-20 17:00:00,1.83000000,2.13100000,1.81500000,2.07900000,1086580.20000000
2023-03-21 17:00:00,2.07800000,2.41800000,2.01900000,2.26100000,1909357.10000000
2023-03-22 17:00:00,2.25600000,2.45500000,2.17500000,2.25800000,407415.70000000
2023-03-23 17:00:00,2.26300000,2.34400000,2.15400000,2.17100000,142728.20000000
2023-03-24 17:00:00,2.17100000,2.40000000,2.10200000,2.31600000,284591.20000000
2023-03-25 17:00:00,2.31600000,2.50600000,2.29100000,2.43400000,598468.50000000
2023-03-26 17:00:00,2.43400000,2.72200000,1.92400000,1.94500000,1819664.70000000
2023-03-27 17:00:00,1.94500000,1.94600000,1.81800000,1.87200000,596869.30000000
2023-03-28 17:00:00,1.87600000,1.96900000,1.85200000,1.89700000,469191.70000000
2023-03-29 17:00:00,1.89800000,1.92400000,1.80000000,1.83700000,226337.90000000
2023-03-30 17:00:00,1.83800000,1.87500000,1.78900000,1.86200000,207718.30000000
2023-03-31 17:00:00,1.86100000,1.90400000,1.81200000,1.84100000,117029.90000000
2023-04-01 17:00:00,1.84100000,1.85200000,1.72000000,1.76200000,140992.10000000
2023-04-02 17:00:00,1.76200000,1.82300000,1.68400000,1.81200000,176023.70000000
2023-04-03 17:00:00,1.81400000,1.82400000,1.76900000,1.80200000,78361.70000000
2023-04-04 17:00:00,1.80400000,1.85900000,1.77300000,1.83300000,106694.60000000
2023-04-05 17:00:00,1.83500000,1.83500000,1.77900000,1.82000000,117997.50000000
2023-04-06 17:00:00,1.82000000,1.83600000,1.76200000,1.79300000,75248.10000000
2023-04-07 17:00:00,1.79600000,1.82000000,1.76600000,1.77900000,126815.10000000
2023-04-08 17:00:00,1.77800000,1.82800000,1.76000000,1.81500000,81973.60000000
2023-04-09 17:00:00,1.81700000,1.85800000,1.79300000,1.85500000,76324.50000000
2023-04-10 17:00:00,1.84900000,1.87100000,1.83700000,1.85500000,66245.70000000
2023-04-11 17:00:00,1.85400000,1.86600000,1.75500000,1.84800000,94531.20000000
2023-04-12 17:00:00,1.84800000,1.89200000,1.82400000,1.89000000,79936.20000000
2023-04-13 17:00:00,1.89200000,1.95900000,1.85800000,1.95100000,120179.30000000
2023-04-14 17:00:00,1.95000000,1.95600000,1.90600000,1.92100000,84577.80000000
2023-04-15 17:00:00,1.92100000,1.94700000,1.87300000,1.94500000,80265.40000000
2023-04-16 17:00:00,1.94500000,1.94600000,1.85000000,1.88100000,92064.90000000
2023-04-17 17:00:00,1.88100000,1.93900000,1.84200000,1.92200000,59051.60000000
2023-04-18 17:00:00,1.92100000,1.93900000,1.65600000,1.69600000,177622.50000000
2023-04-19 17:00:00,1.69600000,1.72000000,1.60800000,1.63900000,109081.50000000
2023-04-20 17:00:00,1.63800000,1.66400000,1.50900000,1.55600000,96161.50000000
2023-04-21 17:00:00,1.55900000,1.61500000,1.55300000,1.61300000,33437.10000000
2023-04-22 17:00:00,1.61400000,1.61500000,1.54600000,1.60900000,69720.30000000
2023-04-23 17:00:00,1.60600000,1.62800000,1.56300000,1.60300000,58495.20000000
2023-04-24 17:00:00,1.60400000,1.66600000,1.55700000,1.66400000,59469.80000000
2023-04-25 17:00:00,1.66100000,1.74800000,1.56800000,1.65500000,132530.00000000
2023-04-26 17:00:00,1.65500000,1.71700000,1.61300000,1.66600000,107476.90000000
2023-04-27 17:00:00,1.66200000,1.66200000,1.60300000,1.66000000,73265.60000000
2023-04-28 17:00:00,1.65900000,1.74200000,1.64400000,1.72100000,108149.00000000
2023-04-29 17:00:00,1.72100000,1.72300000,1.65200000,1.67600000,82156.00000000
2023-04-30 17:00:00,1.67700000,1.71600000,1.62200000,1.66700000,96737.80000000
2023-05-01 17:00:00,1.66600000,1.76200000,1.66000000,1.74300000,345529.00000000
2023-05-02 17:00:00,1.74300000,1.77900000,1.69600000,1.77400000,208634.20000000
2023-05-03 17:00:00,1.77500000,1.81100000,1.75800000,1.76900000,103510.70000000
2023-05-04 17:00:00,1.76900000,1.91300000,1.76600000,1.86600000,243276.70000000
2023-05-05 17:00:00,1.86600000,1.89800000,1.63500000,1.65700000,152765.90000000
2023-05-06 17:00:00,1.65900000,1.66900000,1.59200000,1.60300000,103331.90000000
2023-05-07 17:00:00,1.60200000,1.61100000,1.40400000,1.43500000,138177.80000000
2023-05-08 17:00:00,1.43400000,1.43400000,1.34300000,1.35400000,95448.00000000
2023-05-09 17:00:00,1.35300000,1.41100000,1.28000000,1.40400000,124724.50000000
2023-05-10 17:00:00,1.40100000,1.40100000,1.30300000,1.36500000,94477.30000000
2023-05-11 17:00:00,1.36500000,1.39600000,1.30100000,1.39600000,80605.20000000
2023-05-12 17:00:00,1.39500000,1.39500000,1.34700000,1.36200000,62200.60000000
2023-05-13 17:00:00,1.36100000,1.37900000,1.33900000,1.36800000,44038.80000000
2023-05-14 17:00:00,1.36700000,1.39300000,1.33900000,1.36800000,54136.00000000
2023-05-15 17:00:00,1.36800000,1.40000000,1.33700000,1.40000000,40810.50000000
2023-05-16 17:00:00,1.39600000,1.45300000,1.37400000,1.44600000,73240.90000000
2023-05-17 17:00:00,1.44000000,1.44300000,1.35400000,1.39600000,40368.60000000
2023-05-18 17:00:00,1.39000000,1.43900000,1.37900000,1.43800000,28191.60000000
2023-05-19 17:00:00,1.42900000,1.44400000,1.41500000,1.44000000,10448.20000000
2023-05-20 17:00:00,1.43100000,1.44700000,1.39700000,1.40800000,18124.40000000
2023-05-21 17:00:00,1.40700000,1.42200000,1.37400000,1.41800000,16752.30000000
2023-05-22 17:00:00,1.41900000,1.45300000,1.40400000,1.44600000,21671.60000000
2023-05-23 17:00:00,1.44300000,1.44300000,1.36100000,1.39900000,14020.80000000
2023-05-24 17:00:00,1.39300000,1.42400000,1.36200000,1.39300000,30749.90000000
2023-05-25 17:00:00,1.39000000,1.42000000,1.37700000,1.40300000,35047.60000000
2023-05-26 17:00:00,1.40000000,1.42900000,1.39300000,1.42600000,14277.80000000
2023-05-27 17:00:00,1.42500000,1.48100000,1.41800000,1.46500000,24526.40000000
2023-05-28 17:00:00,1.46400000,1.46700000,1.42600000,1.43900000,40431.00000000
2023-05-29 17:00:00,1.43800000,1.44600000,1.40500000,1.40900000,18212.70000000
2023-05-30 17:00:00,1.41000000,1.42000000,1.33400000,1.34900000,17334.20000000
2023-05-31 17:00:00,1.34900000,1.38000000,1.31600000,1.35100000,47766.90000000
2023-06-01 17:00:00,1.35300000,1.37500000,1.34000000,1.37200000,10421.00000000
2023-06-02 17:00:00,1.37500000,1.37600000,1.34000000,1.35000000,16551.20000000
2023-06-03 17:00:00,1.34400000,1.38600000,1.34200000,1.35900000,29590.80000000
2023-06-04 17:00:00,1.35900000,1.35900000,1.15000000,1.18600000,57131.70000000
2023-06-05 17:00:00,1.18500000,1.23100000,1.13700000,1.21900000,33400.10000000
2023-06-06 17:00:00,1.21800000,1.21800000,1.10800000,1.13000000,21740.60000000
2023-06-07 17:00:00,1.12600000,1.15200000,1.10100000,1.13000000,30435.40000000
2023-06-08 17:00:00,1.13000000,1.15000000,1.10500000,1.13200000,36503.00000000
2023-06-09 17:00:00,1.13200000,1.13200000,0.78100000,0.89400000,162149.40000000
2023-06-10 17:00:00,0.89100000,0.91600000,0.86200000,0.89600000,47581.60000000
2023-06-11 17:00:00,0.89200000,0.95400000,0.86300000,0.94900000,58490.20000000
2023-06-12 17:00:00,0.95300000,0.98900000,0.94400000,0.98900000,44759.40000000
2023-06-13 17:00:00,0.98600000,1.00600000,0.93100000,0.95100000,39744.00000000
2023-06-14 17:00:00,0.95300000,0.97800000,0.93400000,0.96000000,69204.70000000
2023-06-15 17:00:00,0.96000000,0.96200000,0.91400000,0.96000000,45052.30000000
2023-06-16 17:00:00,0.96000000,1.04200000,0.94800000,0.98500000,95106.20000000
2023-06-17 17:00:00,0.97700000,0.98600000,0.95600000,0.95600000,22929.10000000
2023-06-18 17:00:00,0.95700000,0.97900000,0.93800000,0.96800000,23474.30000000
2023-06-19 17:00:00,0.96800000,1.02000000,0.93500000,1.01000000,34573.70000000
2023-06-20 17:00:00,1.01100000,1.12700000,1.01100000,1.11600000,70670.40000000
2023-06-21 17:00:00,1.11200000,1.15300000,1.08400000,1.09300000,36020.70000000
2023-06-22 17:00:00,1.09400000,1.15100000,1.07600000,1.12900000,34610.00000000
2023-06-23 17:00:00,1.12100000,1.16000000,1.10100000,1.13500000,22183.90000000
2023-06-24 17:00:00,1.13400000,1.18800000,1.13400000,1.15000000,22088.90000000
2023-06-25 17:00:00,1.15100000,1.17400000,1.10400000,1.12800000,29434.90000000
2023-06-26 17:00:00,1.13400000,1.16000000,1.12200000,1.14300000,13092.40000000
2023-06-27 17:00:00,1.14300000,1.14300000,1.02800000,1.06900000,20528.90000000
2023-06-28 17:00:00,1.06900000,1.12400000,1.06900000,1.10600000,32044.50000000
2023-06-29 17:00:00,1.10100000,1.17200000,1.05000000,1.14900000,61124.10000000
2023-06-30 17:00:00,1.15300000,1.16400000,1.12300000,1.15100000,57736.80000000
2023-07-01 17:00:00,1.14900000,1.15000000,1.09500000,1.14100000,25901.70000000
2023-07-02 17:00:00,1.14400000,1.19100000,1.13900000,1.18500000,19628.60000000
2023-07-03 17:00:00,1.18000000,1.18600000,1.15100000,1.18300000,19833.80000000
2023-07-04 17:00:00,1.17800000,1.20000000,1.08700000,1.10800000,22625.30000000
2023-07-05 17:00:00,1.10700000,1.14900000,1.02300000,1.02300000,29655.90000000
2023-07-06 17:00:00,1.02700000,1.03200000,0.97800000,0.98600000,41269.50000000
2023-07-07 17:00:00,0.98800000,0.99700000,0.90700000,0.92000000,77324.00000000
2023-07-08 17:00:00,0.91600000,0.92700000,0.88300000,0.88900000,81268.90000000
2023-07-09 17:00:00,0.88500000,0.94600000,0.85500000,0.92600000,110191.90000000
2023-07-10 17:00:00,0.92500000,0.95500000,0.91300000,0.93600000,58646.70000000
2023-07-11 17:00:00,0.93500000,0.95000000,0.91300000,0.94000000,47873.60000000
2023-07-12 17:00:00,0.93200000,1.07900000,0.92700000,1.07500000,100333.20000000
2023-07-13 17:00:00,1.07900000,1.08700000,1.01200000,1.07900000,58831.20000000
2023-07-14 17:00:00,1.07700000,1.10400000,1.04400000,1.06300000,51837.20000000
2023-07-15 17:00:00,1.06900000,1.07000000,1.01400000,1.02100000,46623.00000000
2023-07-16 17:00:00,1.02000000,1.08800000,1.01800000,1.06600000,56944.20000000
2023-07-17 17:00:00,1.07200000,1.08300000,1.01400000,1.03600000,23448.30000000
2023-07-18 17:00:00,1.03200000,1.08100000,1.02900000,1.05200000,23854.60000000
2023-07-19 17:00:00,1.04400000,1.08500000,1.02600000,1.05700000,25355.50000000
2023-07-20 17:00:00,1.06200000,1.08600000,1.05200000,1.07200000,22139.30000000
2023-07-21 17:00:00,1.07500000,1.09100000,1.06100000,1.07700000,22013.90000000
2023-07-22 17:00:00,1.07800000,1.10300000,1.05300000,1.08700000,28134.40000000
2023-07-23 17:00:00,1.08700000,1.08700000,1.00700000,1.02200000,43346.30000000
2023-07-24 17:00:00,1.02400000,1.02400000,0.93200000,0.94300000,61844.60000000
2023-07-25 17:00:00,0.94400000,0.98000000,0.91600000,0.96200000,39934.10000000
2023-07-26 17:00:00,0.95700000,1.01800000,0.94200000,0.98900000,29237.10000000
2023-07-27 17:00:00,0.98500000,1.05400000,0.98500000,1.02000000,114041.30000000
2023-07-28 17:00:00,1.01600000,1.02500000,1.00400000,1.01200000,28982.40000000
2023-07-29 17:00:00,1.01200000,1.01500000,0.96600000,1.00000000,22774.00000000
2023-07-30 17:00:00,0.99400000,1.01800000,0.97700000,0.98500000,19018.30000000
2023-07-31 17:00:00,0.98100000,1.01800000,0.95500000,1.00500000,27163.40000000
2023-08-01 17:00:00,1.00800000,1.01600000,0.97900000,0.99800000,29508.60000000
2023-08-02 17:00:00,0.99500000,1.00700000,0.97900000,0.98400000,12960.10000000
2023-08-03 17:00:00,0.98400000,1.01700000,0.97700000,0.98900000,45074.10000000
2023-08-04 17:00:00,0.98600000,1.01600000,0.97600000,1.01600000,26689.90000000
2023-08-05 17:00:00,1.01600000,1.45000000,1.01400000,1.16500000,2257752.10000000
2023-08-06 17:00:00,1.16700000,1.27300000,1.01000000,1.03100000,707050.50000000
2023-08-07 17:00:00,1.02900000,1.17500000,1.02100000,1.07100000,321894.70000000
2023-08-08 17:00:00,1.07300000,1.12900000,1.05500000,1.08700000,226020.70000000
2023-08-09 17:00:00,1.09100000,1.10300000,1.06200000,1.07300000,47274.20000000
2023-08-10 17:00:00,1.07600000,1.21800000,1.07100000,1.13700000,288001.10000000
2023-08-11 17:00:00,1.13700000,1.17800000,1.10500000,1.16300000,53005.20000000
2023-08-12 17:00:00,1.15600000,1.18000000,1.12300000,1.15700000,54732.40000000
2023-08-13 17:00:00,1.15700000,1.20200000,1.12200000,1.12400000,127196.10000000
2023-08-14 17:00:00,1.12400000,1.23600000,0.98900000,1.08100000,357935.50000000
2023-08-15 17:00:00,1.08000000,1.09200000,0.99600000,1.01300000,108261.50000000
2023-08-16 17:00:00,1.01500000,1.02800000,0.71000000,0.86800000,294217.00000000
2023-08-17 17:00:00,0.86700000,0.91300000,0.84200000,0.87000000,157490.20000000
2023-08-18 17:00:00,0.86400000,0.89200000,0.84800000,0.89100000,46484.60000000
2023-08-19 17:00:00,0.89300000,0.90200000,0.87200000,0.89100000,24038.90000000
2023-08-20 17:00:00,0.88700000,0.89000000,0.85200000,0.87900000,12714.10000000
2023-08-21 17:00:00,0.87400000,0.94300000,0.81700000,0.87500000,72666.30000000
2023-08-22 17:00:00,0.88100000,0.90300000,0.86500000,0.88900000,48097.10000000
2023-08-23 17:00:00,0.89100000,0.89100000,0.84300000,0.86700000,162885.50000000
2023-08-24 17:00:00,0.86400000,0.86700000,0.82400000,0.84800000,33813.70000000
2023-08-25 17:00:00,0.85000000,0.86600000,0.84700000,0.85500000,26615.00000000
2023-08-26 17:00:00,0.85300000,0.86000000,0.84900000,0.85800000,13505.50000000
2023-08-27 17:00:00,0.85900000,0.87900000,0.83000000,0.86500000,44954.80000000
2023-08-28 17:00:00,0.86300000,0.93200000,0.81000000,0.91300000,72707.90000000
2023-08-29 17:00:00,0.91700000,0.93500000,0.87000000,0.90900000,141308.90000000
2023-08-30 17:00:00,0.90700000,0.92000000,0.85600000,0.88600000,28106.80000000
2023-08-31 17:00:00,0.88500000,0.92000000,0.87900000,0.89700000,32870.10000000
2023-09-01 17:00:00,0.89800000,0.94300000,0.87500000,0.90600000,63471.10000000
2023-09-02 17:00:00,0.90400000,0.90700000,0.88000000,0.90200000,16377.30000000
