2021-08-12 17:00:00,638.30000000,850.00000000,638.30000000,768.00000000,19767.98900000
2021-08-13 17:00:00,767.70000000,890.00000000,746.50000000,765.00000000,17922.30300000
2021-08-14 17:00:00,768.80000000,773.40000000,671.50000000,712.10000000,6678.35500000
2021-08-15 17:00:00,712.10000000,748.00000000,645.00000000,659.90000000,9914.32200000
2021-08-16 17:00:00,659.90000000,719.90000000,628.00000000,631.30000000,4727.20800000
2021-08-17 17:00:00,631.00000000,675.20000000,603.30000000,614.70000000,3725.51400000
2021-08-18 17:00:00,614.70000000,669.90000000,586.30000000,664.90000000,5122.08700000
2021-08-19 17:00:00,661.50000000,790.00000000,659.00000000,742.50000000,8948.67400000
2021-08-20 17:00:00,742.60000000,779.20000000,682.60000000,691.00000000,6668.28500000
2021-08-21 17:00:00,691.00000000,749.90000000,687.10000000,724.50000000,4471.02600000
2021-08-22 17:00:00,722.90000000,757.00000000,677.00000000,693.60000000,5976.97300000
2021-08-23 17:00:00,693.10000000,709.70000000,649.00000000,650.40000000,4049.29400000
2021-08-24 17:00:00,649.60000000,670.00000000,620.00000000,651.90000000,3501.51800000
2021-08-25 17:00:00,653.60000000,661.00000000,590.00000000,602.30000000,3779.31500000
2021-08-26 17:00:00,603.10000000,634.90000000,586.50000000,623.80000000,4224.77000000
2021-08-27 17:00:00,624.30000000,635.80000000,613.30000000,621.50000000,3470.89300000
2021-08-28 17:00:00,622.00000000,631.80000000,588.30000000,606.70000000,2781.54100000
2021-08-29 17:00:00,606.70000000,615.90000000,560.30000000,578.80000000,3893.79300000
2021-08-30 17:00:00,580.20000000,602.00000000,568.30000000,574.70000000,2886.79100000
2021-08-31 17:00:00,574.40000000,641.80000000,568.20000000,611.80000000,5048.37600000
2021-09-01 17:00:00,611.70000000,620.00000000,556.00000000,583.70000000,3616.27200000
2021-09-02 17:00:00,582.70000000,591.70000000,565.00000000,573.70000000,3284.93400000
2021-09-03 17:00:00,572.60000000,635.00000000,572.10000000,628.20000000,6250.10300000
2021-09-04 17:00:00,628.20000000,638.00000000,591.30000000,597.80000000,5307.41500000
2021-09-05 17:00:00,598.40000000,606.60000000,581.10000000,588.70000000,3471.66100000
2021-09-06 17:00:00,588.70000000,595.00000000,460.00000000,505.10000000,6841.31900000
2021-09-07 17:00:00,505.90000000,518.50000000,457.10000000,494.80000000,2251.69000000
2021-09-08 17:00:00,493.40000000,528.20000000,469.30000000,480.00000000,4540.70200000
2021-09-09 17:00:00,478.50000000,500.00000000,419.50000000,429.80000000,3986.43500000
2021-09-10 17:00:00,430.30000000,451.50000000,428.40000000,440.40000000,3235.89700000
2021-09-11 17:00:00,442.70000000,459.00000000,431.10000000,443.50000000,2446.07000000
2021-09-12 17:00:00,443.90000000,447.90000000,403.00000000,412.50000000,3951.65700000
2021-09-13 17:00:00,413.10000000,456.00000000,410.70000000,438.60000000,4879.62000000
2021-09-14 17:00:00,438.70000000,613.40000000,438.50000000,509.80000000,29704.56500000
2021-09-15 17:00:00,510.70000000,547.80000000,480.00000000,492.20000000,7020.71000000
2021-09-16 17:00:00,492.20000000,494.90000000,455.10000000,466.20000000,7584.77800000
2021-09-17 17:00:00,466.60000000,495.00000000,462.50000000,473.80000000,7558.16600000
2021-09-18 17:00:00,473.50000000,492.40000000,449.70000000,449.70000000,5087.96200000
2021-09-19 17:00:00,451.00000000,451.70000000,390.00000000,397.20000000,9489.56700000
2021-09-20 17:00:00,397.20000000,440.80000000,349.00000000,354.40000000,10125.89800000
2021-09-21 17:00:00,353.80000000,401.40000000,351.10000000,394.40000000,5380.53000000
2021-09-22 17:00:00,394.40000000,433.00000000,377.90000000,406.20000000,9003.83300000
2021-09-23 17:00:00,406.40000000,409.00000000,343.50000000,366.00000000,5984.34400000
2021-09-24 17:00:00,365.40000000,374.80000000,352.90000000,358.60000000,3411.42800000
2021-09-25 17:00:00,358.70000000,386.50000000,327.80000000,358.80000000,8868.50700000
2021-09-26 17:00:00,357.10000000,397.10000000,347.40000000,348.20000000,9397.78100000
2021-09-27 17:00:00,348.20000000,353.10000000,331.10000000,336.50000000,2628.89700000
2021-09-28 17:00:00,336.20000000,356.50000000,330.40000000,338.10000000,2785.48500000
2021-09-29 17:00:00,338.00000000,366.60000000,337.10000000,360.50000000,3567.59800000
2021-09-30 17:00:00,360.10000000,558.90000000,358.80000000,433.00000000,63350.29100000
2021-10-01 17:00:00,431.20000000,446.60000000,420.00000000,436.90000000,9678.41500000
2021-10-02 17:00:00,437.50000000,444.20000000,420.80000000,422.80000000,4774.95800000
2021-10-03 17:00:00,423.40000000,427.00000000,400.00000000,410.50000000,4812.10300000
2021-10-04 17:00:00,409.70000000,428.90000000,405.80000000,426.70000000,3944.53300000
2021-10-05 17:00:00,426.70000000,432.40000000,400.00000000,418.40000000,3761.17800000
2021-10-06 17:00:00,418.50000000,434.80000000,400.00000000,413.90000000,5348.13100000
2021-10-07 17:00:00,413.10000000,444.30000000,413.10000000,425.90000000,4706.44500000
2021-10-08 17:00:00,425.90000000,440.00000000,416.30000000,424.50000000,2875.17700000
2021-10-09 17:00:00,423.10000000,424.50000000,394.10000000,396.40000000,2179.26800000
2021-10-10 17:00:00,396.40000000,406.90000000,384.10000000,390.30000000,2698.09300000
2021-10-11 17:00:00,392.30000000,394.60000000,368.60000000,383.30000000,3220.87100000
2021-10-12 17:00:00,384.80000000,408.50000000,378.10000000,404.00000000,3907.64100000
2021-10-13 17:00:00,403.80000000,412.60000000,382.40000000,390.30000000,5068.16300000
2021-10-14 17:00:00,390.20000000,472.50000000,382.80000000,422.30000000,12725.66000000
2021-10-15 17:00:00,422.40000000,427.40000000,405.40000000,408.20000000,2895.02100000
2021-10-16 17:00:00,408.60000000,450.00000000,387.50000000,400.00000000,4401.85500000
2021-10-17 17:00:00,398.90000000,439.70000000,398.90000000,408.30000000,5393.28000000
2021-10-18 17:00:00,407.40000000,419.20000000,401.00000000,411.20000000,2875.26400000
2021-10-19 17:00:00,411.90000000,424.80000000,402.80000000,421.90000000,2907.82000000
2021-10-20 17:00:00,421.90000000,435.00000000,408.10000000,414.40000000,3648.62900000
2021-10-21 17:00:00,413.60000000,426.90000000,408.00000000,408.50000000,2792.11500000
2021-10-22 17:00:00,408.60000000,423.40000000,404.70000000,420.80000000,1596.17700000
2021-10-23 17:00:00,420.80000000,425.00000000,389.00000000,397.80000000,2499.75800000
2021-10-24 17:00:00,397.00000000,412.80000000,390.90000000,403.30000000,3423.05100000
2021-10-25 17:00:00,404.40000000,535.80000000,403.30000000,426.20000000,37789.51100000
2021-10-26 17:00:00,426.10000000,449.80000000,415.30000000,416.00000000,10088.92600000
2021-10-27 17:00:00,416.20000000,458.60000000,415.50000000,452.30000000,7739.84700000
2021-10-28 17:00:00,452.30000000,458.50000000,440.00000000,450.90000000,5218.95700000
2021-10-29 17:00:00,450.60000000,493.50000000,411.80000000,414.50000000,5403.66400000
2021-10-30 17:00:00,416.30000000,424.90000000,396.00000000,408.70000000,4656.03100000
2021-10-31 17:00:00,409.20000000,426.40000000,393.40000000,418.00000000,5901.47000000
2021-11-01 17:00:00,418.30000000,435.80000000,412.50000000,426.40000000,6041.91400000
2021-11-02 17:00:00,426.50000000,465.00000000,422.10000000,454.80000000,7698.61400000
2021-11-03 17:00:00,454.90000000,467.60000000,421.40000000,433.60000000,5155.21100000
2021-11-04 17:00:00,434.30000000,436.00000000,415.00000000,416.60000000,3507.19600000
2021-11-05 17:00:00,416.00000000,418.20000000,401.70000000,411.50000000,2898.32200000
2021-11-06 17:00:00,411.50000000,426.50000000,405.00000000,416.10000000,3218.88000000
2021-11-07 16:00:00,416.60000000,438.70000000,413.10000000,426.60000000,5143.92100000
2021-11-08 16:00:00,426.50000000,438.70000000,414.00000000,415.70000000,3013.48300000
2021-11-09 16:00:00,416.30000000,422.50000000,386.00000000,392.20000000,4715.53200000
2021-11-10 16:00:00,392.10000000,411.90000000,390.20000000,406.50000000,3170.40800000
2021-11-11 16:00:00,406.20000000,424.90000000,395.00000000,401.20000000,3873.96400000
2021-11-12 16:00:00,400.90000000,405.00000000,388.00000000,393.20000000,4257.88600000
2021-11-13 16:00:00,393.00000000,397.50000000,381.20000000,392.60000000,2981.87000000
2021-11-14 16:00:00,392.60000000,398.90000000,380.00000000,381.40000000,2169.29000000
2021-11-15 16:00:00,382.00000000,382.00000000,346.70000000,362.00000000,4353.71600000
2021-11-16 16:00:00,361.90000000,376.90000000,352.10000000,373.70000000,2526.59700000
2021-11-17 16:00:00,373.80000000,383.90000000,333.90000000,336.80000000,3326.38900000
2021-11-18 16:00:00,337.00000000,376.40000000,335.40000000,374.50000000,2567.16700000
2021-11-19 16:00:00,374.60000000,375.90000000,348.30000000,360.70000000,4134.52300000
2021-11-20 16:00:00,361.00000000,361.60000000,349.50000000,351.00000000,3497.55500000
2021-11-21 16:00:00,350.90000000,355.00000000,336.10000000,340.00000000,3245.08500000
2021-11-22 16:00:00,341.10000000,355.00000000,334.50000000,349.20000000,2981.26600000
2021-11-23 16:00:00,349.30000000,352.80000000,325.10000000,328.70000000,4927.13600000
2021-11-24 16:00:00,328.70000000,354.10000000,326.30000000,347.80000000,5116.73900000
2021-11-25 16:00:00,347.40000000,348.30000000,302.20000000,311.50000000,3576.06200000
2021-11-26 16:00:00,311.50000000,350.00000000,311.10000000,319.10000000,4234.29500000
2021-11-27 16:00:00,318.70000000,327.40000000,303.90000000,324.20000000,2698.30400000
2021-11-28 16:00:00,324.20000000,344.80000000,316.90000000,336.50000000,4227.70600000
2021-11-29 16:00:00,336.40000000,350.00000000,325.10000000,334.80000000,4597.07600000
2021-11-30 16:00:00,334.80000000,350.00000000,325.10000000,328.60000000,4628.69700000
2021-12-01 16:00:00,327.90000000,332.10000000,313.80000000,326.70000000,3336.31000000
2021-12-02 16:00:00,326.00000000,337.70000000,309.20000000,316.30000000,3762.32700000
2021-12-03 16:00:00,316.70000000,317.70000000,244.00000000,278.90000000,5101.57500000
2021-12-04 16:00:00,279.60000000,285.90000000,260.00000000,273.20000000,2807.25000000
2021-12-05 16:00:00,273.20000000,275.40000000,239.60000000,275.40000000,3604.17800000
2021-12-06 16:00:00,274.20000000,295.00000000,267.10000000,271.90000000,4387.15000000
2021-12-07 16:00:00,272.00000000,296.10000000,263.10000000,279.60000000,4317.15500000
2021-12-08 16:00:00,279.40000000,298.30000000,254.30000000,255.70000000,5271.05500000
2021-12-09 16:00:00,255.70000000,273.50000000,247.70000000,248.40000000,4120.40600000
2021-12-10 16:00:00,249.00000000,312.90000000,245.80000000,254.40000000,33855.28800000
2021-12-11 16:00:00,254.20000000,263.40000000,244.60000000,245.90000000,5700.76100000
2021-12-12 16:00:00,245.80000000,246.80000000,211.90000000,219.50000000,3944.68200000
2021-12-13 16:00:00,219.50000000,239.80000000,212.70000000,238.90000000,8735.30000000
2021-12-14 16:00:00,238.60000000,258.60000000,227.80000000,249.50000000,8461.48500000
2021-12-15 16:00:00,249.60000000,259.70000000,243.00000000,243.40000000,5192.63500000
2021-12-16 16:00:00,244.40000000,246.80000000,222.50000000,231.70000000,3842.66600000
2021-12-17 16:00:00,231.80000000,244.10000000,227.10000000,242.10000000,2044.81000000
2021-12-18 16:00:00,241.70000000,247.60000000,230.00000000,235.30000000,2712.13600000
2021-12-19 16:00:00,234.60000000,234.90000000,217.90000000,230.10000000,3005.73000000
2021-12-20 16:00:00,230.30000000,257.40000000,227.70000000,242.90000000,3674.19000000
2021-12-21 16:00:00,242.30000000,300.00000000,235.30000000,267.10000000,30281.42300000
2021-12-22 16:00:00,267.10000000,281.10000000,253.70000000,270.40000000,11826.05500000
2021-12-23 16:00:00,270.30000000,276.60000000,258.20000000,259.60000000,3040.11200000
2021-12-24 16:00:00,259.20000000,274.00000000,258.30000000,265.70000000,2680.11900000
2021-12-25 16:00:00,265.50000000,276.40000000,259.00000000,272.30000000,2468.48000000
2021-12-26 16:00:00,272.50000000,283.00000000,263.60000000,264.80000000,5757.95400000
2021-12-27 16:00:00,264.30000000,570.00000000,251.00000000,445.80000000,336672.15100000
2021-12-28 16:00:00,445.50000000,455.30000000,322.10000000,323.60000000,124816.95700000
2021-12-29 16:00:00,323.60000000,337.00000000,306.80000000,312.70000000,16814.77200000
2021-12-30 16:00:00,312.70000000,333.20000000,304.90000000,318.50000000,12626.19300000
2021-12-31 16:00:00,318.80000000,395.00000000,317.40000000,345.90000000,54549.58400000
2022-01-01 16:00:00,346.40000000,352.50000000,322.50000000,331.30000000,15129.42000000
2022-01-02 16:00:00,331.30000000,331.70000000,308.90000000,316.70000000,7096.39600000
2022-01-03 16:00:00,316.40000000,324.60000000,305.10000000,305.80000000,6107.89400000
2022-01-04 16:00:00,305.20000000,317.90000000,273.10000000,286.00000000,8316.48800000
2022-01-05 16:00:00,285.60000000,362.80000000,273.10000000,318.70000000,38051.77500000
2022-01-06 16:00:00,318.70000000,320.40000000,285.80000000,286.20000000,15391.33700000
2022-01-07 16:00:00,286.60000000,294.40000000,264.30000000,273.60000000,5075.29700000
2022-01-08 16:00:00,273.50000000,291.00000000,269.90000000,278.50000000,4676.68900000
2022-01-09 16:00:00,278.40000000,283.20000000,256.10000000,263.40000000,3917.90000000
2022-01-10 16:00:00,263.80000000,282.10000000,256.00000000,273.70000000,6898.14400000
2022-01-11 16:00:00,273.70000000,289.30000000,267.70000000,282.30000000,5447.26600000
2022-01-12 16:00:00,282.70000000,284.90000000,260.20000000,262.20000000,3833.16800000
2022-01-13 16:00:00,261.90000000,316.10000000,251.20000000,287.80000000,26020.69400000
2022-01-14 16:00:00,288.20000000,324.90000000,283.00000000,299.50000000,24601.30400000
2022-01-15 16:00:00,299.50000000,301.10000000,282.20000000,288.00000000,4814.06300000
2022-01-16 16:00:00,288.00000000,291.70000000,265.00000000,266.50000000,7362.46100000
2022-01-17 16:00:00,266.80000000,274.60000000,260.20000000,265.80000000,4635.77200000
2022-01-18 16:00:00,265.50000000,265.50000000,251.20000000,253.50000000,3257.34100000
2022-01-19 16:00:00,253.50000000,268.90000000,244.60000000,244.70000000,3906.16300000
2022-01-20 16:00:00,244.70000000,247.70000000,196.80000000,204.80000000,8386.66300000
2022-01-21 16:00:00,204.70000000,207.90000000,163.00000000,178.70000000,15666.58000000
2022-01-22 16:00:00,178.80000000,197.10000000,175.50000000,186.50000000,8303.75400000
2022-01-23 16:00:00,186.50000000,190.00000000,156.70000000,175.00000000,6902.23200000
2022-01-24 16:00:00,174.20000000,182.80000000,166.10000000,177.10000000,5391.96700000
2022-01-25 16:00:00,176.30000000,189.90000000,170.00000000,175.10000000,5294.78300000
2022-01-26 16:00:00,175.00000000,182.60000000,166.50000000,175.80000000,4859.61500000
2022-01-27 16:00:00,176.20000000,180.50000000,172.50000000,177.50000000,2975.14200000
2022-01-28 16:00:00,177.60000000,185.50000000,177.40000000,180.00000000,3089.25400000
2022-01-29 16:00:00,180.50000000,181.30000000,170.60000000,173.00000000,2893.89100000
2022-01-30 16:00:00,173.00000000,178.20000000,166.10000000,174.60000000,3184.71300000
2022-01-31 16:00:00,174.70000000,249.40000000,173.00000000,193.80000000,35024.57100000
2022-02-01 16:00:00,194.30000000,211.80000000,180.40000000,181.40000000,16682.54000000
2022-02-02 16:00:00,181.40000000,188.00000000,175.30000000,186.90000000,4508.02300000
2022-02-03 16:00:00,186.90000000,196.70000000,175.00000000,196.00000000,4731.90800000
2022-02-04 16:00:00,196.10000000,202.00000000,189.40000000,193.60000000,4573.08300000
2022-02-05 16:00:00,193.80000000,208.00000000,192.90000000,201.20000000,6966.28500000
2022-02-06 16:00:00,201.30000000,224.90000000,198.30000000,213.80000000,7205.74600000
2022-02-07 16:00:00,213.80000000,213.90000000,195.10000000,202.80000000,4256.49200000
2022-02-08 16:00:00,202.70000000,239.10000000,199.00000000,223.80000000,12185.35800000
2022-02-09 16:00:00,223.80000000,227.20000000,206.70000000,208.20000000,7220.12900000
2022-02-10 16:00:00,208.20000000,209.60000000,191.20000000,192.60000000,4213.47200000
2022-02-11 16:00:00,192.60000000,198.10000000,185.80000000,191.10000000,2595.41300000
2022-02-12 16:00:00,191.20000000,225.00000000,190.10000000,194.60000000,11746.91500000
2022-02-13 16:00:00,195.00000000,210.00000000,188.00000000,200.20000000,5244.27800000
2022-02-14 16:00:00,200.20000000,227.00000000,199.20000000,218.10000000,5613.73200000
2022-02-15 16:00:00,218.00000000,218.00000000,203.30000000,212.10000000,3427.57400000
2022-02-16 16:00:00,211.50000000,212.80000000,191.50000000,191.60000000,3195.66100000
2022-02-17 16:00:00,191.90000000,194.50000000,181.30000000,182.30000000,2589.59100000
2022-02-18 16:00:00,182.20000000,195.60000000,175.70000000,181.20000000,2864.37700000
2022-02-19 16:00:00,181.40000000,201.70000000,170.20000000,178.70000000,13618.74900000
2022-02-20 16:00:00,178.80000000,184.50000000,164.20000000,164.60000000,3422.43900000
2022-02-21 16:00:00,164.60000000,173.80000000,158.40000000,173.30000000,4086.12100000
2022-02-22 16:00:00,173.40000000,185.00000000,163.00000000,163.40000000,5845.45200000
2022-02-23 16:00:00,163.40000000,165.90000000,140.00000000,156.00000000,8939.64900000
2022-02-24 16:00:00,156.30000000,168.90000000,154.40000000,167.80000000,4726.13300000
2022-02-25 16:00:00,167.70000000,170.30000000,162.10000000,163.20000000,2180.97400000
2022-02-26 16:00:00,163.10000000,168.30000000,154.20000000,157.10000000,2815.09400000
2022-02-27 16:00:00,156.70000000,171.60000000,154.60000000,169.60000000,3632.94800000
2022-02-28 16:00:00,169.60000000,192.00000000,163.70000000,170.50000000,10634.90300000
2022-03-01 16:00:00,170.60000000,180.20000000,168.00000000,173.10000000,6249.51200000
2022-03-02 16:00:00,173.20000000,179.80000000,163.20000000,168.00000000,3247.05800000
2022-03-03 16:00:00,168.10000000,173.70000000,158.10000000,159.20000000,4906.41400000
2022-03-04 16:00:00,159.30000000,185.90000000,156.20000000,168.60000000,7862.58000000
2022-03-05 16:00:00,168.60000000,179.30000000,157.80000000,157.80000000,9911.18700000
2022-03-06 16:00:00,157.70000000,161.50000000,150.10000000,154.00000000,3422.88400000
2022-03-07 16:00:00,153.90000000,157.90000000,153.40000000,156.00000000,2104.85400000
2022-03-08 16:00:00,156.40000000,189.10000000,155.50000000,168.40000000,21907.41100000
2022-03-09 16:00:00,168.40000000,174.70000000,155.40000000,161.10000000,7981.04900000
2022-03-10 16:00:00,160.90000000,172.00000000,157.00000000,160.00000000,4945.05900000
2022-03-11 16:00:00,159.30000000,163.50000000,158.90000000,160.00000000,1933.55400000
2022-03-12 16:00:00,159.90000000,201.10000000,158.80000000,171.50000000,34058.04200000
2022-03-13 17:00:00,171.50000000,182.40000000,167.00000000,174.30000000,10530.96400000
2022-03-14 17:00:00,174.40000000,178.90000000,166.20000000,171.80000000,8161.32900000
2022-03-15 17:00:00,171.60000000,182.00000000,171.00000000,179.00000000,5971.52700000
2022-03-16 17:00:00,178.90000000,190.40000000,173.20000000,175.80000000,11856.41400000
2022-03-17 17:00:00,175.60000000,188.90000000,173.00000000,181.00000000,7514.94800000
2022-03-18 17:00:00,181.00000000,318.00000000,179.90000000,242.60000000,141400.88000000
2022-03-19 17:00:00,242.60000000,305.00000000,225.10000000,227.90000000,101398.17300000
2022-03-20 17:00:00,228.10000000,235.00000000,207.50000000,214.50000000,26193.98300000
2022-03-21 17:00:00,214.60000000,233.00000000,212.30000000,219.60000000,12140.87500000
2022-03-22 17:00:00,220.00000000,234.30000000,214.90000000,229.70000000,8312.73300000
2022-03-23 17:00:00,229.90000000,234.80000000,221.30000000,228.30000000,9448.24700000
2022-03-24 17:00:00,228.40000000,234.60000000,216.90000000,220.30000000,9023.00000000
2022-03-25 17:00:00,219.90000000,226.60000000,218.10000000,226.10000000,3521.92000000
2022-03-26 17:00:00,226.10000000,239.50000000,220.00000000,232.10000000,5699.96600000
2022-03-27 17:00:00,232.10000000,242.80000000,226.70000000,227.50000000,7553.45800000
2022-03-28 17:00:00,227.20000000,234.10000000,219.60000000,223.90000000,5862.48800000
2022-03-29 17:00:00,224.10000000,231.30000000,219.20000000,224.40000000,5165.01100000
2022-03-30 17:00:00,224.40000000,235.00000000,215.00000000,221.00000000,11055.31400000
2022-03-31 17:00:00,221.00000000,271.00000000,214.50000000,239.20000000,29814.26500000
2022-04-01 17:00:00,239.50000000,257.50000000,233.30000000,235.50000000,13704.01400000
2022-04-02 17:00:00,235.30000000,246.50000000,228.60000000,243.60000000,6585.64500000
2022-04-03 17:00:00,243.60000000,257.00000000,236.00000000,244.00000000,9180.20800000
2022-04-04 17:00:00,244.00000000,257.00000000,235.80000000,236.00000000,7708.44800000
2022-04-05 17:00:00,235.80000000,241.70000000,225.60000000,230.60000000,7925.95400000
2022-04-06 17:00:00,230.40000000,243.90000000,225.00000000,230.90000000,7666.85200000
2022-04-07 17:00:00,231.40000000,232.60000000,215.00000000,216.30000000,7717.51600000
2022-04-08 17:00:00,216.50000000,223.00000000,214.40000000,221.90000000,2455.81800000
2022-04-09 17:00:00,222.40000000,224.00000000,217.00000000,217.40000000,1475.04600000
2022-04-10 17:00:00,217.00000000,217.70000000,188.00000000,188.30000000,7644.79800000
2022-04-11 17:00:00,188.00000000,212.80000000,187.80000000,198.80000000,7859.76500000
2022-04-12 17:00:00,198.90000000,215.80000000,197.40000000,210.10000000,7330.71300000
2022-04-13 17:00:00,210.20000000,214.10000000,197.40000000,201.80000000,3751.49900000
2022-04-14 17:00:00,201.40000000,209.70000000,198.60000000,202.40000000,2897.84200000
2022-04-15 17:00:00,202.80000000,203.50000000,194.10000000,196.50000000,1837.64300000
2022-04-16 17:00:00,196.40000000,209.80000000,191.20000000,192.20000000,6352.23800000
2022-04-17 17:00:00,192.10000000,194.00000000,182.50000000,194.00000000,3145.84500000
2022-04-18 17:00:00,194.00000000,200.60000000,192.00000000,196.40000000,2970.48700000
2022-04-19 17:00:00,196.40000000,199.00000000,188.40000000,191.00000000,4309.84000000
2022-04-20 17:00:00,190.90000000,197.90000000,180.30000000,183.00000000,4550.01500000
2022-04-21 17:00:00,183.00000000,187.70000000,179.10000000,180.70000000,3241.73500000
2022-04-22 17:00:00,180.70000000,181.50000000,173.00000000,173.70000000,4468.08200000
2022-04-23 17:00:00,173.50000000,175.70000000,168.70000000,170.70000000,2332.96100000
2022-04-24 17:00:00,170.80000000,177.50000000,159.00000000,175.40000000,6208.27100000
2022-04-25 17:00:00,175.80000000,177.40000000,154.00000000,158.90000000,5688.98100000
2022-04-26 17:00:00,159.30000000,166.30000000,157.80000000,164.80000000,5361.63100000
2022-04-27 17:00:00,164.70000000,167.40000000,159.00000000,160.40000000,6184.51100000
2022-04-28 17:00:00,160.50000000,213.70000000,158.00000000,186.30000000,69945.86300000
2022-04-29 17:00:00,186.10000000,210.00000000,173.00000000,175.70000000,78146.40900000
2022-04-30 17:00:00,175.80000000,190.20000000,164.60000000,176.70000000,16236.78800000
2022-05-01 17:00:00,176.40000000,186.30000000,167.00000000,171.90000000,8790.14700000
2022-05-02 17:00:00,171.90000000,175.00000000,161.60000000,162.50000000,7745.47200000
2022-05-03 17:00:00,162.10000000,170.00000000,157.00000000,168.30000000,12339.27500000
2022-05-04 17:00:00,168.30000000,170.00000000,147.50000000,152.50000000,8915.99700000
2022-05-05 17:00:00,152.60000000,157.00000000,139.20000000,146.20000000,10601.87800000
2022-05-06 17:00:00,146.00000000,146.10000000,139.10000000,140.10000000,4792.92300000
2022-05-07 17:00:00,140.20000000,140.20000000,126.80000000,129.80000000,8959.07500000
2022-05-08 17:00:00,129.70000000,131.40000000,99.00000000,99.20000000,15497.16100000
2022-05-09 17:00:00,99.30000000,115.30000000,95.10000000,103.20000000,12309.62000000
2022-05-10 17:00:00,103.00000000,106.30000000,68.50000000,69.90000000,22977.32000000
2022-05-11 17:00:00,69.80000000,75.20000000,55.40000000,64.40000000,20830.24100000
2022-05-12 17:00:00,64.40000000,80.30000000,63.80000000,73.90000000,6043.92600000
2022-05-13 17:00:00,73.70000000,79.20000000,68.50000000,74.90000000,5868.03700000
2022-05-14 17:00:00,74.90000000,96.60000000,73.00000000,85.20000000,26859.95400000
2022-05-15 17:00:00,85.30000000,92.40000000,75.40000000,78.80000000,15339.21300000
2022-05-16 17:00:00,78.80000000,85.50000000,78.80000000,84.60000000,7347.36900000
2022-05-17 17:00:00,84.60000000,90.00000000,71.80000000,71.90000000,17623.94600000
2022-05-18 17:00:00,72.00000000,89.00000000,68.40000000,79.00000000,23392.07000000
2022-05-19 17:00:00,78.80000000,80.00000000,69.50000000,73.00000000,11455.37700000
2022-05-20 17:00:00,73.10000000,76.10000000,71.20000000,74.60000000,5634.54300000
2022-05-21 17:00:00,74.50000000,76.90000000,73.20000000,76.40000000,5978.73000000
2022-05-22 17:00:00,76.40000000,81.50000000,73.70000000,74.20000000,10855.65100000
2022-05-23 17:00:00,74.30000000,79.80000000,72.50000000,78.50000000,5927.87600000
2022-05-24 17:00:00,78.40000000,92.80000000,77.00000000,77.80000000,45442.86500000
2022-05-25 17:00:00,77.80000000,79.00000000,68.20000000,70.20000000,11671.94800000
2022-05-26 17:00:00,70.30000000,71.90000000,66.70000000,68.30000000,11142.31300000
2022-05-27 17:00:00,68.40000000,70.20000000,67.50000000,69.50000000,6613.94900000
2022-05-28 17:00:00,69.50000000,73.50000000,68.40000000,71.80000000,6697.22400000
2022-05-29 17:00:00,71.80000000,79.30000000,70.50000000,78.10000000,14236.75900000
2022-05-30 17:00:00,78.00000000,82.00000000,76.70000000,79.70000000,18533.45600000
2022-05-31 17:00:00,79.80000000,80.60000000,68.40000000,69.40000000,14819.37100000
2022-06-01 17:00:00,69.20000000,72.50000000,68.00000000,72.00000000,5799.19000000
2022-06-02 17:00:00,72.10000000,74.80000000,66.10000000,67.70000000,28093.32200000
2022-06-03 17:00:00,67.70000000,72.40000000,66.60000000,70.30000000,7129.12300000
2022-06-04 17:00:00,70.20000000,70.90000000,68.10000000,69.30000000,3484.07400000
2022-06-05 17:00:00,69.30000000,72.70000000,68.50000000,69.90000000,5003.58400000
2022-06-06 17:00:00,69.80000000,71.40000000,64.80000000,70.50000000,11620.61000000
2022-06-07 17:00:00,70.40000000,72.90000000,69.30000000,69.50000000,10277.65200000
2022-06-08 17:00:00,69.50000000,73.30000000,68.30000000,69.40000000,6656.83700000
2022-06-09 17:00:00,69.40000000,70.20000000,64.00000000,64.00000000,5481.50700000
2022-06-10 17:00:00,64.10000000,64.70000000,56.30000000,57.00000000,8031.19600000
2022-06-11 17:00:00,57.10000000,57.90000000,50.60000000,51.20000000,11427.10600000
2022-06-12 17:00:00,51.20000000,51.40000000,42.00000000,44.20000000,23635.11100000
2022-06-13 17:00:00,44.30000000,48.80000000,40.50000000,47.20000000,22757.67300000
2022-06-14 17:00:00,47.10000000,48.90000000,40.00000000,48.60000000,24945.65400000
2022-06-15 17:00:00,48.80000000,60.80000000,43.90000000,44.80000000,173674.57800000
2022-06-16 17:00:00,44.70000000,46.90000000,43.40000000,45.80000000,22554.48900000
2022-06-17 17:00:00,45.90000000,46.40000000,39.00000000,41.90000000,16888.38300000
2022-06-18 17:00:00,41.90000000,44.00000000,37.90000000,43.40000000,24759.53200000
2022-06-19 17:00:00,43.60000000,70.90000000,41.10000000,45.10000000,134087.00900000
2022-06-20 17:00:00,45.10000000,51.50000000,44.50000000,45.10000000,41994.18900000
2022-06-21 17:00:00,45.20000000,46.90000000,43.70000000,44.30000000,15513.62500000
2022-06-22 17:00:00,44.30000000,47.20000000,44.10000000,46.80000000,17754.39000000
2022-06-23 17:00:00,46.80000000,66.50000000,46.80000000,58.50000000,140429.30800000
2022-06-24 17:00:00,58.50000000,59.20000000,51.60000000,54.50000000,46355.38800000
2022-06-25 17:00:00,54.50000000,56.00000000,50.30000000,50.50000000,15130.42500000
2022-06-26 17:00:00,50.50000000,55.00000000,49.40000000,51.60000000,14032.37900000
2022-06-27 17:00:00,51.50000000,54.80000000,49.20000000,50.10000000,13563.75900000
2022-06-28 17:00:00,50.10000000,64.00000000,48.80000000,53.20000000,31139.71800000
2022-06-29 17:00:00,53.30000000,56.90000000,48.00000000,51.40000000,49148.32200000
2022-06-30 17:00:00,51.30000000,53.20000000,49.20000000,49.80000000,15221.24800000
2022-07-01 17:00:00,49.90000000,61.80000000,49.30000000,55.90000000,66002.91500000
2022-07-02 17:00:00,56.00000000,63.80000000,51.90000000,52.50000000,76994.97700000
2022-07-03 17:00:00,52.60000000,55.70000000,52.10000000,55.20000000,16122.56600000
2022-07-04 17:00:00,55.10000000,58.00000000,50.90000000,52.40000000,20959.92700000
2022-07-05 17:00:00,52.40000000,55.10000000,52.20000000,54.20000000,10114.41000000
2022-07-06 17:00:00,54.30000000,58.50000000,53.40000000,56.90000000,10457.63900000
2022-07-07 17:00:00,56.90000000,59.80000000,55.40000000,57.60000000,12908.45900000
2022-07-08 17:00:00,57.30000000,69.80000000,57.30000000,62.80000000,72740.32100000
2022-07-09 17:00:00,62.90000000,65.00000000,57.50000000,59.50000000,30609.04700000
2022-07-10 17:00:00,59.50000000,59.50000000,54.20000000,54.40000000,12628.13200000
2022-07-11 17:00:00,54.50000000,55.40000000,51.70000000,51.80000000,6918.78000000
2022-07-12 17:00:00,51.90000000,54.90000000,49.70000000,54.80000000,9749.97200000
2022-07-13 17:00:00,54.90000000,84.90000000,54.10000000,80.60000000,179227.56000000
2022-07-14 17:00:00,80.70000000,121.30000000,71.30000000,73.90000000,541382.60000000
2022-07-15 17:00:00,73.90000000,78.40000000,67.00000000,72.80000000,82035.00100000
2022-07-16 17:00:00,72.70000000,76.80000000,66.80000000,68.00000000,31239.97200000
2022-07-17 17:00:00,68.00000000,115.90000000,67.80000000,93.60000000,381406.71100000
2022-07-18 17:00:00,93.30000000,98.50000000,81.80000000,88.10000000,126729.87900000
2022-07-19 17:00:00,88.10000000,90.00000000,79.70000000,80.60000000,31259.36800000
2022-07-20 17:00:00,80.70000000,94.70000000,79.70000000,86.80000000,37674.94100000
2022-07-21 17:00:00,86.80000000,90.30000000,82.10000000,82.70000000,18925.04200000
2022-07-22 17:00:00,82.80000000,87.90000000,78.30000000,82.20000000,17392.53100000
2022-07-23 17:00:00,82.20000000,85.00000000,80.60000000,81.10000000,10021.99500000
2022-07-24 17:00:00,81.10000000,81.50000000,73.70000000,73.90000000,10085.49400000
2022-07-25 17:00:00,73.90000000,84.70000000,68.60000000,76.60000000,31739.41200000
2022-07-26 17:00:00,76.60000000,83.00000000,74.30000000,80.50000000,44359.96600000
2022-07-27 17:00:00,80.60000000,84.90000000,78.40000000,82.00000000,27785.77400000
2022-07-28 17:00:00,82.00000000,89.00000000,80.60000000,82.30000000,35612.02200000
2022-07-29 17:00:00,82.50000000,94.20000000,81.90000000,85.30000000,47134.80200000
2022-07-30 17:00:00,85.20000000,105.00000000,83.80000000,84.80000000,78061.02600000
2022-07-31 17:00:00,84.90000000,88.50000000,81.70000000,85.60000000,22169.33900000
2022-08-01 17:00:00,85.40000000,90.00000000,80.50000000,84.00000000,18295.33800000
2022-08-02 17:00:00,83.90000000,89.60000000,83.20000000,85.00000000,14027.01400000
2022-08-03 17:00:00,85.00000000,90.20000000,84.50000000,87.80000000,15744.49800000
2022-08-04 17:00:00,88.00000000,95.00000000,87.80000000,90.50000000,20436.53300000
2022-08-05 17:00:00,90.20000000,93.10000000,87.80000000,88.90000000,13218.43600000
2022-08-06 17:00:00,88.80000000,90.40000000,87.10000000,88.10000000,7992.44000000
2022-08-07 17:00:00,88.20000000,91.40000000,88.10000000,89.70000000,10931.59900000
2022-08-08 17:00:00,89.70000000,91.00000000,85.00000000,86.70000000,13583.74200000
2022-08-09 17:00:00,86.50000000,89.80000000,84.20000000,87.90000000,12499.81100000
2022-08-10 17:00:00,88.00000000,90.40000000,85.60000000,86.30000000,14948.77900000
2022-08-11 17:00:00,86.30000000,89.00000000,86.00000000,88.40000000,9238.35700000
2022-08-12 17:00:00,88.50000000,102.00000000,88.10000000,94.80000000,49806.54900000
2022-08-13 17:00:00,94.90000000,95.00000000,83.60000000,86.50000000,29238.04200000
2022-08-14 17:00:00,86.50000000,89.50000000,84.10000000,85.80000000,8891.10100000
2022-08-15 17:00:00,85.60000000,86.40000000,83.10000000,84.10000000,7572.93300000
2022-08-16 17:00:00,83.90000000,86.60000000,80.40000000,81.00000000,7132.11600000
2022-08-17 17:00:00,81.10000000,83.90000000,78.80000000,79.00000000,4501.15500000
2022-08-18 17:00:00,79.00000000,79.20000000,67.90000000,68.20000000,13002.90100000
2022-08-19 17:00:00,68.20000000,74.50000000,67.60000000,69.10000000,9423.67700000
2022-08-20 17:00:00,69.00000000,73.60000000,67.50000000,71.90000000,11784.87700000
2022-08-21 17:00:00,72.00000000,72.00000000,67.80000000,70.90000000,4050.61400000
2022-08-22 17:00:00,70.90000000,73.70000000,70.40000000,72.50000000,6321.57900000
2022-08-23 17:00:00,72.60000000,74.90000000,70.20000000,72.10000000,6252.03700000
2022-08-24 17:00:00,72.10000000,76.70000000,71.50000000,71.80000000,7087.28800000
2022-08-25 17:00:00,71.70000000,72.30000000,60.40000000,64.50000000,15349.79500000
2022-08-26 17:00:00,64.60000000,65.60000000,61.60000000,64.00000000,7175.42500000
2022-08-27 17:00:00,63.90000000,65.10000000,62.20000000,62.40000000,6513.81600000
2022-08-28 17:00:00,62.50000000,68.80000000,62.20000000,65.70000000,22538.02300000
2022-08-29 17:00:00,65.60000000,66.30000000,61.90000000,62.60000000,10149.76900000
2022-08-30 17:00:00,62.70000000,66.80000000,62.70000000,64.10000000,9734.29100000
2022-08-31 17:00:00,64.20000000,65.80000000,62.80000000,64.90000000,4853.96700000
2022-09-01 17:00:00,64.90000000,66.60000000,64.00000000,65.10000000,6924.20700000
2022-09-02 17:00:00,65.10000000,67.60000000,63.70000000,64.80000000,5577.38300000
2022-09-03 17:00:00,65.00000000,66.40000000,64.80000000,66.00000000,1921.23000000
2022-09-04 17:00:00,66.10000000,66.60000000,62.00000000,63.20000000,5262.04300000
2022-09-05 17:00:00,63.20000000,65.10000000,59.10000000,59.40000000,7508.74500000
2022-09-06 17:00:00,59.30000000,61.60000000,57.80000000,60.70000000,5214.91900000
2022-09-07 17:00:00,60.80000000,62.00000000,59.80000000,61.20000000,4814.11700000
2022-09-08 17:00:00,61.30000000,66.20000000,61.30000000,64.60000000,10121.76000000
2022-09-09 17:00:00,64.80000000,66.10000000,63.40000000,65.60000000,7381.69400000
2022-09-10 17:00:00,65.50000000,66.80000000,64.00000000,65.00000000,6635.56300000
2022-09-11 17:00:00,65.00000000,65.10000000,62.90000000,64.20000000,5529.58800000
2022-09-12 17:00:00,64.10000000,64.90000000,58.90000000,59.90000000,6994.45100000
2022-09-13 17:00:00,59.80000000,61.10000000,57.10000000,59.00000000,9228.06700000
2022-09-14 17:00:00,59.00000000,59.60000000,55.90000000,56.30000000,3693.22900000
2022-09-15 17:00:00,56.40000000,57.90000000,55.50000000,57.20000000,4793.73100000
2022-09-16 17:00:00,57.20000000,62.60000000,57.20000000,60.20000000,6339.53000000
2022-09-17 17:00:00,60.30000000,80.80000000,59.50000000,64.00000000,137779.80500000
2022-09-18 17:00:00,64.10000000,65.00000000,55.40000000,58.80000000,39155.36600000
2022-09-19 17:00:00,58.60000000,59.40000000,54.70000000,55.00000000,15138.13600000
2022-09-20 17:00:00,54.90000000,58.20000000,53.70000000,54.90000000,11963.35900000
2022-09-21 17:00:00,54.80000000,57.80000000,54.70000000,55.90000000,6644.95600000
2022-09-22 17:00:00,56.00000000,57.20000000,52.80000000,56.00000000,8631.74100000
2022-09-23 17:00:00,55.90000000,67.80000000,55.30000000,56.30000000,34917.78700000
2022-09-24 17:00:00,56.30000000,59.40000000,55.00000000,55.70000000,9505.30300000
2022-09-25 17:00:00,55.70000000,56.80000000,54.30000000,56.20000000,5781.01400000
2022-09-26 17:00:00,56.10000000,58.20000000,55.00000000,55.70000000,7314.82100000
2022-09-27 17:00:00,55.80000000,56.10000000,52.90000000,55.30000000,7993.08400000
2022-09-28 17:00:00,55.30000000,58.00000000,55.10000000,57.20000000,8191.55800000
2022-09-29 17:00:00,57.20000000,60.50000000,55.70000000,57.40000000,19351.68300000
2022-09-30 17:00:00,57.30000000,57.90000000,56.30000000,56.40000000,5882.70200000
2022-10-01 17:00:00,56.30000000,60.00000000,55.60000000,55.90000000,10296.77800000
2022-10-02 17:00:00,55.80000000,72.00000000,55.70000000,60.50000000,163443.58000000
2022-10-03 17:00:00,60.60000000,62.70000000,59.20000000,61.00000000,19771.91200000
2022-10-04 17:00:00,61.10000000,61.40000000,58.50000000,59.90000000,12357.20500000
2022-10-05 17:00:00,60.00000000,67.90000000,59.70000000,61.00000000,37299.64300000
2022-10-06 17:00:00,61.00000000,63.00000000,58.80000000,59.70000000,11934.92100000
2022-10-07 17:00:00,59.70000000,63.50000000,59.40000000,60.50000000,11889.07700000
2022-10-08 17:00:00,60.60000000,69.10000000,59.60000000,62.10000000,35785.73300000
2022-10-09 17:00:00,62.20000000,63.50000000,60.40000000,60.40000000,10604.69100000
2022-10-10 17:00:00,60.40000000,60.50000000,58.40000000,59.20000000,7547.61900000
2022-10-11 17:00:00,59.20000000,62.30000000,57.60000000,59.40000000,10373.49500000
2022-10-12 17:00:00,59.30000000,59.40000000,53.40000000,57.30000000,13735.28500000
2022-10-13 17:00:00,57.20000000,60.40000000,57.20000000,58.10000000,7682.74000000
2022-10-14 17:00:00,58.10000000,59.20000000,58.10000000,58.60000000,3539.40800000
2022-10-15 17:00:00,58.60000000,68.70000000,58.60000000,59.90000000,34170.78500000
2022-10-16 17:00:00,59.80000000,64.00000000,59.50000000,62.70000000,10759.27800000
2022-10-17 17:00:00,62.70000000,66.60000000,60.80000000,62.10000000,12198.26900000
2022-10-18 17:00:00,62.20000000,62.80000000,58.70000000,59.50000000,6942.26500000
2022-10-19 17:00:00,59.40000000,60.80000000,58.00000000,58.40000000,9754.51000000
2022-10-20 17:00:00,58.40000000,59.50000000,57.00000000,58.10000000,6868.36600000
2022-10-21 17:00:00,58.10000000,68.00000000,57.90000000,60.20000000,83585.24300000
2022-10-22 17:00:00,60.20000000,62.90000000,59.90000000,62.60000000,11047.89800000
2022-10-23 17:00:00,62.60000000,64.10000000,60.10000000,60.90000000,13788.03100000
2022-10-24 17:00:00,60.80000000,63.40000000,60.10000000,62.50000000,10354.76100000
2022-10-25 17:00:00,62.60000000,66.40000000,61.90000000,63.90000000,11821.86000000
2022-10-26 17:00:00,63.80000000,68.00000000,63.20000000,64.90000000,21779.58600000
2022-10-27 17:00:00,64.80000000,66.70000000,63.30000000,65.60000000,11893.34100000
2022-10-28 17:00:00,65.60000000,68.10000000,64.80000000,65.20000000,12341.67700000
2022-10-29 17:00:00,65.20000000,65.80000000,63.50000000,64.20000000,9469.41400000
2022-10-30 17:00:00,64.10000000,64.90000000,62.00000000,63.30000000,8933.93900000
2022-10-31 17:00:00,63.30000000,63.80000000,60.90000000,61.10000000,5960.92600000
2022-11-01 17:00:00,61.10000000,61.50000000,58.50000000,59.20000000,8481.14200000
2022-11-02 17:00:00,59.10000000,63.80000000,59.00000000,62.20000000,12182.85400000
2022-11-03 17:00:00,62.30000000,70.00000000,62.20000000,69.30000000,34262.25900000
2022-11-04 17:00:00,69.30000000,72.60000000,65.80000000,66.50000000,17087.39800000
2022-11-05 17:00:00,66.60000000,68.00000000,65.10000000,65.20000000,8114.62000000
2022-11-06 16:00:00,65.30000000,79.00000000,64.00000000,69.60000000,57471.64900000
2022-11-07 16:00:00,69.60000000,70.90000000,51.90000000,57.30000000,61606.39300000
2022-11-08 16:00:00,57.30000000,57.80000000,43.40000000,44.90000000,33484.17200000
2022-11-09 16:00:00,45.00000000,61.00000000,44.30000000,55.90000000,36206.44600000
2022-11-10 16:00:00,56.10000000,61.80000000,46.50000000,52.80000000,25353.36200000
2022-11-11 16:00:00,52.80000000,53.20000000,49.30000000,50.40000000,6607.11100000
2022-11-12 16:00:00,50.40000000,53.70000000,48.30000000,51.40000000,17419.76300000
2022-11-13 16:00:00,51.40000000,52.00000000,47.60000000,51.40000000,10839.46500000
2022-11-14 16:00:00,51.40000000,59.50000000,51.30000000,55.00000000,22522.13300000
2022-11-15 16:00:00,55.10000000,55.10000000,50.70000000,52.20000000,7965.53600000
2022-11-16 16:00:00,52.30000000,53.70000000,50.80000000,52.90000000,4327.72600000
2022-11-17 16:00:00,53.00000000,54.10000000,52.20000000,53.60000000,4786.92100000
2022-11-18 16:00:00,53.60000000,53.70000000,52.00000000,53.00000000,3483.81600000
2022-11-19 16:00:00,53.00000000,57.00000000,52.00000000,52.90000000,13901.97000000
2022-11-20 16:00:00,52.90000000,52.90000000,49.00000000,50.10000000,7769.33400000
2022-11-21 16:00:00,50.10000000,52.00000000,48.40000000,51.40000000,7937.99400000
2022-11-22 16:00:00,51.40000000,53.30000000,50.40000000,51.10000000,9636.50000000
2022-11-23 16:00:00,51.20000000,57.00000000,51.00000000,53.00000000,20737.97600000
2022-11-24 16:00:00,53.10000000,56.00000000,51.30000000,52.70000000,15998.28400000
2022-11-25 16:00:00,52.80000000,57.90000000,52.70000000,54.20000000,20033.83700000
2022-11-26 16:00:00,54.30000000,57.50000000,52.00000000,52.60000000,18810.08700000
2022-11-27 16:00:00,52.60000000,53.60000000,51.00000000,53.10000000,13306.82700000
2022-11-28 16:00:00,53.20000000,58.60000000,52.80000000,56.10000000,30292.06900000
2022-11-29 16:00:00,56.10000000,57.70000000,54.30000000,57.60000000,13999.14700000
2022-11-30 16:00:00,57.50000000,57.50000000,53.80000000,55.60000000,10053.55100000
2022-12-01 16:00:00,55.60000000,57.50000000,54.40000000,57.20000000,10384.70500000
2022-12-02 16:00:00,57.10000000,58.10000000,55.30000000,55.80000000,9073.68400000
2022-12-03 16:00:00,55.70000000,57.30000000,53.70000000,56.40000000,12783.35500000
2022-12-04 16:00:00,56.30000000,59.00000000,54.10000000,55.30000000,19051.48400000
2022-12-05 16:00:00,55.40000000,57.70000000,55.10000000,57.40000000,7536.03400000
2022-12-06 16:00:00,57.30000000,57.80000000,54.50000000,55.40000000,4770.48200000
2022-12-07 16:00:00,55.40000000,56.70000000,54.40000000,56.20000000,4473.02900000
2022-12-08 16:00:00,56.30000000,57.10000000,55.50000000,55.80000000,4852.76100000
2022-12-09 16:00:00,55.80000000,57.10000000,55.00000000,55.60000000,7906.57400000
2022-12-10 16:00:00,55.70000000,56.70000000,54.20000000,54.60000000,8676.73800000
2022-12-11 16:00:00,54.50000000,54.60000000,51.80000000,52.70000000,8000.08200000
2022-12-12 16:00:00,52.70000000,53.70000000,50.70000000,52.60000000,5207.59700000
2022-12-13 16:00:00,52.60000000,53.60000000,50.00000000,51.60000000,7710.51800000
2022-12-14 16:00:00,51.70000000,52.00000000,50.40000000,50.70000000,2197.91100000
2022-12-15 16:00:00,50.80000000,51.30000000,45.50000000,46.60000000,5071.99300000
2022-12-16 16:00:00,46.80000000,48.10000000,45.90000000,47.80000000,2836.78300000
2022-12-17 16:00:00,48.00000000,50.20000000,47.60000000,48.70000000,7116.52100000
2022-12-18 16:00:00,48.80000000,49.70000000,45.90000000,46.20000000,7431.04500000
2022-12-19 16:00:00,46.20000000,48.10000000,45.80000000,47.90000000,3039.83500000
2022-12-20 16:00:00,47.80000000,47.90000000,46.80000000,47.20000000,1582.68900000
2022-12-21 16:00:00,47.10000000,47.30000000,45.90000000,47.00000000,1452.70500000
2022-12-22 16:00:00,46.90000000,47.60000000,46.70000000,47.40000000,1324.30200000
2022-12-23 16:00:00,47.60000000,48.10000000,47.40000000,48.00000000,1240.02700000
2022-12-24 16:00:00,48.10000000,48.20000000,46.80000000,47.00000000,1017.90600000
2022-12-25 16:00:00,47.10000000,48.00000000,47.00000000,47.90000000,1972.55000000
2022-12-26 16:00:00,47.90000000,48.30000000,46.60000000,47.10000000,1268.45700000
2022-12-27 16:00:00,47.00000000,47.10000000,45.60000000,46.00000000,1801.29000000
2022-12-28 16:00:00,46.00000000,46.30000000,44.80000000,45.30000000,3044.29300000
2022-12-29 16:00:00,45.30000000,45.30000000,44.20000000,44.70000000,1489.79500000
2022-12-30 16:00:00,44.70000000,45.70000000,44.50000000,45.30000000,1994.70600000
2022-12-31 16:00:00,45.30000000,45.60000000,44.80000000,45.50000000,1033.96000000
2023-01-01 16:00:00,45.50000000,46.60000000,44.90000000,46.10000000,5117.97200000
2023-01-02 16:00:00,46.10000000,46.40000000,45.50000000,45.80000000,1296.30900000
2023-01-03 16:00:00,45.80000000,47.30000000,45.80000000,46.70000000,2013.70500000
2023-01-04 16:00:00,46.70000000,47.00000000,46.10000000,46.40000000,2618.67500000
2023-01-05 16:00:00,46.40000000,46.70000000,45.80000000,46.60000000,2272.85600000
2023-01-06 16:00:00,46.60000000,47.30000000,46.50000000,47.00000000,2030.57000000
2023-01-07 16:00:00,47.00000000,47.90000000,46.70000000,47.90000000,2248.23900000
2023-01-08 16:00:00,48.00000000,49.30000000,47.70000000,47.70000000,6320.56700000
2023-01-09 16:00:00,47.80000000,49.10000000,47.40000000,48.90000000,4423.29700000
2023-01-10 16:00:00,48.80000000,49.80000000,47.70000000,49.70000000,4887.90800000
2023-01-11 16:00:00,49.60000000,51.30000000,48.10000000,50.70000000,7945.16300000
2023-01-12 16:00:00,50.80000000,54.10000000,50.20000000,53.40000000,8915.41600000
2023-01-13 16:00:00,53.40000000,56.90000000,53.10000000,55.00000000,12247.19100000
2023-01-14 16:00:00,55.10000000,55.30000000,53.10000000,55.00000000,6170.86200000
2023-01-15 16:00:00,54.90000000,56.40000000,51.10000000,54.80000000,16016.54100000
2023-01-16 16:00:00,54.90000000,56.60000000,54.00000000,55.40000000,3754.53100000
2023-01-17 16:00:00,55.40000000,56.40000000,50.70000000,51.50000000,6260.72500000
2023-01-18 16:00:00,51.70000000,52.10000000,49.50000000,50.70000000,6192.23300000
2023-01-19 16:00:00,50.80000000,53.90000000,49.70000000,53.90000000,8974.00200000
2023-01-20 16:00:00,53.90000000,54.70000000,52.00000000,52.60000000,6767.72800000
2023-01-21 16:00:00,52.60000000,55.80000000,52.10000000,54.00000000,10426.53200000
2023-01-22 16:00:00,54.00000000,57.70000000,54.00000000,56.80000000,13850.66700000
2023-01-23 16:00:00,56.80000000,60.00000000,55.30000000,55.50000000,8069.32800000
2023-01-24 16:00:00,55.50000000,59.70000000,54.20000000,58.80000000,10601.25200000
2023-01-25 16:00:00,58.90000000,60.00000000,57.10000000,58.00000000,7882.69100000
2023-01-26 16:00:00,58.10000000,68.20000000,56.70000000,63.20000000,22336.97400000
2023-01-27 16:00:00,63.10000000,65.60000000,60.20000000,61.10000000,6525.57700000
2023-01-28 16:00:00,61.10000000,65.20000000,60.80000000,63.80000000,6046.02300000
2023-01-29 16:00:00,63.80000000,64.10000000,55.00000000,57.40000000,15977.41200000
2023-01-30 16:00:00,57.50000000,61.40000000,57.10000000,60.20000000,6523.26200000
2023-01-31 16:00:00,60.20000000,60.50000000,56.20000000,60.10000000,7323.76900000
2023-02-01 16:00:00,60.20000000,61.80000000,57.80000000,58.20000000,13658.77300000
2023-02-02 16:00:00,58.20000000,59.90000000,57.70000000,59.70000000,5579.45900000
2023-02-03 16:00:00,59.80000000,59.80000000,57.80000000,58.20000000,7528.74600000
2023-02-04 16:00:00,58.20000000,59.40000000,56.20000000,57.30000000,10568.62200000
2023-02-05 16:00:00,57.30000000,57.90000000,54.20000000,56.60000000,11157.12500000
2023-02-06 16:00:00,56.50000000,59.20000000,56.50000000,59.20000000,10339.01600000
2023-02-07 16:00:00,59.20000000,61.60000000,58.20000000,60.00000000,14239.28200000
2023-02-08 16:00:00,60.20000000,63.50000000,55.80000000,56.90000000,21192.63200000
2023-02-09 16:00:00,56.90000000,59.50000000,56.60000000,57.70000000,8531.70600000
2023-02-10 16:00:00,57.70000000,60.70000000,57.00000000,59.40000000,5431.50400000
2023-02-11 16:00:00,59.40000000,59.60000000,55.80000000,56.90000000,7769.48500000
2023-02-12 16:00:00,56.90000000,57.20000000,52.10000000,54.60000000,14530.92900000
2023-02-13 16:00:00,54.60000000,58.10000000,53.70000000,57.50000000,7863.78600000
2023-02-14 16:00:00,57.50000000,62.50000000,56.10000000,61.60000000,10582.02900000
2023-02-15 16:00:00,61.70000000,70.00000000,59.90000000,60.10000000,39815.05700000
2023-02-16 16:00:00,60.10000000,68.30000000,59.60000000,65.90000000,27899.78000000
2023-02-17 16:00:00,65.80000000,70.00000000,65.30000000,66.40000000,14000.99100000
2023-02-18 16:00:00,66.50000000,150.00000000,66.40000000,102.10000000,565746.77900000
2023-02-19 16:00:00,101.80000000,123.70000000,92.60000000,94.40000000,172579.04500000
2023-02-20 16:00:00,94.40000000,122.00000000,93.20000000,110.20000000,118322.19400000
2023-02-21 16:00:00,110.20000000,120.00000000,99.10000000,103.20000000,72161.79300000
2023-02-22 16:00:00,103.30000000,109.90000000,100.60000000,104.50000000,24842.47000000
2023-02-23 16:00:00,104.30000000,110.00000000,87.40000000,95.50000000,36352.76900000
2023-02-24 16:00:00,95.50000000,128.00000000,91.30000000,112.50000000,177857.86300000
2023-02-25 16:00:00,112.50000000,120.40000000,104.30000000,111.80000000,76936.28500000
2023-02-26 16:00:00,111.80000000,112.00000000,96.90000000,102.80000000,40358.00000000
2023-02-27 16:00:00,102.80000000,103.50000000,94.50000000,95.00000000,27743.87200000
2023-02-28 16:00:00,95.00000000,101.10000000,94.90000000,99.50000000,20133.58700000
2023-03-01 16:00:00,99.50000000,100.40000000,92.70000000,94.60000000,18191.88300000
2023-03-02 16:00:00,94.50000000,115.00000000,87.40000000,99.40000000,107510.04200000
2023-03-03 16:00:00,99.40000000,103.30000000,89.30000000,94.10000000,37009.60400000
2023-03-04 16:00:00,94.10000000,104.00000000,93.90000000,99.20000000,34106.48400000
2023-03-05 16:00:00,99.20000000,106.90000000,97.60000000,98.10000000,32725.54800000
2023-03-06 16:00:00,98.10000000,103.30000000,92.40000000,97.80000000,33195.71800000
2023-03-07 16:00:00,97.80000000,99.20000000,93.50000000,94.40000000,27293.56800000
2023-03-08 16:00:00,94.20000000,95.00000000,81.70000000,86.80000000,39238.25500000
2023-03-09 16:00:00,86.70000000,87.30000000,75.90000000,84.70000000,37768.33300000
2023-03-10 16:00:00,84.80000000,90.10000000,72.90000000,78.10000000,39599.73900000
2023-03-11 16:00:00,78.10000000,87.00000000,76.40000000,85.30000000,25133.43600000
2023-03-12 17:00:00,85.30000000,99.00000000,82.50000000,92.70000000,52100.01900000
2023-03-13 17:00:00,92.70000000,104.40000000,86.50000000,94.00000000,55120.12800000
2023-03-14 17:00:00,94.40000000,99.10000000,84.00000000,85.70000000,34687.41600000
2023-03-15 17:00:00,85.70000000,89.70000000,84.80000000,88.50000000,18857.11100000
2023-03-16 17:00:00,88.30000000,93.80000000,86.90000000,91.40000000,20277.05800000
2023-03-17 17:00:00,91.30000000,97.50000000,87.80000000,89.40000000,25918.24900000
2023-03-18 17:00:00,89.20000000,93.00000000,87.90000000,89.20000000,11965.93300000
2023-03-19 17:00:00,89.20000000,92.90000000,86.10000000,88.30000000,12739.10200000
2023-03-20 17:00:00,88.30000000,92.00000000,86.50000000,89.20000000,14275.11900000
2023-03-21 17:00:00,89.20000000,89.50000000,82.80000000,85.40000000,24208.01900000
2023-03-22 17:00:00,85.50000000,90.10000000,84.60000000,89.70000000,12170.17400000
2023-03-23 17:00:00,89.70000000,90.70000000,84.60000000,85.60000000,10589.48600000
2023-03-24 17:00:00,85.60000000,89.80000000,83.80000000,85.40000000,11917.93100000
2023-03-25 17:00:00,85.40000000,105.60000000,85.10000000,98.30000000,76625.61900000
2023-03-26 17:00:00,98.50000000,102.00000000,84.90000000,87.10000000,48205.92500000
2023-03-27 17:00:00,87.20000000,88.70000000,84.60000000,87.30000000,19704.48200000
2023-03-28 17:00:00,87.40000000,92.00000000,87.00000000,88.50000000,16348.07400000
2023-03-29 17:00:00,88.40000000,90.40000000,85.10000000,87.10000000,19606.33000000
2023-03-30 17:00:00,86.90000000,92.00000000,85.20000000,91.90000000,13899.46900000
2023-03-31 17:00:00,91.80000000,94.80000000,89.10000000,90.40000000,15866.65900000
2023-04-01 17:00:00,90.40000000,92.00000000,86.00000000,87.40000000,17494.61500000
2023-04-02 17:00:00,87.30000000,88.00000000,86.00000000,86.60000000,16054.12700000
2023-04-03 17:00:00,86.60000000,88.90000000,86.20000000,87.50000000,11132.85300000
2023-04-04 17:00:00,87.50000000,89.50000000,86.00000000,87.00000000,10156.66400000
2023-04-05 17:00:00,87.00000000,87.10000000,85.00000000,86.00000000,7518.24900000
2023-04-06 17:00:00,86.00000000,86.30000000,83.50000000,84.00000000,7330.07800000
2023-04-07 17:00:00,84.10000000,84.40000000,82.90000000,83.20000000,6811.39200000
2023-04-08 17:00:00,83.30000000,85.10000000,81.70000000,82.50000000,18698.75200000
2023-04-09 17:00:00,82.50000000,83.60000000,79.00000000,83.00000000,21240.01400000
2023-04-10 17:00:00,83.00000000,83.50000000,80.20000000,80.80000000,13527.53200000
2023-04-11 17:00:00,80.90000000,81.00000000,77.50000000,79.20000000,10678.68300000
2023-04-12 17:00:00,79.30000000,81.20000000,78.50000000,80.60000000,8366.62300000
2023-04-13 17:00:00,80.60000000,90.10000000,80.40000000,84.10000000,29261.56100000
2023-04-14 17:00:00,84.00000000,87.70000000,82.30000000,83.80000000,18457.33400000
2023-04-15 17:00:00,83.80000000,84.50000000,82.40000000,82.90000000,7082.11700000
2023-04-16 17:00:00,82.80000000,83.00000000,76.50000000,79.60000000,26787.35300000
2023-04-17 17:00:00,79.50000000,88.00000000,79.40000000,83.80000000,27234.79400000
2023-04-18 17:00:00,83.70000000,83.90000000,76.30000000,77.20000000,18766.40100000
2023-04-19 17:00:00,77.10000000,78.80000000,73.60000000,74.70000000,10714.59600000
2023-04-20 17:00:00,74.80000000,75.70000000,69.10000000,69.90000000,9508.79200000
2023-04-21 17:00:00,69.90000000,83.00000000,68.80000000,76.00000000,39401.78100000
2023-04-22 17:00:00,76.10000000,78.60000000,70.20000000,71.40000000,17924.17200000
2023-04-23 17:00:00,71.30000000,75.00000000,68.40000000,71.50000000,14906.86400000
2023-04-24 17:00:00,71.40000000,71.90000000,68.60000000,71.20000000,8959.45100000
2023-04-25 17:00:00,71.20000000,92.00000000,70.20000000,78.40000000,83285.14900000
2023-04-26 17:00:00,78.50000000,85.00000000,76.50000000,79.10000000,101771.58700000
2023-04-27 17:00:00,79.10000000,83.70000000,76.30000000,78.30000000,29955.39500000
2023-04-28 17:00:00,78.30000000,81.00000000,76.90000000,78.40000000,15884.85600000
2023-04-29 17:00:00,78.50000000,80.50000000,76.70000000,77.20000000,10962.37700000
2023-04-30 17:00:00,77.30000000,77.80000000,71.70000000,72.70000000,13413.75200000
2023-05-01 17:00:00,72.80000000,75.70000000,72.50000000,72.80000000,12568.86700000
2023-05-02 17:00:00,72.90000000,73.50000000,69.60000000,73.00000000,23551.17500000
2023-05-03 17:00:00,73.00000000,73.40000000,70.60000000,70.70000000,6408.73000000
2023-05-04 17:00:00,70.80000000,74.60000000,70.30000000,72.40000000,18829.81700000
2023-05-05 17:00:00,72.30000000,73.00000000,67.70000000,69.50000000,8362.59600000
2023-05-06 17:00:00,69.50000000,72.90000000,68.00000000,68.10000000,13527.75200000
2023-05-07 17:00:00,68.10000000,68.80000000,60.20000000,62.10000000,26013.58900000
2023-05-08 17:00:00,62.10000000,63.20000000,59.90000000,62.00000000,10693.70000000
2023-05-09 17:00:00,61.90000000,64.60000000,60.10000000,62.80000000,7588.42100000
2023-05-10 17:00:00,62.90000000,63.10000000,55.50000000,56.60000000,11181.64900000
2023-05-11 17:00:00,56.50000000,59.80000000,55.00000000,59.70000000,10708.36800000
2023-05-12 17:00:00,59.70000000,59.70000000,57.80000000,58.50000000,4140.39000000
2023-05-13 17:00:00,58.50000000,59.60000000,57.90000000,59.20000000,3378.18900000
2023-05-14 17:00:00,59.10000000,61.20000000,59.00000000,59.30000000,5220.02900000
2023-05-15 17:00:00,59.30000000,59.40000000,57.20000000,57.80000000,6997.94500000
2023-05-16 17:00:00,57.90000000,58.70000000,56.00000000,58.20000000,6274.83300000
2023-05-17 17:00:00,58.20000000,61.10000000,56.20000000,57.40000000,11344.47500000
2023-05-18 17:00:00,57.50000000,58.50000000,56.70000000,57.30000000,6642.70700000
2023-05-19 17:00:00,57.30000000,66.90000000,56.80000000,60.90000000,105002.19600000
2023-05-20 17:00:00,61.00000000,61.90000000,58.00000000,58.20000000,12872.02200000
2023-05-21 17:00:00,58.20000000,59.00000000,56.90000000,57.90000000,6023.91000000
2023-05-22 17:00:00,58.00000000,62.10000000,57.60000000,59.30000000,21675.29500000
2023-05-23 17:00:00,59.30000000,59.50000000,55.20000000,57.00000000,9641.88600000
2023-05-24 17:00:00,57.10000000,57.90000000,56.10000000,57.00000000,4204.56200000
2023-05-25 17:00:00,56.90000000,61.00000000,56.60000000,59.40000000,15437.25000000
2023-05-26 17:00:00,59.40000000,59.60000000,58.10000000,58.60000000,5078.35600000
2023-05-27 17:00:00,58.60000000,60.00000000,57.40000000,58.90000000,8182.24800000
2023-05-28 17:00:00,58.90000000,59.40000000,58.00000000,58.30000000,5957.60600000
2023-05-29 17:00:00,58.30000000,59.40000000,57.50000000,57.70000000,6632.53200000
2023-05-30 17:00:00,57.60000000,58.90000000,54.80000000,55.90000000,8318.17900000
2023-05-31 17:00:00,55.90000000,56.70000000,54.90000000,55.80000000,5372.36500000
2023-06-01 17:00:00,55.80000000,57.40000000,55.30000000,56.50000000,3788.35100000
2023-06-02 17:00:00,56.50000000,56.90000000,55.30000000,55.70000000,4410.48200000
2023-06-03 17:00:00,55.70000000,57.80000000,55.50000000,55.80000000,6475.84300000
2023-06-04 17:00:00,55.80000000,56.20000000,48.60000000,50.40000000,14178.66400000
2023-06-05 17:00:00,50.50000000,52.20000000,47.60000000,51.90000000,8051.04500000
2023-06-06 17:00:00,51.80000000,52.00000000,47.30000000,47.80000000,10566.96500000
2023-06-07 17:00:00,47.80000000,49.10000000,46.60000000,48.00000000,6975.68400000
2023-06-08 17:00:00,48.10000000,58.60000000,47.90000000,52.50000000,114256.22800000
2023-06-09 17:00:00,52.60000000,53.80000000,43.30000000,45.00000000,45826.33300000
2023-06-10 17:00:00,45.10000000,45.10000000,43.90000000,44.20000000,10558.54000000
2023-06-11 17:00:00,44.20000000,44.30000000,42.00000000,42.70000000,12592.90800000
2023-06-12 17:00:00,42.80000000,44.30000000,41.60000000,42.90000000,11967.75100000
2023-06-13 17:00:00,42.80000000,44.30000000,40.30000000,41.10000000,11182.79600000
2023-06-14 17:00:00,41.10000000,41.50000000,40.00000000,40.90000000,9399.29600000
2023-06-15 17:00:00,40.80000000,42.80000000,40.70000000,42.60000000,9720.49200000
2023-06-16 17:00:00,42.70000000,46.10000000,42.30000000,42.80000000,11058.64000000
2023-06-17 17:00:00,42.70000000,43.00000000,41.70000000,41.80000000,5020.46000000
2023-06-18 17:00:00,41.90000000,43.90000000,41.70000000,43.40000000,8041.86700000
2023-06-19 17:00:00,43.50000000,44.70000000,42.10000000,44.30000000,7917.50100000
2023-06-20 17:00:00,44.20000000,45.50000000,43.30000000,45.20000000,15749.28900000
2023-06-21 17:00:00,45.10000000,46.50000000,44.40000000,44.60000000,11966.14000000
2023-06-22 17:00:00,44.50000000,52.00000000,44.10000000,48.20000000,27096.61600000
2023-06-23 17:00:00,48.20000000,49.90000000,46.80000000,47.50000000,20620.31700000
2023-06-24 17:00:00,47.60000000,63.20000000,47.40000000,53.90000000,116646.90600000
2023-06-25 17:00:00,53.90000000,59.80000000,49.80000000,55.10000000,75676.03500000
2023-06-26 17:00:00,55.10000000,61.00000000,53.20000000,53.80000000,41555.08500000
2023-06-27 17:00:00,53.80000000,54.40000000,50.60000000,50.90000000,15432.78400000
2023-06-28 17:00:00,50.90000000,56.10000000,50.40000000,51.40000000,21979.15400000
2023-06-29 17:00:00,51.40000000,53.40000000,48.20000000,52.20000000,23051.75200000
2023-06-30 17:00:00,52.20000000,53.10000000,50.90000000,52.70000000,7932.59200000
2023-07-01 17:00:00,52.80000000,56.80000000,51.70000000,55.40000000,23116.85000000
2023-07-02 17:00:00,55.40000000,63.30000000,54.90000000,60.70000000,77350.15600000
2023-07-03 17:00:00,60.80000000,65.50000000,58.20000000,63.70000000,33575.62900000
2023-07-04 17:00:00,63.80000000,74.00000000,61.20000000,63.30000000,110587.70500000
2023-07-05 17:00:00,63.40000000,67.50000000,55.90000000,56.30000000,59195.32700000
2023-07-06 17:00:00,56.30000000,58.40000000,53.20000000,55.50000000,36133.07700000
2023-07-07 17:00:00,55.60000000,59.40000000,55.20000000,56.40000000,16860.80100000
2023-07-08 17:00:00,56.40000000,59.10000000,55.70000000,56.30000000,13854.50800000
2023-07-09 17:00:00,56.20000000,81.80000000,54.60000000,72.90000000,399055.51800000
2023-07-10 17:00:00,73.00000000,85.90000000,70.00000000,74.10000000,233722.70800000
2023-07-11 17:00:00,74.10000000,75.80000000,71.00000000,71.70000000,37705.26000000
2023-07-12 17:00:00,71.50000000,80.00000000,70.40000000,77.40000000,52458.88200000
2023-07-13 17:00:00,77.60000000,79.10000000,73.00000000,75.80000000,30894.64100000
2023-07-14 17:00:00,75.80000000,82.00000000,74.70000000,78.50000000,26635.10600000
2023-07-15 17:00:00,78.60000000,79.90000000,73.20000000,74.50000000,28432.85800000
2023-07-16 17:00:00,74.40000000,76.00000000,72.90000000,74.20000000,5706.82500000
2023-07-20 17:00:00,0.07420000,0.07900000,0.05578000,0.05967000,101924386.00000000
2023-07-21 17:00:00,0.05966000,0.06055000,0.05335000,0.05386000,32389187.00000000
2023-07-22 17:00:00,0.05397000,0.05502000,0.05000000,0.05193000,45483850.00000000
2023-07-23 17:00:00,0.05194000,0.05276000,0.04480000,0.04659000,43921401.00000000
2023-07-24 17:00:00,0.04653000,0.04733000,0.04485000,0.04638000,16519832.00000000
2023-07-25 17:00:00,0.04639000,0.05400000,0.04580000,0.05122000,107275779.00000000
2023-07-26 17:00:00,0.05134000,0.05134000,0.04707000,0.04741000,31704060.00000000
2023-07-27 17:00:00,0.04742000,0.04900000,0.04700000,0.04799000,9388090.00000000
2023-07-28 17:00:00,0.04797000,0.04892000,0.04713000,0.04800000,8507132.00000000
2023-07-29 17:00:00,0.04788000,0.05120000,0.04760000,0.04854000,24331939.00000000
2023-07-30 17:00:00,0.04875000,0.04898000,0.04549000,0.04607000,14539229.00000000
2023-07-31 17:00:00,0.04606000,0.04678000,0.04480000,0.04650000,13095791.00000000
2023-08-01 17:00:00,0.04649000,0.04782000,0.04509000,0.04595000,9320482.00000000
2023-08-02 17:00:00,0.04595000,0.04923000,0.04520000,0.04613000,26378030.00000000
2023-08-03 17:00:00,0.04613000,0.04642000,0.04501000,0.04569000,10306196.00000000
2023-08-04 17:00:00,0.04567000,0.04639000,0.04462000,0.04581000,10201275.00000000
2023-08-05 17:00:00,0.04581000,0.04627000,0.04531000,0.04572000,6844202.00000000
2023-08-06 17:00:00,0.04576000,0.04709000,0.04468000,0.04573000,9558825.00000000
2023-08-07 17:00:00,0.04573000,0.05669000,0.04500000,0.04930000,113672413.00000000
2023-08-08 17:00:00,0.04930000,0.05324000,0.04743000,0.04805000,72087160.00000000
2023-08-09 17:00:00,0.04803000,0.04860000,0.04701000,0.04758000,10506608.00000000
2023-08-10 17:00:00,0.04758000,0.04789000,0.04653000,0.04701000,7580860.00000000
2023-08-11 17:00:00,0.04713000,0.04763000,0.04600000,0.04730000,5041186.00000000
2023-08-12 17:00:00,0.04734000,0.04816000,0.04698000,0.04725000,9703802.00000000
2023-08-13 17:00:00,0.04725000,0.04779000,0.04666000,0.04725000,6154636.00000000
2023-08-14 17:00:00,0.04721000,0.04798000,0.04436000,0.04470000,18512448.00000000
2023-08-15 17:00:00,0.04471000,0.04715000,0.04307000,0.04328000,23897009.00000000
2023-08-16 17:00:00,0.04329000,0.04370000,0.03800000,0.03970000,20623568.00000000
2023-08-17 17:00:00,0.03967000,0.04200000,0.03949000,0.04053000,8674130.00000000
2023-08-18 17:00:00,0.04053000,0.04185000,0.04005000,0.04112000,7553308.00000000
2023-08-19 17:00:00,0.04129000,0.04172000,0.04085000,0.04129000,3685094.00000000
2023-08-20 17:00:00,0.04109000,0.04129000,0.03949000,0.04014000,6736095.00000000
2023-08-21 17:00:00,0.03998000,0.04001000,0.03756000,0.03893000,9661854.00000000
2023-08-22 17:00:00,0.03897000,0.04036000,0.03867000,0.03992000,4632802.00000000
2023-08-23 17:00:00,0.03994000,0.04265000,0.03957000,0.04020000,10858576.00000000
2023-08-24 17:00:00,0.03980000,0.04200000,0.03861000,0.03984000,14432641.00000000
2023-08-25 17:00:00,0.03992000,0.04143000,0.03953000,0.03987000,14532307.00000000
2023-08-26 17:00:00,0.03986000,0.04042000,0.03899000,0.03918000,8887489.00000000
2023-08-27 17:00:00,0.03919000,0.04070000,0.03866000,0.03921000,7883458.00000000
2023-08-28 17:00:00,0.03921000,0.04045000,0.03827000,0.03967000,8985313.00000000
2023-08-29 17:00:00,0.03971000,0.04100000,0.03894000,0.04054000,13431279.00000000
2023-08-30 17:00:00,0.04055000,0.05355000,0.04013000,0.04361000,421176824.00000000
2023-08-31 17:00:00,0.04356000,0.04389000,0.03981000,0.04025000,75211805.00000000
2023-09-01 17:00:00,0.04020000,0.04167000,0.03888000,0.04100000,39125302.00000000
2023-09-02 17:00:00,0.04100000,0.04399000,0.04065000,0.04119000,38524535.00000000
