2021-12-09 16:00:00,29.86000000,30.49000000,27.50000000,27.78000000,25047.78000000
2021-12-10 16:00:00,27.78000000,31.30000000,26.03000000,28.57000000,22548.27000000
2021-12-11 16:00:00,28.57000000,31.38000000,28.49000000,30.94000000,40968.89000000
2021-12-12 16:00:00,31.04000000,31.93000000,26.80000000,27.37000000,126810.79000000
2021-12-13 16:00:00,27.36000000,29.82000000,26.05000000,27.48000000,48865.16000000
2021-12-14 16:00:00,27.26000000,30.33000000,25.13000000,29.35000000,116207.40000000
2021-12-15 16:00:00,29.47000000,30.72000000,28.16000000,28.26000000,52046.64000000
2021-12-16 16:00:00,28.48000000,30.13000000,26.90000000,28.22000000,45802.92000000
2021-12-17 16:00:00,27.93000000,30.00000000,27.50000000,29.50000000,24325.66000000
2021-12-18 16:00:00,29.50000000,30.50000000,28.42000000,28.70000000,24640.25000000
2021-12-19 16:00:00,28.70000000,29.20000000,27.10000000,28.36000000,36557.46000000
2021-12-20 16:00:00,28.56000000,29.88000000,27.99000000,29.66000000,53080.95000000
2021-12-21 16:00:00,29.66000000,30.24000000,29.06000000,29.20000000,35011.81000000
2021-12-22 16:00:00,29.19000000,36.46000000,28.64000000,36.01000000,83188.84000000
2021-12-23 16:00:00,35.95000000,36.81000000,32.95000000,33.41000000,77973.73000000
2021-12-24 16:00:00,33.37000000,38.88000000,33.06000000,38.50000000,42713.63000000
2021-12-25 16:00:00,38.46000000,39.89000000,37.48000000,38.53000000,65631.17000000
2021-12-26 16:00:00,38.52000000,39.30000000,36.02000000,36.51000000,74432.84000000
2021-12-27 16:00:00,36.40000000,36.55000000,32.70000000,33.23000000,68051.65000000
2021-12-28 16:00:00,33.40000000,34.93000000,32.59000000,33.39000000,53709.20000000
2021-12-29 16:00:00,33.38000000,35.30000000,32.10000000,33.36000000,52208.40000000
2021-12-30 16:00:00,33.23000000,34.75000000,32.42000000,32.90000000,42428.99000000
2021-12-31 16:00:00,33.01000000,34.00000000,32.96000000,33.66000000,26666.39000000
2022-01-01 16:00:00,33.73000000,34.00000000,32.88000000,33.33000000,33756.04000000
2022-01-02 16:00:00,33.32000000,33.77000000,31.52000000,32.49000000,72735.47000000
2022-01-03 16:00:00,32.47000000,32.53000000,30.86000000,31.26000000,36480.76000000
2022-01-04 16:00:00,31.26000000,32.35000000,27.43000000,28.94000000,52949.05000000
2022-01-05 16:00:00,28.97000000,31.40000000,27.22000000,30.14000000,51879.07000000
2022-01-06 16:00:00,30.14000000,30.28000000,27.10000000,27.77000000,45138.19000000
2022-01-07 16:00:00,27.63000000,28.87000000,25.40000000,26.30000000,31977.07000000
2022-01-08 16:00:00,26.37000000,28.09000000,26.09000000,26.92000000,26418.96000000
2022-01-09 16:00:00,26.84000000,27.54000000,24.14000000,25.51000000,36517.03000000
2022-01-10 16:00:00,25.50000000,26.82000000,24.87000000,26.76000000,42826.69000000
2022-01-11 16:00:00,26.75000000,31.08000000,26.59000000,28.69000000,49658.36000000
2022-01-12 16:00:00,28.61000000,29.36000000,26.85000000,27.00000000,50723.81000000
2022-01-13 16:00:00,27.16000000,27.78000000,26.02000000,27.26000000,49940.83000000
2022-01-14 16:00:00,27.41000000,27.47000000,26.72000000,27.07000000,29718.73000000
2022-01-15 16:00:00,27.02000000,28.47000000,26.55000000,27.42000000,28681.34000000
2022-01-16 16:00:00,27.59000000,27.69000000,25.15000000,25.62000000,58727.93000000
2022-01-17 16:00:00,25.72000000,25.97000000,24.36000000,25.05000000,29180.76000000
2022-01-18 16:00:00,25.04000000,25.10000000,23.12000000,23.26000000,39493.81000000
2022-01-19 16:00:00,23.26000000,24.28000000,21.34000000,21.52000000,40428.63000000
2022-01-20 16:00:00,21.54000000,22.03000000,17.69000000,18.50000000,74305.85000000
2022-01-21 16:00:00,18.45000000,18.75000000,14.11000000,16.47000000,91268.59000000
2022-01-22 16:00:00,16.59000000,17.88000000,16.14000000,17.31000000,46520.66000000
2022-01-23 16:00:00,17.26000000,17.26000000,14.57000000,16.81000000,68717.14000000
2022-01-24 16:00:00,16.69000000,17.26000000,15.81000000,16.78000000,42211.96000000
2022-01-25 16:00:00,16.75000000,18.77000000,16.32000000,16.96000000,116258.90000000
2022-01-26 16:00:00,16.89000000,19.39000000,16.27000000,18.48000000,56370.48000000
2022-01-27 16:00:00,18.47000000,19.45000000,17.35000000,18.86000000,62644.20000000
2022-01-28 16:00:00,18.86000000,21.42000000,18.86000000,21.10000000,84863.12000000
2022-01-29 16:00:00,21.17000000,22.11000000,20.06000000,21.02000000,74023.10000000
2022-01-30 16:00:00,20.96000000,22.21000000,19.53000000,21.86000000,141675.28000000
2022-01-31 16:00:00,21.87000000,21.97000000,20.58000000,21.13000000,63996.03000000
2022-02-01 16:00:00,21.17000000,21.39000000,19.37000000,19.46000000,35993.87000000
2022-02-02 16:00:00,19.45000000,19.67000000,18.64000000,19.63000000,36052.04000000
2022-02-03 16:00:00,19.63000000,21.50000000,19.34000000,21.41000000,59449.34000000
2022-02-04 16:00:00,21.41000000,24.10000000,21.24000000,23.44000000,95963.91000000
2022-02-05 16:00:00,23.43000000,25.22000000,23.41000000,24.96000000,56023.39000000
2022-02-06 16:00:00,24.96000000,25.88000000,24.24000000,24.90000000,56129.22000000
2022-02-07 16:00:00,24.90000000,25.77000000,22.91000000,25.49000000,48549.09000000
2022-02-08 16:00:00,25.58000000,25.80000000,24.02000000,24.97000000,44639.26000000
2022-02-09 16:00:00,24.73000000,25.08000000,23.08000000,23.26000000,48257.85000000
2022-02-10 16:00:00,23.21000000,23.96000000,21.43000000,22.07000000,34019.41000000
2022-02-11 16:00:00,22.27000000,23.43000000,21.77000000,22.30000000,24042.13000000
2022-02-12 16:00:00,22.34000000,22.92000000,20.90000000,21.54000000,22621.71000000
2022-02-13 16:00:00,21.59000000,21.87000000,20.40000000,21.17000000,34495.16000000
2022-02-14 16:00:00,21.19000000,22.89000000,20.93000000,22.82000000,37692.70000000
2022-02-15 16:00:00,22.92000000,23.10000000,21.09000000,21.43000000,33578.41000000
2022-02-16 16:00:00,21.65000000,22.20000000,18.75000000,19.43000000,39321.23000000
2022-02-17 16:00:00,19.44000000,20.08000000,18.45000000,18.66000000,40065.86000000
2022-02-18 16:00:00,18.70000000,18.92000000,17.69000000,18.20000000,33946.40000000
2022-02-19 16:00:00,18.14000000,18.17000000,16.39000000,16.60000000,185727.31000000
2022-02-20 16:00:00,16.58000000,17.73000000,14.85000000,15.00000000,65171.93000000
2022-02-21 16:00:00,15.03000000,16.41000000,14.55000000,16.18000000,84917.13000000
2022-02-22 16:00:00,16.21000000,16.94000000,15.06000000,15.06000000,93264.20000000
2022-02-23 16:00:00,15.06000000,16.08000000,13.26000000,15.66000000,118589.63000000
2022-02-24 16:00:00,15.67000000,16.65000000,14.99000000,16.45000000,294222.65000000
2022-02-25 16:00:00,16.45000000,17.05000000,15.87000000,16.11000000,43830.16000000
2022-02-26 16:00:00,16.11000000,16.31000000,14.87000000,15.09000000,43901.77000000
2022-02-27 16:00:00,15.09000000,17.23000000,14.74000000,16.49000000,80696.69000000
2022-02-28 16:00:00,16.56000000,17.49000000,15.79000000,17.30000000,82807.65000000
2022-03-01 16:00:00,17.30000000,17.60000000,16.50000000,16.83000000,64204.55000000
2022-03-02 16:00:00,16.83000000,16.99000000,15.09000000,15.85000000,67370.72000000
2022-03-03 16:00:00,15.90000000,15.92000000,14.65000000,14.88000000,59140.85000000
2022-03-04 16:00:00,14.88000000,15.60000000,14.60000000,15.42000000,32410.81000000
2022-03-05 16:00:00,15.34000000,15.94000000,14.47000000,14.58000000,40526.64000000
2022-03-06 16:00:00,14.58000000,15.50000000,13.81000000,14.28000000,55163.38000000
2022-03-07 16:00:00,14.27000000,14.84000000,14.18000000,14.43000000,49354.60000000
2022-03-08 16:00:00,14.44000000,15.44000000,14.40000000,14.94000000,74487.74000000
2022-03-09 16:00:00,14.94000000,15.04000000,14.02000000,14.30000000,95337.18000000
2022-03-10 16:00:00,14.25000000,14.60000000,13.70000000,14.12000000,467073.94000000
2022-03-11 16:00:00,14.11000000,14.60000000,13.50000000,14.14000000,2474539.23000000
2022-03-12 16:00:00,14.14000000,14.95000000,13.73000000,13.86000000,26252.85000000
2022-03-13 17:00:00,13.86000000,14.60000000,13.50000000,14.07000000,171882.86000000
2022-03-14 17:00:00,14.06000000,14.30000000,13.70000000,14.08000000,27913.24000000
2022-03-15 17:00:00,14.08000000,16.58000000,13.80000000,16.56000000,69262.23000000
2022-03-16 17:00:00,16.60000000,17.15000000,15.92000000,16.20000000,206770.60000000
2022-03-17 17:00:00,16.20000000,16.76000000,15.28000000,16.18000000,59006.65000000
2022-03-18 17:00:00,16.22000000,17.27000000,15.75000000,16.32000000,75875.02000000
2022-03-19 17:00:00,16.31000000,16.31000000,15.28000000,15.59000000,26064.03000000
2022-03-20 17:00:00,15.58000000,16.00000000,15.15000000,15.35000000,2277124.53000000
2022-03-21 17:00:00,15.28000000,16.20000000,14.70000000,15.41000000,2712498.33000000
2022-03-22 17:00:00,15.42000000,16.33000000,15.18000000,16.05000000,46017.76000000
2022-03-23 17:00:00,16.13000000,17.11000000,15.91000000,16.78000000,47440.04000000
2022-03-24 17:00:00,16.86000000,17.45000000,16.02000000,16.09000000,39476.90000000
2022-03-25 17:00:00,16.14000000,16.80000000,15.86000000,16.26000000,33177.46000000
2022-03-26 17:00:00,16.26000000,17.10000000,15.88000000,17.02000000,36978.92000000
2022-03-27 17:00:00,17.02000000,17.74000000,16.44000000,16.55000000,454393.99000000
2022-03-28 17:00:00,16.59000000,17.43000000,16.31000000,16.83000000,476233.45000000
2022-03-29 17:00:00,16.83000000,17.27000000,16.13000000,16.94000000,502728.12000000
2022-03-30 17:00:00,16.95000000,18.50000000,15.90000000,16.22000000,936583.88000000
2022-03-31 17:00:00,16.22000000,16.74000000,15.46000000,16.54000000,972639.61000000
2022-04-01 17:00:00,16.53000000,17.30000000,16.10000000,16.25000000,763222.16000000
2022-04-02 17:00:00,16.29000000,16.87000000,15.93000000,16.63000000,620588.24000000
2022-04-03 17:00:00,16.62000000,16.75000000,15.40000000,16.08000000,666018.85000000
2022-04-04 17:00:00,16.07000000,16.21000000,15.57000000,15.63000000,537782.73000000
2022-04-05 17:00:00,15.61000000,15.65000000,14.03000000,14.07000000,1202085.81000000
2022-04-06 17:00:00,14.06000000,14.84000000,13.79000000,14.74000000,928240.93000000
2022-04-07 17:00:00,14.75000000,14.91000000,13.59000000,13.77000000,699248.02000000
2022-04-08 17:00:00,13.76000000,14.28000000,13.75000000,14.26000000,383096.07000000
2022-04-09 17:00:00,14.25000000,14.37000000,13.65000000,13.66000000,235290.51000000
2022-04-10 17:00:00,13.66000000,13.79000000,12.54000000,12.63000000,859335.78000000
2022-04-11 17:00:00,12.68000000,13.32000000,12.62000000,13.10000000,486768.31000000
2022-04-12 17:00:00,13.02000000,13.65000000,12.88000000,13.59000000,57245.97000000
2022-04-13 17:00:00,13.54000000,13.77000000,12.81000000,13.18000000,61145.53000000
2022-04-14 17:00:00,13.16000000,13.37000000,13.04000000,13.29000000,28440.34000000
2022-04-15 17:00:00,13.29000000,13.80000000,13.12000000,13.37000000,34207.68000000
2022-04-16 17:00:00,13.37000000,13.38000000,12.60000000,12.73000000,48770.84000000
2022-04-17 17:00:00,12.71000000,13.03000000,12.03000000,12.87000000,85113.32000000
2022-04-18 17:00:00,12.86000000,14.15000000,12.72000000,13.73000000,99143.69000000
2022-04-19 17:00:00,13.68000000,14.53000000,13.01000000,13.33000000,119001.41000000
2022-04-20 17:00:00,13.33000000,13.70000000,12.51000000,12.84000000,61141.71000000
2022-04-21 17:00:00,12.85000000,13.35000000,12.65000000,13.24000000,68377.96000000
2022-04-22 17:00:00,13.23000000,13.36000000,12.93000000,13.02000000,27144.73000000
2022-04-23 17:00:00,13.06000000,13.71000000,12.87000000,13.39000000,452677.52000000
2022-04-24 17:00:00,13.32000000,13.39000000,12.40000000,13.31000000,269421.43000000
2022-04-25 17:00:00,13.31000000,13.44000000,12.27000000,12.42000000,149756.66000000
2022-04-26 17:00:00,12.46000000,12.93000000,12.28000000,12.64000000,149494.00000000
2022-04-27 17:00:00,12.60000000,12.85000000,12.33000000,12.44000000,107196.37000000
2022-04-28 17:00:00,12.46000000,12.53000000,11.15000000,11.47000000,138042.47000000
2022-04-29 17:00:00,11.46000000,11.71000000,9.28000000,9.85000000,374805.16000000
2022-04-30 17:00:00,9.85000000,11.02000000,9.66000000,10.73000000,354031.95000000
2022-05-01 17:00:00,10.72000000,10.95000000,10.11000000,10.73000000,175467.25000000
2022-05-02 17:00:00,10.71000000,11.68000000,10.44000000,10.64000000,142751.33000000
2022-05-03 17:00:00,10.64000000,12.15000000,10.57000000,12.01000000,116669.93000000
2022-05-04 17:00:00,12.03000000,12.12000000,10.41000000,10.76000000,163922.38000000
2022-05-05 17:00:00,10.73000000,10.85000000,10.10000000,10.52000000,123708.60000000
2022-05-06 17:00:00,10.53000000,10.56000000,9.65000000,9.94000000,69936.00000000
2022-05-07 17:00:00,9.96000000,10.51000000,9.68000000,10.26000000,44250.44000000
2022-05-08 17:00:00,10.29000000,10.44000000,8.76000000,8.86000000,116624.24000000
2022-05-09 17:00:00,8.86000000,10.05000000,8.54000000,8.91000000,190911.29000000
2022-05-10 17:00:00,9.00000000,9.29000000,5.77000000,6.85000000,341694.90000000
2022-05-11 17:00:00,6.85000000,7.40000000,5.00000000,5.76000000,136048.10000000
2022-05-12 17:00:00,5.76000000,7.99000000,5.71000000,6.48000000,209782.60000000
2022-05-13 17:00:00,6.48000000,7.77000000,6.15000000,7.32000000,216249.00000000
2022-05-14 17:00:00,7.25000000,7.43000000,6.69000000,7.43000000,315451.91000000
2022-05-15 17:00:00,7.40000000,7.40000000,6.56000000,6.69000000,233934.88000000
2022-05-16 17:00:00,6.71000000,7.01000000,6.43000000,6.82000000,176271.45000000
2022-05-17 17:00:00,6.79000000,6.90000000,5.91000000,5.95000000,189609.74000000
2022-05-18 17:00:00,6.06000000,6.63000000,5.71000000,6.42000000,255025.55000000
2022-05-19 17:00:00,6.44000000,6.85000000,5.99000000,6.25000000,245377.03000000
2022-05-20 17:00:00,6.30000000,6.62000000,6.13000000,6.53000000,167399.24000000
2022-05-21 17:00:00,6.53000000,6.86000000,6.45000000,6.82000000,234129.48000000
2022-05-22 17:00:00,6.75000000,7.13000000,6.18000000,6.30000000,259066.60000000
2022-05-23 17:00:00,6.30000000,6.44000000,5.89000000,6.32000000,182263.23000000
2022-05-24 17:00:00,6.37000000,6.89000000,5.98000000,6.75000000,186614.21000000
2022-05-25 17:00:00,6.72000000,7.33000000,6.06000000,6.56000000,1508990.13000000
2022-05-26 17:00:00,6.56000000,6.64000000,5.98000000,6.14000000,478956.80000000
2022-05-27 17:00:00,6.14000000,6.34000000,6.04000000,6.22000000,179740.90000000
2022-05-28 17:00:00,6.22000000,6.26000000,6.01000000,6.26000000,154180.98000000
2022-05-29 17:00:00,6.26000000,7.02000000,6.18000000,6.89000000,328247.18000000
2022-05-30 17:00:00,6.87000000,7.28000000,6.53000000,6.92000000,318858.31000000
2022-05-31 17:00:00,6.93000000,6.95000000,6.21000000,6.41000000,272303.56000000
2022-06-01 17:00:00,6.41000000,6.61000000,6.26000000,6.58000000,231336.28000000
2022-06-02 17:00:00,6.58000000,6.59000000,6.10000000,6.23000000,208912.62000000
2022-06-03 17:00:00,6.22000000,6.28000000,6.03000000,6.23000000,182034.63000000
2022-06-04 17:00:00,6.24000000,6.30000000,6.11000000,6.25000000,116516.56000000
2022-06-05 17:00:00,6.25000000,6.69000000,6.21000000,6.49000000,183887.91000000
2022-06-06 17:00:00,6.49000000,6.56000000,6.08000000,6.38000000,341127.45000000
2022-06-07 17:00:00,6.39000000,6.49000000,6.23000000,6.35000000,156155.15000000
2022-06-08 17:00:00,6.33000000,6.49000000,6.31000000,6.35000000,184754.19000000
2022-06-09 17:00:00,6.34000000,6.39000000,5.91000000,6.00000000,279573.96000000
2022-06-10 17:00:00,5.97000000,6.08000000,5.29000000,5.39000000,320451.85000000
2022-06-11 17:00:00,5.41000000,5.45000000,4.77000000,4.77000000,349024.13000000
2022-06-12 17:00:00,4.77000000,4.83000000,4.04000000,4.43000000,884585.15000000
2022-06-13 17:00:00,4.39000000,4.90000000,4.02000000,4.56000000,677740.34000000
2022-06-14 17:00:00,4.56000000,4.91000000,4.08000000,4.91000000,697714.63000000
2022-06-15 17:00:00,4.89000000,4.97000000,4.20000000,4.27000000,390548.02000000
2022-06-16 17:00:00,4.27000000,4.56000000,4.23000000,4.45000000,313981.97000000
2022-06-17 17:00:00,4.43000000,4.50000000,3.82000000,4.14000000,647192.18000000
2022-06-18 17:00:00,4.14000000,4.47000000,3.95000000,4.42000000,247363.32000000
2022-06-19 17:00:00,4.42000000,4.57000000,4.18000000,4.51000000,259896.24000000
2022-06-20 17:00:00,4.49000000,4.96000000,4.42000000,4.69000000,341941.07000000
2022-06-21 17:00:00,4.69000000,5.21000000,4.47000000,4.89000000,392705.77000000
2022-06-22 17:00:00,4.88000000,5.36000000,4.88000000,5.31000000,261539.44000000
2022-06-23 17:00:00,5.33000000,5.89000000,5.33000000,5.78000000,125270.37000000
2022-06-24 17:00:00,5.71000000,6.98000000,5.66000000,6.71000000,187027.95000000
2022-06-25 17:00:00,6.71000000,7.04000000,6.16000000,6.19000000,119845.91000000
2022-06-26 17:00:00,6.22000000,6.64000000,6.00000000,6.21000000,88890.18000000
2022-06-27 17:00:00,6.25000000,6.41000000,5.66000000,5.69000000,66659.85000000
2022-06-28 17:00:00,5.74000000,5.82000000,5.37000000,5.51000000,45337.96000000
2022-06-29 17:00:00,5.51000000,5.98000000,5.00000000,5.92000000,186546.83000000
2022-06-30 17:00:00,5.89000000,6.17000000,5.64000000,5.68000000,127707.03000000
2022-07-01 17:00:00,5.68000000,5.75000000,5.39000000,5.56000000,34221.13000000
2022-07-02 17:00:00,5.56000000,5.63000000,5.39000000,5.57000000,45216.76000000
2022-07-03 17:00:00,5.57000000,6.53000000,5.57000000,6.41000000,66541.84000000
2022-07-04 17:00:00,6.39000000,6.55000000,5.94000000,6.34000000,68530.48000000
2022-07-05 17:00:00,6.42000000,6.94000000,6.23000000,6.86000000,76005.56000000
2022-07-06 17:00:00,6.88000000,7.13000000,6.75000000,6.88000000,58249.02000000
2022-07-07 17:00:00,6.88000000,7.00000000,6.46000000,6.50000000,43173.16000000
2022-07-08 17:00:00,6.50000000,6.58000000,6.45000000,6.50000000,7468.83000000
2022-07-09 17:00:00,6.50000000,6.50000000,6.09000000,6.16000000,21303.98000000
2022-07-10 17:00:00,6.11000000,6.24000000,5.83000000,5.92000000,50529.27000000
2022-07-11 17:00:00,5.91000000,6.26000000,5.87000000,5.94000000,25814.45000000
2022-07-12 17:00:00,5.97000000,6.36000000,5.73000000,6.33000000,78447.34000000
2022-07-13 17:00:00,6.34000000,6.64000000,6.01000000,6.51000000,148571.70000000
2022-07-14 17:00:00,6.55000000,6.69000000,6.34000000,6.56000000,48690.95000000
2022-07-15 17:00:00,6.60000000,6.85000000,6.52000000,6.83000000,19580.89000000
2022-07-16 17:00:00,6.83000000,6.84000000,6.40000000,6.41000000,22280.80000000
2022-07-17 17:00:00,6.40000000,7.60000000,6.40000000,7.58000000,86741.88000000
2022-07-18 17:00:00,7.44000000,8.00000000,7.31000000,7.71000000,46667.37000000
2022-07-19 17:00:00,7.71000000,8.10000000,7.10000000,7.25000000,466465.38000000
2022-07-20 17:00:00,7.26000000,7.68000000,7.00000000,7.62000000,45936.40000000
2022-07-21 17:00:00,7.62000000,7.89000000,7.29000000,7.33000000,33034.27000000
2022-07-22 17:00:00,7.33000000,7.60000000,7.19000000,7.44000000,15430.85000000
2022-07-23 17:00:00,7.45000000,7.62000000,7.30000000,7.41000000,20137.08000000
2022-07-24 17:00:00,7.36000000,7.41000000,6.49000000,6.49000000,48257.51000000
2022-07-25 17:00:00,6.49000000,6.49000000,6.08000000,6.36000000,67597.39000000
2022-07-26 17:00:00,6.36000000,6.93000000,6.21000000,6.90000000,34812.43000000
2022-07-27 17:00:00,6.93000000,7.34000000,6.66000000,7.05000000,59262.12000000
2022-07-28 17:00:00,7.16000000,7.30000000,6.68000000,6.90000000,82907.08000000
2022-07-29 17:00:00,6.94000000,7.45000000,6.84000000,6.89000000,91090.35000000
2022-07-30 17:00:00,7.00000000,7.19000000,6.76000000,6.87000000,52568.59000000
2022-07-31 17:00:00,6.84000000,6.99000000,6.66000000,6.91000000,32335.51000000
2022-08-01 17:00:00,6.89000000,7.00000000,6.49000000,6.74000000,36421.04000000
2022-08-02 17:00:00,6.72000000,6.99000000,6.49000000,6.69000000,34937.68000000
2022-08-03 17:00:00,6.75000000,7.05000000,6.65000000,6.85000000,24004.62000000
2022-08-04 17:00:00,6.79000000,7.12000000,6.77000000,7.00000000,49263.42000000
2022-08-05 17:00:00,7.04000000,7.12000000,6.82000000,6.85000000,16502.06000000
2022-08-06 17:00:00,6.84000000,6.96000000,6.70000000,6.85000000,30923.42000000
2022-08-07 17:00:00,6.85000000,7.20000000,6.85000000,6.94000000,18851.67000000
2022-08-08 17:00:00,6.96000000,7.10000000,6.53000000,6.68000000,35771.60000000
2022-08-09 17:00:00,6.65000000,6.88000000,6.49000000,6.88000000,39781.83000000
2022-08-10 17:00:00,6.90000000,6.99000000,6.77000000,6.85000000,23673.21000000
2022-08-11 17:00:00,6.84000000,6.87000000,6.67000000,6.74000000,16700.42000000
2022-08-12 17:00:00,6.77000000,7.05000000,6.74000000,6.75000000,23854.01000000
2022-08-13 17:00:00,6.76000000,7.27000000,6.68000000,6.84000000,1330125.08000000
2022-08-14 17:00:00,6.84000000,7.14000000,6.56000000,6.69000000,183468.52000000
2022-08-15 17:00:00,6.69000000,6.76000000,6.51000000,6.55000000,72956.26000000
2022-08-16 17:00:00,6.59000000,6.77000000,6.26000000,6.29000000,47666.82000000
2022-08-17 17:00:00,6.32000000,6.43000000,5.80000000,6.00000000,53481.85000000
2022-08-18 17:00:00,6.00000000,6.02000000,5.40000000,5.44000000,63374.46000000
2022-08-19 17:00:00,5.48000000,5.61000000,5.27000000,5.43000000,71315.24000000
2022-08-20 17:00:00,5.45000000,5.86000000,5.39000000,5.62000000,220298.99000000
2022-08-21 17:00:00,5.58000000,5.58000000,5.25000000,5.44000000,45257.72000000
2022-08-22 17:00:00,5.45000000,5.53000000,5.29000000,5.47000000,30572.93000000
2022-08-23 17:00:00,5.47000000,5.60000000,5.29000000,5.36000000,668160.42000000
2022-08-24 17:00:00,5.37000000,5.49000000,5.30000000,5.40000000,69556.72000000
2022-08-25 17:00:00,5.40000000,5.42000000,4.84000000,4.88000000,72834.32000000
2022-08-26 17:00:00,4.90000000,4.97000000,4.79000000,4.93000000,37546.13000000
2022-08-27 17:00:00,4.94000000,5.01000000,4.75000000,4.75000000,39361.86000000
2022-08-28 17:00:00,4.75000000,5.10000000,4.70000000,4.98000000,236559.33000000
2022-08-29 17:00:00,4.99000000,5.05000000,4.77000000,4.89000000,80471.46000000
2022-08-30 17:00:00,4.90000000,5.07000000,4.85000000,4.88000000,120542.08000000
2022-08-31 17:00:00,4.88000000,4.97000000,4.73000000,4.92000000,93622.81000000
2022-09-01 17:00:00,4.92000000,4.98000000,4.77000000,4.83000000,104377.39000000
2022-09-02 17:00:00,4.83000000,4.89000000,4.74000000,4.84000000,38763.76000000
2022-09-03 17:00:00,4.83000000,5.07000000,4.80000000,5.05000000,83078.08000000
2022-09-04 17:00:00,5.08000000,5.12000000,4.88000000,4.95000000,198297.26000000
2022-09-05 17:00:00,4.96000000,5.05000000,4.60000000,4.62000000,119552.48000000
2022-09-06 17:00:00,4.63000000,4.81000000,4.49000000,4.72000000,1068963.12000000
2022-09-07 17:00:00,4.75000000,4.80000000,4.63000000,4.78000000,80979.61000000
2022-09-08 17:00:00,4.78000000,5.16000000,4.78000000,5.06000000,240853.88000000
2022-09-09 17:00:00,5.07000000,5.30000000,5.00000000,5.11000000,575076.22000000
2022-09-10 17:00:00,5.11000000,5.15000000,4.94000000,5.03000000,290839.07000000
2022-09-11 17:00:00,5.03000000,5.16000000,4.87000000,4.90000000,466501.07000000
2022-09-12 17:00:00,4.90000000,4.94000000,4.56000000,4.57000000,144207.41000000
2022-09-13 17:00:00,4.57000000,4.69000000,4.54000000,4.67000000,76937.51000000
2022-09-14 17:00:00,4.65000000,4.88000000,4.47000000,4.51000000,115210.32000000
2022-09-15 17:00:00,4.51000000,4.65000000,4.45000000,4.63000000,40595.82000000
2022-09-16 17:00:00,4.65000000,4.82000000,4.61000000,4.80000000,26632.48000000
2022-09-17 17:00:00,4.74000000,4.82000000,4.30000000,4.38000000,69954.94000000
2022-09-18 17:00:00,4.36000000,4.51000000,4.29000000,4.48000000,82463.57000000
2022-09-19 17:00:00,4.50000000,4.51000000,4.30000000,4.36000000,1085625.49000000
2022-09-20 17:00:00,4.35000000,4.57000000,4.20000000,4.26000000,107614.43000000
2022-09-21 17:00:00,4.26000000,4.62000000,4.24000000,4.60000000,99492.70000000
2022-09-22 17:00:00,4.61000000,4.92000000,4.44000000,4.80000000,143069.57000000
2022-09-23 17:00:00,4.84000000,4.92000000,4.61000000,4.69000000,89969.68000000
2022-09-24 17:00:00,4.64000000,4.71000000,4.46000000,4.52000000,102391.74000000
2022-09-25 17:00:00,4.50000000,4.57000000,4.37000000,4.56000000,120608.48000000
2022-09-26 17:00:00,4.54000000,4.72000000,4.46000000,4.53000000,121975.88000000
2022-09-27 17:00:00,4.52000000,4.91000000,4.37000000,4.53000000,359790.17000000
2022-09-28 17:00:00,4.60000000,4.60000000,4.46000000,4.59000000,127325.85000000
2022-09-29 17:00:00,4.59000000,4.65000000,4.50000000,4.54000000,141263.86000000
2022-09-30 17:00:00,4.54000000,4.56000000,4.47000000,4.50000000,37671.54000000
2022-10-01 17:00:00,4.50000000,4.51000000,4.36000000,4.38000000,104836.44000000
2022-10-02 17:00:00,4.38000000,4.41000000,4.25000000,4.33000000,88575.23000000
2022-10-03 17:00:00,4.34000000,4.44000000,4.29000000,4.42000000,85193.09000000
2022-10-04 17:00:00,4.43000000,4.55000000,4.38000000,4.50000000,176901.42000000
2022-10-05 17:00:00,4.50000000,4.55000000,4.40000000,4.42000000,92568.90000000
2022-10-06 17:00:00,4.42000000,4.45000000,4.34000000,4.39000000,58105.53000000
2022-10-07 17:00:00,4.39000000,4.41000000,4.31000000,4.34000000,63112.97000000
2022-10-08 17:00:00,4.35000000,4.39000000,4.33000000,4.39000000,20939.14000000
2022-10-09 17:00:00,4.38000000,4.42000000,4.20000000,4.20000000,78223.80000000
2022-10-10 17:00:00,4.20000000,4.22000000,4.05000000,4.13000000,190084.02000000
2022-10-11 17:00:00,4.12000000,4.20000000,4.10000000,4.12000000,51638.73000000
2022-10-12 17:00:00,4.13000000,4.13000000,3.68000000,4.03000000,210664.38000000
2022-10-13 17:00:00,4.03000000,4.21000000,3.97000000,4.02000000,146683.49000000
2022-10-14 17:00:00,4.02000000,4.14000000,4.00000000,4.05000000,75900.53000000
2022-10-15 17:00:00,4.08000000,4.16000000,4.06000000,4.13000000,26530.52000000
2022-10-16 17:00:00,4.13000000,4.30000000,4.09000000,4.18000000,885221.06000000
2022-10-17 17:00:00,4.19000000,4.25000000,4.01000000,4.07000000,101868.48000000
2022-10-18 17:00:00,4.07000000,4.20000000,3.85000000,3.87000000,1165392.47000000
2022-10-19 17:00:00,3.90000000,4.00000000,3.77000000,3.80000000,599440.88000000
2022-10-20 17:00:00,3.80000000,3.89000000,3.70000000,3.87000000,98595.64000000
2022-10-21 17:00:00,3.86000000,3.89000000,3.81000000,3.86000000,89095.76000000
2022-10-22 17:00:00,3.88000000,3.97000000,3.80000000,3.94000000,86717.10000000
2022-10-23 17:00:00,3.97000000,4.03000000,3.80000000,3.88000000,2678874.25000000
2022-10-24 17:00:00,3.89000000,4.14000000,3.88000000,4.03000000,173127.91000000
2022-10-25 17:00:00,4.02000000,4.20000000,3.99000000,4.16000000,96336.04000000
2022-10-26 17:00:00,4.16000000,4.38000000,4.08000000,4.11000000,183833.85000000
2022-10-27 17:00:00,4.11000000,4.29000000,4.05000000,4.24000000,86081.62000000
2022-10-28 17:00:00,4.23000000,4.40000000,4.23000000,4.28000000,152521.26000000
2022-10-29 17:00:00,4.29000000,5.00000000,4.26000000,4.61000000,611260.24000000
2022-10-30 17:00:00,4.64000000,4.90000000,4.50000000,4.55000000,328949.74000000
2022-10-31 17:00:00,4.54000000,4.79000000,4.46000000,4.49000000,519962.64000000
2022-11-01 17:00:00,4.40000000,4.46000000,4.13000000,4.22000000,206609.82000000
2022-11-02 17:00:00,4.21000000,4.40000000,4.14000000,4.19000000,128555.30000000
2022-11-03 17:00:00,4.16000000,4.54000000,4.16000000,4.52000000,124160.24000000
2022-11-04 17:00:00,4.59000000,5.00000000,4.55000000,4.65000000,254459.45000000
2022-11-05 17:00:00,4.64000000,4.67000000,4.29000000,4.31000000,165955.16000000
2022-11-06 16:00:00,4.33000000,5.11000000,4.17000000,4.35000000,736460.30000000
2022-11-07 16:00:00,4.35000000,4.48000000,3.13000000,3.73000000,695270.80000000
2022-11-08 16:00:00,3.72000000,4.33000000,2.91000000,2.98000000,1408631.40000000
2022-11-09 16:00:00,3.00000000,3.74000000,2.97000000,3.60000000,821331.45000000
2022-11-10 16:00:00,3.60000000,3.71000000,3.24000000,3.35000000,798733.75000000
2022-11-11 16:00:00,3.35000000,3.37000000,3.08000000,3.13000000,444282.48000000
2022-11-12 16:00:00,3.13000000,3.54000000,3.01000000,3.10000000,1102446.23000000
2022-11-13 16:00:00,3.10000000,3.70000000,2.88000000,3.13000000,983828.02000000
2022-11-14 16:00:00,3.12000000,3.28000000,3.07000000,3.19000000,199713.49000000
2022-11-15 16:00:00,3.17000000,3.20000000,3.03000000,3.15000000,77073.68000000
2022-11-16 16:00:00,3.15000000,3.17000000,3.03000000,3.12000000,49019.03000000
2022-11-17 16:00:00,3.12000000,3.17000000,3.07000000,3.13000000,29719.52000000
2022-11-18 16:00:00,3.12000000,3.35000000,3.05000000,3.21000000,301125.20000000
2022-11-19 16:00:00,3.23000000,3.24000000,2.94000000,2.98000000,164104.59000000
2022-11-20 16:00:00,2.97000000,3.36000000,2.74000000,2.86000000,776851.69000000
2022-11-21 16:00:00,2.86000000,3.42000000,2.77000000,2.97000000,395598.70000000
2022-11-22 16:00:00,3.00000000,3.09000000,2.96000000,3.05000000,213055.84000000
2022-11-23 16:00:00,3.07000000,3.17000000,2.96000000,3.02000000,105065.40000000
2022-11-24 16:00:00,3.01000000,3.13000000,2.47000000,3.04000000,542297.14000000
2022-11-25 16:00:00,3.04000000,3.12000000,2.50000000,3.00000000,451909.79000000
2022-11-26 16:00:00,3.05000000,3.18000000,3.03000000,3.06000000,43038.13000000
2022-11-27 16:00:00,3.05000000,3.06000000,2.89000000,2.98000000,44254.29000000
2022-11-28 16:00:00,3.00000000,3.07000000,2.95000000,3.01000000,136173.34000000
2022-11-29 16:00:00,3.00000000,3.11000000,2.97000000,3.11000000,78295.90000000
2022-11-30 16:00:00,3.10000000,3.13000000,3.00000000,3.02000000,46017.19000000
2022-12-01 16:00:00,3.02000000,3.19000000,3.01000000,3.16000000,236222.93000000
2022-12-02 16:00:00,3.16000000,3.16000000,2.99000000,3.02000000,103464.58000000
2022-12-03 16:00:00,3.03000000,3.11000000,3.00000000,3.09000000,351468.01000000
2022-12-04 16:00:00,3.08000000,3.37000000,3.08000000,3.25000000,235597.52000000
2022-12-05 16:00:00,3.24000000,3.27000000,3.17000000,3.24000000,96883.20000000
2022-12-06 16:00:00,3.23000000,3.48000000,2.93000000,3.07000000,468595.44000000
2022-12-07 16:00:00,3.06000000,3.13000000,3.01000000,3.10000000,86415.47000000
2022-12-08 16:00:00,3.11000000,3.35000000,3.03000000,3.04000000,231735.12000000
2022-12-09 16:00:00,3.02000000,3.62000000,2.78000000,3.05000000,1372648.11000000
2022-12-10 16:00:00,3.05000000,3.09000000,2.93000000,2.97000000,21172.75000000
2022-12-11 16:00:00,2.95000000,2.96000000,2.85000000,2.94000000,36730.98000000
2022-12-12 16:00:00,2.93000000,3.02000000,2.80000000,2.96000000,75997.54000000
2022-12-13 16:00:00,2.98000000,3.04000000,2.87000000,2.91000000,100552.55000000
2022-12-14 16:00:00,2.92000000,2.93000000,2.85000000,2.87000000,59669.67000000
2022-12-15 16:00:00,2.87000000,2.89000000,2.42000000,2.49000000,52498.91000000
2022-12-16 16:00:00,2.50000000,2.56000000,2.47000000,2.55000000,29875.67000000
2022-12-17 16:00:00,2.55000000,2.56000000,2.46000000,2.51000000,17484.73000000
2022-12-18 16:00:00,2.50000000,2.53000000,2.24000000,2.29000000,47507.25000000
2022-12-19 16:00:00,2.32000000,2.39000000,2.29000000,2.36000000,105043.72000000
2022-12-20 16:00:00,2.37000000,2.38000000,2.25000000,2.30000000,77006.88000000
2022-12-21 16:00:00,2.32000000,2.36000000,2.20000000,2.32000000,133640.17000000
2022-12-22 16:00:00,2.33000000,2.40000000,2.29000000,2.36000000,227644.59000000
2022-12-23 16:00:00,2.36000000,2.36000000,2.29000000,2.33000000,39396.23000000
2022-12-24 16:00:00,2.32000000,2.39000000,2.25000000,2.30000000,105799.91000000
2022-12-25 16:00:00,2.29000000,2.34000000,2.26000000,2.33000000,129557.24000000
2022-12-26 16:00:00,2.32000000,2.37000000,2.30000000,2.32000000,149474.47000000
2022-12-27 16:00:00,2.31000000,2.46000000,2.08000000,2.19000000,1204762.88000000
2022-12-28 16:00:00,2.19000000,2.20000000,2.07000000,2.14000000,233604.16000000
2022-12-29 16:00:00,2.13000000,2.14000000,2.02000000,2.08000000,168753.59000000
2022-12-30 16:00:00,2.06000000,2.10000000,2.02000000,2.03000000,58932.49000000
2022-12-31 16:00:00,2.03000000,2.07000000,1.99000000,2.06000000,53833.22000000
2023-01-01 16:00:00,2.07000000,2.20000000,2.02000000,2.17000000,119166.02000000
2023-01-02 16:00:00,2.19000000,2.26000000,2.14000000,2.26000000,91656.52000000
2023-01-03 16:00:00,2.26000000,2.41000000,2.23000000,2.35000000,143895.18000000
2023-01-04 16:00:00,2.36000000,2.41000000,2.28000000,2.29000000,115921.84000000
2023-01-05 16:00:00,2.29000000,2.31000000,2.18000000,2.27000000,55246.56000000
2023-01-06 16:00:00,2.30000000,2.50000000,2.30000000,2.41000000,84742.48000000
2023-01-07 16:00:00,2.40000000,2.73000000,2.34000000,2.64000000,181240.57000000
2023-01-08 16:00:00,2.62000000,2.99000000,2.60000000,2.73000000,273719.08000000
2023-01-09 16:00:00,2.73000000,2.81000000,2.65000000,2.72000000,137499.64000000
2023-01-10 16:00:00,2.72000000,2.73000000,2.56000000,2.73000000,138686.90000000
2023-01-11 16:00:00,2.71000000,2.84000000,2.54000000,2.76000000,139600.94000000
2023-01-12 16:00:00,2.76000000,3.24000000,2.71000000,3.22000000,221783.19000000
2023-01-13 16:00:00,3.20000000,3.62000000,3.10000000,3.41000000,268251.38000000
2023-01-14 16:00:00,3.41000000,3.88000000,3.15000000,3.71000000,218479.97000000
2023-01-15 16:00:00,3.70000000,3.77000000,3.44000000,3.62000000,159880.86000000
2023-01-16 16:00:00,3.60000000,3.91000000,3.53000000,3.60000000,151163.21000000
2023-01-17 16:00:00,3.61000000,3.85000000,3.42000000,3.56000000,158685.17000000
2023-01-18 16:00:00,3.60000000,3.74000000,3.51000000,3.67000000,67887.36000000
2023-01-19 16:00:00,3.65000000,4.02000000,3.56000000,4.02000000,75317.39000000
2023-01-20 16:00:00,4.01000000,4.34000000,3.93000000,4.12000000,106199.36000000
2023-01-21 16:00:00,4.10000000,4.43000000,4.02000000,4.24000000,98869.78000000
2023-01-22 16:00:00,4.24000000,4.35000000,4.09000000,4.14000000,116464.43000000
2023-01-23 16:00:00,4.13000000,4.19000000,3.70000000,3.77000000,101708.19000000
2023-01-24 16:00:00,3.77000000,3.95000000,3.66000000,3.88000000,95420.75000000
2023-01-25 16:00:00,3.87000000,3.92000000,3.66000000,3.78000000,77417.02000000
2023-01-26 16:00:00,3.78000000,3.88000000,3.64000000,3.81000000,52862.91000000
2023-01-27 16:00:00,3.82000000,3.99000000,3.71000000,3.77000000,63915.07000000
2023-01-28 16:00:00,3.77000000,4.11000000,3.74000000,4.11000000,78923.87000000
2023-01-29 16:00:00,4.11000000,4.13000000,3.61000000,3.71000000,78250.66000000
2023-01-30 16:00:00,3.73000000,3.77000000,3.66000000,3.73000000,45027.31000000
2023-01-31 16:00:00,3.74000000,3.93000000,3.52000000,3.88000000,60174.64000000
2023-02-01 16:00:00,3.89000000,4.04000000,3.73000000,3.79000000,91086.03000000
2023-02-02 16:00:00,3.80000000,3.99000000,3.76000000,3.94000000,72415.71000000
2023-02-03 16:00:00,3.94000000,4.17000000,3.86000000,4.00000000,60217.41000000
2023-02-04 16:00:00,3.99000000,4.03000000,3.72000000,3.81000000,43702.55000000
2023-02-05 16:00:00,3.81000000,3.97000000,3.64000000,3.68000000,77344.23000000
2023-02-06 16:00:00,3.66000000,4.90000000,3.65000000,4.74000000,163414.33000000
2023-02-07 16:00:00,4.77000000,4.89000000,4.26000000,4.45000000,225479.40000000
2023-02-08 16:00:00,4.45000000,4.47000000,3.76000000,3.86000000,224703.13000000
2023-02-09 16:00:00,3.87000000,3.97000000,3.78000000,3.84000000,168687.95000000
2023-02-10 16:00:00,3.85000000,3.95000000,3.80000000,3.94000000,46991.12000000
2023-02-11 16:00:00,3.91000000,3.91000000,3.61000000,3.71000000,137121.63000000
2023-02-12 16:00:00,3.70000000,3.72000000,3.39000000,3.58000000,166835.86000000
2023-02-13 16:00:00,3.57000000,3.77000000,3.45000000,3.72000000,171007.93000000
2023-02-14 16:00:00,3.70000000,4.01000000,3.61000000,3.96000000,242460.89000000
2023-02-15 16:00:00,3.96000000,4.19000000,3.74000000,3.76000000,273754.20000000
2023-02-16 16:00:00,3.76000000,4.02000000,3.75000000,3.97000000,155227.84000000
2023-02-17 16:00:00,3.98000000,4.10000000,3.91000000,3.98000000,71740.21000000
2023-02-18 16:00:00,3.97000000,4.34000000,3.95000000,4.10000000,112699.11000000
2023-02-19 16:00:00,4.10000000,4.64000000,3.92000000,4.32000000,120151.86000000
2023-02-20 16:00:00,4.33000000,4.40000000,4.00000000,4.07000000,140467.57000000
2023-02-21 16:00:00,4.08000000,4.11000000,3.81000000,3.98000000,156091.68000000
2023-02-22 16:00:00,4.01000000,4.04000000,3.85000000,3.94000000,99891.97000000
2023-02-23 16:00:00,3.94000000,3.95000000,3.67000000,3.77000000,113742.68000000
2023-02-24 16:00:00,3.78000000,3.79000000,3.51000000,3.70000000,69653.77000000
2023-02-25 16:00:00,3.70000000,3.77000000,3.66000000,3.75000000,24657.53000000
2023-02-26 16:00:00,3.75000000,3.82000000,3.63000000,3.73000000,60058.03000000
2023-02-27 16:00:00,3.70000000,3.73000000,3.55000000,3.57000000,47134.33000000
2023-02-28 16:00:00,3.57000000,3.72000000,3.55000000,3.68000000,35108.51000000
2023-03-01 16:00:00,3.67000000,3.69000000,3.52000000,3.59000000,29561.72000000
2023-03-02 16:00:00,3.61000000,3.61000000,2.99000000,3.36000000,75170.41000000
2023-03-03 16:00:00,3.36000000,3.44000000,3.15000000,3.25000000,48079.89000000
2023-03-04 16:00:00,3.24000000,3.34000000,3.20000000,3.21000000,40813.39000000
2023-03-05 16:00:00,3.22000000,3.33000000,3.13000000,3.27000000,64090.12000000
2023-03-06 16:00:00,3.27000000,3.30000000,3.09000000,3.19000000,30422.98000000
2023-03-07 16:00:00,3.17000000,3.18000000,2.93000000,2.95000000,23142.38000000
2023-03-08 16:00:00,2.95000000,3.04000000,2.71000000,2.79000000,39531.49000000
2023-03-09 16:00:00,2.77000000,2.83000000,2.63000000,2.82000000,34222.31000000
2023-03-10 16:00:00,2.81000000,2.89000000,2.64000000,2.70000000,45619.88000000
2023-03-11 16:00:00,2.71000000,3.02000000,2.64000000,3.02000000,39674.92000000
2023-03-12 17:00:00,3.07000000,3.27000000,2.93000000,3.23000000,95580.06000000
2023-03-13 17:00:00,3.22000000,3.50000000,3.11000000,3.41000000,81753.45000000
2023-03-14 17:00:00,3.40000000,3.43000000,3.05000000,3.09000000,69577.53000000
2023-03-15 17:00:00,3.10000000,3.20000000,3.06000000,3.15200000,18621.08000000
2023-03-16 17:00:00,3.11800000,3.63700000,3.09300000,3.59500000,111934.75000000
2023-03-17 17:00:00,3.65000000,3.86400000,3.48000000,3.51500000,104968.85000000
2023-03-18 17:00:00,3.53000000,3.72300000,3.51100000,3.61600000,77243.01000000
2023-03-19 17:00:00,3.60000000,3.78100000,3.39300000,3.48400000,115602.01000000
2023-03-20 17:00:00,3.48800000,3.61800000,3.31500000,3.55000000,52696.06000000
2023-03-21 17:00:00,3.56200000,3.58400000,3.28200000,3.36500000,63799.21000000
2023-03-22 17:00:00,3.37700000,3.57200000,3.32800000,3.50400000,51104.27000000
2023-03-23 17:00:00,3.50700000,3.51500000,3.28400000,3.34200000,57597.74000000
2023-03-24 17:00:00,3.34800000,3.44900000,3.27400000,3.29600000,59919.05000000
2023-03-25 17:00:00,3.29600000,3.38800000,3.28400000,3.35100000,16451.84000000
2023-03-26 17:00:00,3.35300000,3.36100000,3.05800000,3.13000000,36269.32000000
2023-03-27 17:00:00,3.12400000,3.21100000,3.09300000,3.19900000,52176.02000000
2023-03-28 17:00:00,3.19500000,3.39000000,3.16500000,3.30000000,45223.26000000
2023-03-29 17:00:00,3.29200000,3.32700000,3.12600000,3.18100000,37113.62000000
2023-03-30 17:00:00,3.18100000,3.23000000,3.11400000,3.21000000,26976.82000000
2023-03-31 17:00:00,3.22400000,3.25900000,3.16400000,3.24500000,4925.37000000
2023-04-01 17:00:00,3.25300000,3.27000000,3.11400000,3.16100000,20190.14000000
2023-04-02 17:00:00,3.16400000,3.21800000,3.07100000,3.17500000,17757.01000000
2023-04-03 17:00:00,3.17200000,3.27700000,3.12200000,3.24000000,27603.23000000
2023-04-04 17:00:00,3.24600000,3.30900000,3.19700000,3.29300000,22130.88000000
2023-04-05 17:00:00,3.29300000,3.40600000,3.21000000,3.23100000,30692.84000000
2023-04-06 17:00:00,3.24700000,3.38100000,3.20500000,3.32600000,23132.85000000
2023-04-07 17:00:00,3.31200000,3.31200000,3.22200000,3.23700000,8715.26000000
2023-04-08 17:00:00,3.25600000,3.27400000,3.17600000,3.25200000,24424.48000000
2023-04-09 17:00:00,3.24700000,3.32600000,3.14700000,3.32200000,18132.04000000
2023-04-10 17:00:00,3.30900000,3.35000000,3.23200000,3.26300000,12389.18000000
2023-04-11 17:00:00,3.26900000,3.33600000,3.13000000,3.26200000,25735.42000000
2023-04-12 17:00:00,3.21100000,3.31500000,3.20000000,3.28400000,17965.11000000
2023-04-13 17:00:00,3.31500000,3.42100000,3.25000000,3.40500000,13041.30000000
2023-04-14 17:00:00,3.40700000,3.47500000,3.36300000,3.40800000,19426.80000000
2023-04-15 17:00:00,3.40500000,3.47700000,3.34400000,3.44300000,15523.51000000
2023-04-16 17:00:00,3.43100000,3.50700000,3.35000000,3.48400000,30765.80000000
2023-04-17 17:00:00,3.49700000,3.55200000,3.42000000,3.50900000,36149.56000000
2023-04-18 17:00:00,3.50900000,3.54300000,3.12300000,3.27400000,41459.33000000
2023-04-19 17:00:00,3.26500000,3.29800000,3.08300000,3.11800000,43752.02000000
2023-04-20 17:00:00,3.12600000,3.15500000,2.95400000,3.01700000,32863.39000000
2023-04-21 17:00:00,3.01700000,3.09300000,2.97800000,3.08000000,25831.29000000
2023-04-22 17:00:00,3.07500000,3.07500000,2.91800000,3.00100000,24521.17000000
2023-04-23 17:00:00,3.02600000,3.04500000,2.92900000,2.97200000,10749.53000000
2023-04-24 17:00:00,2.93700000,3.04200000,2.88500000,3.03500000,27105.61000000
2023-04-25 17:00:00,3.01400000,3.12600000,2.74300000,2.90300000,35470.77000000
2023-04-26 17:00:00,2.91500000,3.00600000,2.90800000,2.94500000,25305.49000000
2023-04-27 17:00:00,2.94600000,2.95800000,2.88600000,2.94600000,30090.76000000
2023-04-28 17:00:00,2.94700000,2.99600000,2.90300000,2.97100000,5986.36000000
2023-04-29 17:00:00,2.96300000,2.97800000,2.90100000,2.90100000,15413.08000000
2023-04-30 17:00:00,2.90300000,2.92100000,2.79000000,2.82400000,16037.98000000
2023-05-01 17:00:00,2.82300000,2.90000000,2.79100000,2.89300000,16295.86000000
2023-05-02 17:00:00,2.87500000,2.93100000,2.76800000,2.93100000,21638.42000000
2023-05-03 17:00:00,2.93100000,2.93100000,2.80100000,2.83000000,15658.19000000
2023-05-04 17:00:00,2.82900000,2.89900000,2.81900000,2.86600000,18895.03000000
2023-05-05 17:00:00,2.87500000,2.88300000,2.70400000,2.74700000,11384.12000000
2023-05-06 17:00:00,2.73600000,2.77000000,2.70700000,2.73200000,8157.90000000
2023-05-07 17:00:00,2.72100000,2.73500000,2.36600000,2.56100000,29653.68000000
2023-05-08 17:00:00,2.55800000,2.58100000,2.50800000,2.54900000,18303.61000000
2023-05-09 17:00:00,2.53200000,2.60400000,2.44200000,2.57000000,12351.08000000
2023-05-10 17:00:00,2.56200000,2.56200000,2.41400000,2.46700000,8029.02000000
2023-05-11 17:00:00,2.46700000,2.52300000,2.38700000,2.52000000,11321.04000000
2023-05-12 17:00:00,2.51500000,2.52300000,2.46400000,2.46400000,3635.14000000
2023-05-13 17:00:00,2.48300000,2.52800000,2.45700000,2.50200000,2317.71000000
2023-05-14 17:00:00,2.48600000,2.58200000,2.46900000,2.49200000,29818.28000000
2023-05-15 17:00:00,2.48300000,2.57300000,2.44400000,2.57200000,26181.78000000
2023-05-16 17:00:00,2.59200000,2.69200000,2.57400000,2.64500000,30837.24000000
2023-05-17 17:00:00,2.64000000,2.67500000,2.56900000,2.65200000,21511.65000000
2023-05-18 17:00:00,2.65800000,2.70400000,2.62100000,2.67100000,23383.58000000
2023-05-19 17:00:00,2.67900000,2.68000000,2.63500000,2.64200000,11276.29000000
2023-05-20 17:00:00,2.64400000,2.64700000,2.57100000,2.58100000,12232.01000000
2023-05-21 17:00:00,2.58400000,2.59100000,2.52500000,2.54600000,6749.79000000
2023-05-22 17:00:00,2.55800000,2.62200000,2.53700000,2.55000000,10558.40000000
2023-05-23 17:00:00,2.54800000,2.54800000,2.39300000,2.47700000,26050.57000000
2023-05-24 17:00:00,2.47500000,2.61100000,2.39200000,2.54100000,88365.94000000
2023-05-25 17:00:00,2.54900000,2.60400000,2.49600000,2.58000000,18716.79000000
2023-05-26 17:00:00,2.57500000,2.65100000,2.56200000,2.64300000,13283.08000000
2023-05-27 17:00:00,2.64700000,2.89300000,2.63400000,2.79600000,104838.85000000
2023-05-28 17:00:00,2.79200000,2.80100000,2.71100000,2.78100000,19617.82000000
2023-05-29 17:00:00,2.77600000,2.83900000,2.76800000,2.80400000,9992.72000000
2023-05-30 17:00:00,2.80100000,2.82900000,2.68400000,2.70100000,15612.59000000
2023-05-31 17:00:00,2.72000000,2.88700000,2.68100000,2.79100000,26041.68000000
2023-06-01 17:00:00,2.79500000,2.86500000,2.76600000,2.86500000,13116.05000000
2023-06-02 17:00:00,2.85200000,2.91000000,2.81600000,2.85800000,12645.35000000
2023-06-03 17:00:00,2.83900000,3.02600000,2.83900000,2.96700000,15096.68000000
2023-06-04 17:00:00,2.97400000,3.07800000,2.53700000,2.60700000,105676.96000000
2023-06-05 17:00:00,2.60200000,2.66900000,2.47000000,2.62400000,39186.55000000
2023-06-06 17:00:00,2.61900000,2.62200000,2.41300000,2.42500000,26486.01000000
2023-06-07 17:00:00,2.42700000,2.45200000,2.37200000,2.41400000,9048.91000000
2023-06-08 17:00:00,2.40000000,2.41600000,2.28500000,2.29900000,12710.80000000
2023-06-09 17:00:00,2.29600000,2.29600000,1.65300000,1.89800000,122104.52000000
2023-06-10 17:00:00,1.89000000,1.94300000,1.87300000,1.90400000,14182.74000000
2023-06-11 17:00:00,1.91200000,1.91700000,1.84600000,1.88800000,14547.42000000
2023-06-12 17:00:00,1.89000000,1.94800000,1.85600000,1.89000000,15200.72000000
2023-06-13 17:00:00,1.88200000,1.93600000,1.75900000,1.80600000,20828.13000000
2023-06-14 17:00:00,1.80000000,1.84200000,1.75800000,1.81500000,8628.23000000
2023-06-15 17:00:00,1.82200000,1.86900000,1.77100000,1.85300000,12021.69000000
2023-06-16 17:00:00,1.85000000,1.91700000,1.83600000,1.88200000,10386.52000000
2023-06-17 17:00:00,1.88200000,1.92100000,1.85600000,1.86900000,5873.32000000
2023-06-18 17:00:00,1.88200000,1.88200000,1.82000000,1.86200000,14416.34000000
2023-06-19 17:00:00,1.86300000,1.92500000,1.81000000,1.92300000,9067.34000000
2023-06-20 17:00:00,1.93100000,2.02900000,1.93000000,2.01900000,25782.90000000
2023-06-21 17:00:00,2.01900000,2.09000000,1.98300000,1.99800000,17734.59000000
2023-06-22 17:00:00,2.00600000,2.12400000,2.00100000,2.10300000,16182.83000000
2023-06-23 17:00:00,2.14200000,2.17000000,2.04800000,2.10300000,20382.63000000
2023-06-24 17:00:00,2.12800000,2.16000000,2.10000000,2.11800000,3915.66000000
2023-06-25 17:00:00,2.11100000,2.11100000,2.02000000,2.03600000,10916.14000000
2023-06-26 17:00:00,2.04600000,2.08000000,2.03000000,2.07100000,1412.58000000
2023-06-27 17:00:00,2.06600000,2.06600000,1.89200000,1.95000000,29435.61000000
2023-06-28 17:00:00,1.94000000,2.01300000,1.94000000,1.98500000,10491.62000000
2023-06-29 17:00:00,1.98500000,2.07200000,1.88700000,2.02500000,29680.52000000
2023-06-30 17:00:00,2.04500000,2.21200000,2.01300000,2.21200000,11647.23000000
2023-07-01 17:00:00,2.23500000,2.23500000,2.09700000,2.15100000,16722.63000000
2023-07-02 17:00:00,2.15100000,2.17600000,2.12600000,2.16100000,9182.81000000
2023-07-03 17:00:00,2.16300000,2.22500000,2.12600000,2.13900000,17191.19000000
2023-07-04 17:00:00,2.14200000,2.16200000,2.04600000,2.07800000,20370.08000000
2023-07-05 17:00:00,2.06900000,2.14100000,2.02500000,2.04000000,12255.43000000
2023-07-06 17:00:00,2.03000000,2.06700000,2.01700000,2.05200000,5970.96000000
2023-07-07 17:00:00,2.05000000,2.06800000,2.00900000,2.04600000,5489.54000000
2023-07-08 17:00:00,2.04500000,2.06400000,2.02500000,2.02500000,3930.05000000
2023-07-09 17:00:00,2.02300000,2.07400000,1.97200000,2.02900000,14594.49000000
2023-07-10 17:00:00,2.04600000,2.07900000,2.02400000,2.07100000,13206.43000000
2023-07-11 17:00:00,2.07300000,2.10000000,2.04000000,2.05800000,10181.08000000
2023-07-12 17:00:00,2.04800000,2.30700000,2.02400000,2.30700000,13491.04000000
2023-07-13 17:00:00,2.31600000,2.32700000,2.10200000,2.16300000,22342.56000000
2023-07-14 17:00:00,2.16300000,2.22200000,2.15400000,2.18700000,3681.14000000
2023-07-15 17:00:00,2.19000000,2.20200000,2.14300000,2.14300000,4825.61000000
2023-07-16 17:00:00,2.14400000,2.19500000,2.10000000,2.18600000,7333.24000000
2023-07-17 17:00:00,2.18600000,2.21300000,2.10300000,2.12200000,9449.19000000
2023-07-18 17:00:00,2.13500000,2.16400000,2.10200000,2.12200000,5431.47000000
2023-07-19 17:00:00,2.13500000,2.19300000,2.10500000,2.13200000,14602.94000000
2023-07-20 17:00:00,2.11600000,2.15600000,2.11400000,2.14600000,9621.01000000
2023-07-21 17:00:00,2.16200000,2.18000000,2.12000000,2.12500000,6203.25000000
2023-07-22 17:00:00,2.13200000,2.21400000,2.12700000,2.21400000,11991.86000000
2023-07-23 17:00:00,2.20600000,2.21800000,2.02100000,2.05400000,22204.88000000
2023-07-24 17:00:00,2.05100000,2.06300000,2.02900000,2.04900000,4200.78000000
2023-07-25 17:00:00,2.04700000,2.07100000,2.01200000,2.04900000,5453.78000000
2023-07-26 17:00:00,2.05000000,2.06800000,2.00700000,2.02900000,2348.55000000
2023-07-27 17:00:00,2.03800000,2.05700000,2.03000000,2.05700000,20580.35000000
2023-07-28 17:00:00,2.05700000,2.09800000,2.05300000,2.09800000,2783.01000000
2023-07-29 17:00:00,2.08500000,2.09800000,2.04200000,2.06100000,5082.65000000
2023-07-30 17:00:00,2.06100000,2.07300000,1.99400000,2.01800000,7820.07000000
2023-07-31 17:00:00,2.00800000,2.03800000,1.97000000,2.02900000,12606.45000000
2023-08-01 17:00:00,2.04900000,2.04900000,1.98700000,1.99200000,14503.30000000
2023-08-02 17:00:00,1.99500000,2.00900000,1.97000000,1.99400000,15467.10000000
2023-08-03 17:00:00,1.99000000,1.99000000,1.93000000,1.95000000,6186.00000000
2023-08-04 17:00:00,1.95700000,1.99400000,1.94400000,1.98800000,4199.99000000
2023-08-05 17:00:00,1.99900000,2.01100000,1.97500000,1.98600000,4587.26000000
2023-08-06 17:00:00,1.98600000,2.01200000,1.91900000,1.98400000,8051.31000000
2023-08-07 17:00:00,1.98400000,2.02500000,1.96900000,2.00800000,81836.65000000
2023-08-08 17:00:00,2.00800000,2.02100000,1.98000000,2.01000000,15476.97000000
2023-08-09 17:00:00,1.99800000,2.00900000,1.95700000,1.97200000,40640.31000000
2023-08-10 17:00:00,1.97900000,1.99100000,1.95000000,1.96600000,29098.82000000
2023-08-11 17:00:00,1.96600000,1.98700000,1.96600000,1.97600000,1619.79000000
2023-08-12 17:00:00,1.98100000,1.98400000,1.93900000,1.94400000,8452.43000000
2023-08-13 17:00:00,1.93600000,2.27700000,1.93300000,1.94900000,422892.06000000
2023-08-14 17:00:00,1.95100000,1.95300000,1.79200000,1.86200000,24279.23000000
2023-08-15 17:00:00,1.85900000,1.87000000,1.74900000,1.78500000,89948.82000000
2023-08-16 17:00:00,1.78200000,1.80700000,1.76400000,1.80700000,5476.65000000
