2020-08-13 17:00:00,0.00000071,0.00000787,0.00000071,0.00000562,806970558.00000000
2020-08-14 17:00:00,0.00000562,0.00000600,0.00000408,0.00000436,332276341.00000000
2020-08-15 17:00:00,0.00000432,0.00000591,0.00000403,0.00000511,245112046.00000000
2020-08-16 17:00:00,0.00000510,0.00000553,0.00000425,0.00000439,108450067.00000000
2020-08-17 17:00:00,0.00000439,0.00000498,0.00000418,0.00000430,60491600.00000000
2020-08-18 17:00:00,0.00000430,0.00000485,0.00000407,0.00000444,63639627.00000000
2020-08-19 17:00:00,0.00000445,0.00000486,0.00000432,0.00000451,68017401.00000000
2020-08-20 17:00:00,0.00000454,0.00000454,0.00000380,0.00000384,47115137.00000000
2020-08-21 17:00:00,0.00000384,0.00000425,0.00000354,0.00000394,38448764.00000000
2020-08-22 17:00:00,0.00000393,0.00000415,0.00000358,0.00000380,38006018.00000000
2020-08-23 17:00:00,0.00000376,0.00000456,0.00000360,0.00000433,77339934.00000000
2020-08-24 17:00:00,0.00000435,0.00000485,0.00000402,0.00000423,46587897.00000000
2020-08-25 17:00:00,0.00000423,0.00000515,0.00000415,0.00000511,63719816.00000000
2020-08-26 17:00:00,0.00000511,0.00000666,0.00000476,0.00000653,178747824.00000000
2020-08-27 17:00:00,0.00000654,0.00000725,0.00000601,0.00000607,143853204.00000000
2020-08-28 17:00:00,0.00000607,0.00000648,0.00000571,0.00000633,55588110.00000000
2020-08-29 17:00:00,0.00000632,0.00000643,0.00000546,0.00000570,59322061.00000000
2020-08-30 17:00:00,0.00000571,0.00000667,0.00000571,0.00000604,73009402.00000000
2020-08-31 17:00:00,0.00000604,0.00000605,0.00000499,0.00000500,94963078.00000000
2020-09-01 17:00:00,0.00000500,0.00000526,0.00000448,0.00000513,76663636.00000000
2020-09-02 17:00:00,0.00000513,0.00000523,0.00000428,0.00000432,43480269.00000000
2020-09-03 17:00:00,0.00000432,0.00000461,0.00000380,0.00000428,43008766.00000000
2020-09-04 17:00:00,0.00000429,0.00000450,0.00000352,0.00000370,35952255.00000000
2020-09-05 17:00:00,0.00000370,0.00000416,0.00000330,0.00000398,40271397.00000000
2020-09-06 17:00:00,0.00000398,0.00000399,0.00000337,0.00000375,29366317.00000000
2020-09-07 17:00:00,0.00000375,0.00000583,0.00000358,0.00000489,185639465.00000000
2020-09-08 17:00:00,0.00000490,0.00000563,0.00000451,0.00000474,121779217.00000000
2020-09-09 17:00:00,0.00000473,0.00000522,0.00000456,0.00000479,57685106.00000000
2020-09-10 17:00:00,0.00000479,0.00000534,0.00000451,0.00000496,63020933.00000000
2020-09-11 17:00:00,0.00000496,0.00000496,0.00000458,0.00000472,22903511.00000000
2020-09-12 17:00:00,0.00000472,0.00000480,0.00000402,0.00000422,37601875.00000000
2020-09-13 17:00:00,0.00000423,0.00000444,0.00000399,0.00000435,35033431.00000000
2020-09-14 17:00:00,0.00000433,0.00000475,0.00000390,0.00000393,46180665.00000000
2020-09-15 17:00:00,0.00000392,0.00000454,0.00000377,0.00000404,36599185.00000000
2020-09-16 17:00:00,0.00000404,0.00000421,0.00000389,0.00000402,17249444.00000000
2020-09-17 17:00:00,0.00000402,0.00000430,0.00000390,0.00000402,27081161.00000000
2020-09-18 17:00:00,0.00000403,0.00000438,0.00000389,0.00000424,32124014.00000000
2020-09-19 17:00:00,0.00000426,0.00000434,0.00000391,0.00000394,21995907.00000000
2020-09-20 17:00:00,0.00000395,0.00000407,0.00000352,0.00000368,31671543.00000000
2020-09-21 17:00:00,0.00000368,0.00000425,0.00000351,0.00000417,32627518.00000000
2020-09-22 17:00:00,0.00000415,0.00000472,0.00000396,0.00000417,72004425.00000000
2020-09-23 17:00:00,0.00000417,0.00000496,0.00000414,0.00000445,51814227.00000000
2020-09-24 17:00:00,0.00000446,0.00000467,0.00000428,0.00000453,35034347.00000000
2020-09-25 17:00:00,0.00000452,0.00000459,0.00000420,0.00000433,12312378.00000000
2020-09-26 17:00:00,0.00000432,0.00000433,0.00000386,0.00000402,39913961.00000000
2020-09-27 17:00:00,0.00000401,0.00000418,0.00000373,0.00000388,31396751.00000000
2020-09-28 17:00:00,0.00000388,0.00000405,0.00000386,0.00000401,11246357.00000000
2020-09-29 17:00:00,0.00000401,0.00000448,0.00000390,0.00000427,25862661.00000000
2020-09-30 17:00:00,0.00000427,0.00000433,0.00000392,0.00000400,17083221.00000000
2020-10-01 17:00:00,0.00000400,0.00000409,0.00000375,0.00000387,9116417.00000000
2020-10-02 17:00:00,0.00000387,0.00000448,0.00000387,0.00000430,23208521.00000000
2020-10-03 17:00:00,0.00000429,0.00000461,0.00000400,0.00000453,32530048.00000000
2020-10-04 17:00:00,0.00000453,0.00000509,0.00000441,0.00000469,42089152.00000000
2020-10-05 17:00:00,0.00000470,0.00000473,0.00000427,0.00000437,20963281.00000000
2020-10-06 17:00:00,0.00000438,0.00000441,0.00000401,0.00000426,11025476.00000000
2020-10-07 17:00:00,0.00000426,0.00000440,0.00000407,0.00000437,8739340.00000000
2020-10-08 17:00:00,0.00000437,0.00000460,0.00000423,0.00000449,10038233.00000000
2020-10-09 17:00:00,0.00000450,0.00000457,0.00000400,0.00000405,21603759.00000000
2020-10-10 17:00:00,0.00000405,0.00000438,0.00000401,0.00000428,12247899.00000000
2020-10-11 17:00:00,0.00000428,0.00000444,0.00000410,0.00000412,12284424.00000000
2020-10-12 17:00:00,0.00000412,0.00000427,0.00000396,0.00000407,16173669.00000000
2020-10-13 17:00:00,0.00000405,0.00000411,0.00000395,0.00000402,7537045.00000000
2020-10-14 17:00:00,0.00000403,0.00000407,0.00000390,0.00000391,7107217.00000000
2020-10-15 17:00:00,0.00000391,0.00000391,0.00000364,0.00000385,13425509.00000000
2020-10-16 17:00:00,0.00000383,0.00000390,0.00000373,0.00000381,5655378.00000000
2020-10-17 17:00:00,0.00000380,0.00000383,0.00000367,0.00000370,11046548.00000000
2020-10-18 17:00:00,0.00000371,0.00000383,0.00000345,0.00000346,50669696.00000000
2020-10-19 17:00:00,0.00000346,0.00000359,0.00000315,0.00000327,20382542.00000000
2020-10-20 17:00:00,0.00000328,0.00000328,0.00000291,0.00000299,19454715.00000000
2020-10-21 17:00:00,0.00000300,0.00000332,0.00000296,0.00000308,14636195.00000000
2020-10-22 17:00:00,0.00000308,0.00000332,0.00000301,0.00000309,20596717.00000000
2020-10-23 17:00:00,0.00000309,0.00000324,0.00000307,0.00000311,22751738.00000000
2020-10-24 17:00:00,0.00000310,0.00000311,0.00000296,0.00000301,13298626.00000000
2020-10-25 17:00:00,0.00000302,0.00000314,0.00000289,0.00000290,13541633.00000000
2020-10-26 17:00:00,0.00000291,0.00000299,0.00000274,0.00000277,9968436.00000000
2020-10-27 17:00:00,0.00000278,0.00000280,0.00000257,0.00000265,14032258.00000000
2020-10-28 17:00:00,0.00000265,0.00000292,0.00000254,0.00000280,14988034.00000000
2020-10-29 17:00:00,0.00000280,0.00000291,0.00000254,0.00000263,15482921.00000000
2020-10-30 17:00:00,0.00000263,0.00000269,0.00000256,0.00000258,6679102.00000000
2020-10-31 17:00:00,0.00000257,0.00000264,0.00000251,0.00000257,6022262.00000000
2020-11-01 16:00:00,0.00000257,0.00000263,0.00000252,0.00000260,6752723.00000000
2020-11-02 16:00:00,0.00000261,0.00000261,0.00000218,0.00000220,18235457.00000000
2020-11-03 16:00:00,0.00000221,0.00000225,0.00000208,0.00000225,15970677.00000000
2020-11-04 16:00:00,0.00000224,0.00000265,0.00000215,0.00000218,31954480.00000000
2020-11-05 16:00:00,0.00000218,0.00000250,0.00000214,0.00000241,13252575.00000000
2020-11-06 16:00:00,0.00000241,0.00000265,0.00000232,0.00000246,26146991.00000000
2020-11-07 16:00:00,0.00000246,0.00000251,0.00000234,0.00000246,8251942.00000000
2020-11-08 16:00:00,0.00000246,0.00000257,0.00000240,0.00000248,10640674.00000000
2020-11-09 16:00:00,0.00000248,0.00000276,0.00000248,0.00000271,19127633.00000000
2020-11-10 16:00:00,0.00000271,0.00000285,0.00000260,0.00000271,22096461.00000000
2020-11-11 16:00:00,0.00000272,0.00000356,0.00000234,0.00000239,99450052.00000000
2020-11-12 16:00:00,0.00000238,0.00000256,0.00000235,0.00000239,33332824.00000000
2020-11-13 16:00:00,0.00000238,0.00000246,0.00000233,0.00000239,11826027.00000000
2020-11-14 16:00:00,0.00000239,0.00000253,0.00000233,0.00000235,16973804.00000000
2020-11-15 16:00:00,0.00000236,0.00000241,0.00000227,0.00000231,13586515.00000000
2020-11-16 16:00:00,0.00000232,0.00000235,0.00000206,0.00000210,17177902.00000000
2020-11-17 16:00:00,0.00000211,0.00000212,0.00000192,0.00000201,14639737.00000000
2020-11-18 16:00:00,0.00000200,0.00000212,0.00000197,0.00000200,17692291.00000000
2020-11-19 16:00:00,0.00000200,0.00000206,0.00000194,0.00000196,13682523.00000000
2020-11-20 16:00:00,0.00000195,0.00000216,0.00000194,0.00000215,14589350.00000000
2020-11-21 16:00:00,0.00000215,0.00000271,0.00000197,0.00000245,70110987.00000000
2020-11-22 16:00:00,0.00000244,0.00000332,0.00000230,0.00000259,135887021.00000000
2020-11-23 16:00:00,0.00000259,0.00000276,0.00000236,0.00000237,71738349.00000000
2020-11-24 16:00:00,0.00000237,0.00000276,0.00000232,0.00000240,39108243.00000000
2020-11-25 16:00:00,0.00000240,0.00000247,0.00000217,0.00000241,27391287.00000000
2020-11-26 16:00:00,0.00000243,0.00000270,0.00000232,0.00000269,16172677.00000000
2020-11-27 16:00:00,0.00000267,0.00000274,0.00000250,0.00000253,17408059.00000000
2020-11-28 16:00:00,0.00000253,0.00000256,0.00000241,0.00000251,8477219.00000000
2020-11-29 16:00:00,0.00000250,0.00000260,0.00000237,0.00000246,13611968.00000000
2020-11-30 16:00:00,0.00000246,0.00000250,0.00000231,0.00000244,13837601.00000000
2020-12-01 16:00:00,0.00000244,0.00000256,0.00000233,0.00000244,16655396.00000000
2020-12-02 16:00:00,0.00000245,0.00000250,0.00000238,0.00000240,9815387.00000000
2020-12-03 16:00:00,0.00000240,0.00000242,0.00000225,0.00000225,10252461.00000000
2020-12-04 16:00:00,0.00000225,0.00000231,0.00000219,0.00000227,7834998.00000000
2020-12-05 16:00:00,0.00000227,0.00000235,0.00000221,0.00000224,4634400.00000000
2020-12-06 16:00:00,0.00000223,0.00000245,0.00000221,0.00000236,11568623.00000000
2020-12-07 16:00:00,0.00000237,0.00000257,0.00000235,0.00000243,31056580.00000000
2020-12-08 16:00:00,0.00000243,0.00000292,0.00000228,0.00000282,56577675.00000000
2020-12-09 16:00:00,0.00000282,0.00000310,0.00000269,0.00000289,76776297.00000000
2020-12-10 16:00:00,0.00000289,0.00000298,0.00000249,0.00000251,33181496.00000000
2020-12-11 16:00:00,0.00000251,0.00000275,0.00000250,0.00000253,20428279.00000000
2020-12-12 16:00:00,0.00000253,0.00000258,0.00000243,0.00000252,15261080.00000000
2020-12-13 16:00:00,0.00000252,0.00000270,0.00000246,0.00000259,16395240.00000000
2020-12-14 16:00:00,0.00000259,0.00000277,0.00000248,0.00000270,16531784.00000000
2020-12-15 16:00:00,0.00000270,0.00000276,0.00000238,0.00000243,28812197.00000000
2020-12-16 16:00:00,0.00000243,0.00000246,0.00000207,0.00000214,23241358.00000000
2020-12-17 16:00:00,0.00000214,0.00000240,0.00000209,0.00000222,26172662.00000000
2020-12-18 16:00:00,0.00000222,0.00000230,0.00000206,0.00000216,34174153.00000000
2020-12-19 16:00:00,0.00000215,0.00000237,0.00000208,0.00000211,34851431.00000000
2020-12-20 16:00:00,0.00000211,0.00000216,0.00000199,0.00000210,23897463.00000000
2020-12-21 16:00:00,0.00000209,0.00000213,0.00000187,0.00000195,32583179.00000000
2020-12-22 16:00:00,0.00000195,0.00000196,0.00000155,0.00000164,29428422.00000000
2020-12-23 16:00:00,0.00000165,0.00000175,0.00000154,0.00000170,16295998.00000000
2020-12-24 16:00:00,0.00000169,0.00000180,0.00000154,0.00000158,14321992.00000000
2020-12-25 16:00:00,0.00000157,0.00000159,0.00000142,0.00000144,17030327.00000000
2020-12-26 16:00:00,0.00000143,0.00000155,0.00000128,0.00000149,23769618.00000000
2020-12-27 16:00:00,0.00000150,0.00000154,0.00000139,0.00000144,16608411.00000000
2020-12-28 16:00:00,0.00000144,0.00000148,0.00000131,0.00000136,17338245.00000000
2020-12-29 16:00:00,0.00000136,0.00000139,0.00000123,0.00000125,12173684.00000000
2020-12-30 16:00:00,0.00000125,0.00000126,0.00000120,0.00000123,7253484.00000000
2020-12-31 16:00:00,0.00000123,0.00000133,0.00000122,0.00000126,8106292.00000000
2021-01-01 16:00:00,0.00000127,0.00000133,0.00000114,0.00000119,16404171.00000000
2021-01-02 16:00:00,0.00000119,0.00000126,0.00000109,0.00000124,16971360.00000000
2021-01-03 16:00:00,0.00000124,0.00000130,0.00000119,0.00000128,18278508.00000000
2021-01-04 16:00:00,0.00000126,0.00000140,0.00000120,0.00000123,31368011.00000000
2021-01-05 16:00:00,0.00000123,0.00000137,0.00000118,0.00000122,32062596.00000000
2021-01-06 16:00:00,0.00000121,0.00000123,0.00000107,0.00000110,26370841.00000000
2021-01-07 16:00:00,0.00000111,0.00000121,0.00000105,0.00000107,24096287.00000000
2021-01-08 16:00:00,0.00000107,0.00000119,0.00000105,0.00000114,17301036.00000000
2021-01-09 16:00:00,0.00000114,0.00000117,0.00000108,0.00000111,16805022.00000000
2021-01-10 16:00:00,0.00000111,0.00000119,0.00000110,0.00000115,20913978.00000000
2021-01-11 16:00:00,0.00000115,0.00000116,0.00000110,0.00000111,12911055.00000000
2021-01-12 16:00:00,0.00000111,0.00000115,0.00000106,0.00000109,13546490.00000000
2021-01-13 16:00:00,0.00000109,0.00000110,0.00000102,0.00000104,10597465.00000000
2021-01-14 16:00:00,0.00000105,0.00000126,0.00000103,0.00000120,21410766.00000000
2021-01-15 16:00:00,0.00000119,0.00000129,0.00000116,0.00000122,18840672.00000000
2021-01-16 16:00:00,0.00000122,0.00000151,0.00000121,0.00000142,42308917.00000000
2021-01-17 16:00:00,0.00000142,0.00000153,0.00000135,0.00000143,28014592.00000000
2021-01-18 16:00:00,0.00000142,0.00000157,0.00000135,0.00000150,29693085.00000000
2021-01-19 16:00:00,0.00000151,0.00000168,0.00000140,0.00000151,36194617.00000000
2021-01-20 16:00:00,0.00000151,0.00000461,0.00000147,0.00000352,377036935.00000000
2021-01-21 16:00:00,0.00000351,0.00000374,0.00000317,0.00000331,72607734.00000000
2021-01-22 16:00:00,0.00000332,0.00000341,0.00000302,0.00000315,31680915.00000000
2021-01-23 16:00:00,0.00000316,0.00000323,0.00000290,0.00000295,20785298.00000000
2021-01-24 16:00:00,0.00000296,0.00000305,0.00000267,0.00000288,23715937.00000000
2021-01-25 16:00:00,0.00000288,0.00000296,0.00000278,0.00000285,15041187.00000000
2021-01-26 16:00:00,0.00000287,0.00000295,0.00000250,0.00000267,36994276.00000000
2021-01-27 16:00:00,0.00000267,0.00000290,0.00000257,0.00000266,27402136.00000000
2021-01-28 16:00:00,0.00000265,0.00000284,0.00000227,0.00000258,35986183.00000000
2021-01-29 16:00:00,0.00000259,0.00000275,0.00000250,0.00000257,19760962.00000000
2021-01-30 16:00:00,0.00000256,0.00000267,0.00000246,0.00000250,14132532.00000000
2021-01-31 16:00:00,0.00000251,0.00000254,0.00000229,0.00000247,17368575.00000000
2021-02-01 16:00:00,0.00000248,0.00000289,0.00000244,0.00000273,38636646.00000000
2021-02-02 16:00:00,0.00000273,0.00000280,0.00000256,0.00000265,22622326.00000000
2021-02-03 16:00:00,0.00000264,0.00000327,0.00000242,0.00000271,65241477.00000000
2021-02-04 16:00:00,0.00000272,0.00000392,0.00000268,0.00000377,69375087.00000000
2021-02-05 16:00:00,0.00000378,0.00000378,0.00000299,0.00000333,35771206.00000000
2021-02-06 16:00:00,0.00000333,0.00000354,0.00000287,0.00000327,23729530.00000000
2021-02-07 16:00:00,0.00000327,0.00000378,0.00000294,0.00000306,36760771.00000000
2021-02-08 16:00:00,0.00000306,0.00000347,0.00000293,0.00000329,19810642.00000000
2021-02-09 16:00:00,0.00000330,0.00000339,0.00000298,0.00000327,21643727.00000000
2021-02-10 16:00:00,0.00000327,0.00000383,0.00000317,0.00000332,47120773.00000000
2021-02-11 16:00:00,0.00000333,0.00000353,0.00000326,0.00000347,19673957.00000000
2021-02-12 16:00:00,0.00000346,0.00000463,0.00000346,0.00000438,75867894.00000000
2021-02-13 16:00:00,0.00000439,0.00000600,0.00000408,0.00000549,163306230.00000000
2021-02-14 16:00:00,0.00000550,0.00000557,0.00000433,0.00000500,48092682.00000000
2021-02-15 16:00:00,0.00000500,0.00000513,0.00000448,0.00000470,18726226.00000000
2021-02-16 16:00:00,0.00000470,0.00000519,0.00000419,0.00000464,37150569.00000000
2021-02-17 16:00:00,0.00000465,0.00000666,0.00000457,0.00000632,80674814.00000000
2021-02-18 16:00:00,0.00000633,0.00000635,0.00000530,0.00000547,43917585.00000000
2021-02-19 16:00:00,0.00000549,0.00000584,0.00000508,0.00000529,26548817.00000000
2021-02-20 16:00:00,0.00000532,0.00000618,0.00000519,0.00000557,30652970.00000000
2021-02-21 16:00:00,0.00000559,0.00000658,0.00000465,0.00000544,68372113.00000000
2021-02-22 16:00:00,0.00000545,0.00000615,0.00000385,0.00000492,52750892.00000000
2021-02-23 16:00:00,0.00000493,0.00000540,0.00000463,0.00000501,22842306.00000000
2021-02-24 16:00:00,0.00000499,0.00000530,0.00000470,0.00000493,16451232.00000000
2021-02-25 16:00:00,0.00000494,0.00000528,0.00000483,0.00000511,16527151.00000000
2021-02-26 16:00:00,0.00000510,0.00000549,0.00000506,0.00000532,16929194.00000000
2021-02-27 16:00:00,0.00000532,0.00000571,0.00000462,0.00000488,18504364.00000000
2021-02-28 16:00:00,0.00000489,0.00000515,0.00000475,0.00000483,22231192.00000000
2021-03-01 16:00:00,0.00000484,0.00000544,0.00000473,0.00000518,13938981.00000000
2021-03-02 16:00:00,0.00000518,0.00000627,0.00000511,0.00000609,37948703.00000000
2021-03-03 16:00:00,0.00000610,0.00000871,0.00000584,0.00000741,97557334.00000000
2021-03-04 16:00:00,0.00000740,0.00000908,0.00000696,0.00000719,65477084.00000000
2021-03-05 16:00:00,0.00000721,0.00000757,0.00000672,0.00000704,18343343.00000000
2021-03-06 16:00:00,0.00000703,0.00000766,0.00000684,0.00000744,25499498.00000000
2021-03-07 16:00:00,0.00000743,0.00000936,0.00000737,0.00000878,36499116.00000000
2021-03-08 16:00:00,0.00000877,0.00001074,0.00000874,0.00000957,53937838.00000000
2021-03-09 16:00:00,0.00000957,0.00000962,0.00000840,0.00000861,24635572.00000000
2021-03-10 16:00:00,0.00000862,0.00000976,0.00000860,0.00000915,21127113.00000000
2021-03-11 16:00:00,0.00000917,0.00001092,0.00000904,0.00001068,23454120.00000000
2021-03-12 16:00:00,0.00001066,0.00001326,0.00000920,0.00001119,61823587.00000000
2021-03-13 16:00:00,0.00001119,0.00001244,0.00001066,0.00001153,33256023.00000000
2021-03-14 17:00:00,0.00001153,0.00001222,0.00001075,0.00001198,16224167.00000000
2021-03-15 17:00:00,0.00001199,0.00001215,0.00001022,0.00001037,22300759.00000000
2021-03-16 17:00:00,0.00001040,0.00001112,0.00000924,0.00001012,39413043.00000000
2021-03-17 17:00:00,0.00001014,0.00001151,0.00000910,0.00001067,46532928.00000000
2021-03-18 17:00:00,0.00001070,0.00001079,0.00001024,0.00001042,18060980.00000000
2021-03-19 17:00:00,0.00001040,0.00001042,0.00000923,0.00000923,16569859.00000000
2021-03-20 17:00:00,0.00000925,0.00001040,0.00000920,0.00000981,28304153.00000000
2021-03-21 17:00:00,0.00000980,0.00001074,0.00000955,0.00001026,23153695.00000000
2021-03-22 17:00:00,0.00001025,0.00001071,0.00000957,0.00001042,17422852.00000000
2021-03-23 17:00:00,0.00001044,0.00001179,0.00001016,0.00001094,30523993.00000000
2021-03-24 17:00:00,0.00001093,0.00001154,0.00001044,0.00001138,22192933.00000000
2021-03-25 17:00:00,0.00001139,0.00001153,0.00001077,0.00001128,12698894.00000000
2021-03-26 17:00:00,0.00001128,0.00001308,0.00001104,0.00001277,26951112.00000000
2021-03-27 17:00:00,0.00001278,0.00001606,0.00001216,0.00001451,43401758.00000000
2021-03-28 17:00:00,0.00001451,0.00001508,0.00001346,0.00001369,18435720.00000000
2021-03-29 17:00:00,0.00001370,0.00001455,0.00001335,0.00001406,14925127.00000000
2021-03-30 17:00:00,0.00001408,0.00001438,0.00001274,0.00001363,17871390.00000000
2021-03-31 17:00:00,0.00001363,0.00001368,0.00001258,0.00001280,10976946.00000000
2021-04-01 17:00:00,0.00001279,0.00001330,0.00001222,0.00001296,11716438.00000000
2021-04-02 17:00:00,0.00001297,0.00001297,0.00001176,0.00001192,9816801.00000000
2021-04-03 17:00:00,0.00001191,0.00001274,0.00001183,0.00001234,7559577.00000000
2021-04-04 17:00:00,0.00001236,0.00001238,0.00001137,0.00001137,9786824.00000000
2021-04-05 17:00:00,0.00001136,0.00001153,0.00001043,0.00001097,20476186.00000000
2021-04-06 17:00:00,0.00001098,0.00001164,0.00000946,0.00001130,21200815.00000000
2021-04-07 17:00:00,0.00001132,0.00001221,0.00001069,0.00001179,19101717.00000000
2021-04-08 17:00:00,0.00001180,0.00001284,0.00001141,0.00001202,25024352.00000000
2021-04-09 17:00:00,0.00001201,0.00001204,0.00001078,0.00001111,10315167.00000000
2021-04-10 17:00:00,0.00001111,0.00001136,0.00001033,0.00001070,11102637.00000000
2021-04-11 17:00:00,0.00001069,0.00001175,0.00001052,0.00001150,9251003.00000000
2021-04-12 17:00:00,0.00001146,0.00001147,0.00001026,0.00001054,7300193.00000000
2021-04-13 17:00:00,0.00001054,0.00001056,0.00000973,0.00001024,5526763.00000000
2021-04-14 17:00:00,0.00001026,0.00001106,0.00001017,0.00001079,6879366.00000000
2021-04-15 17:00:00,0.00001082,0.00001160,0.00001025,0.00001147,13183896.00000000
2021-04-16 17:00:00,0.00001148,0.00001157,0.00001073,0.00001103,7671421.00000000
2021-04-17 17:00:00,0.00001101,0.00001108,0.00000892,0.00001000,12317157.00000000
2021-04-18 17:00:00,0.00001000,0.00001017,0.00000918,0.00000924,8192439.00000000
2021-04-19 17:00:00,0.00000925,0.00000941,0.00000822,0.00000927,11120505.00000000
2021-04-20 17:00:00,0.00000927,0.00001035,0.00000922,0.00000949,9522066.00000000
2021-04-21 17:00:00,0.00000949,0.00000974,0.00000843,0.00000847,9198400.00000000
2021-04-22 17:00:00,0.00000845,0.00000862,0.00000693,0.00000832,13185416.00000000
2021-04-23 17:00:00,0.00000832,0.00000873,0.00000783,0.00000822,9305764.00000000
2021-04-24 17:00:00,0.00000824,0.00000902,0.00000814,0.00000852,9717260.00000000
2021-04-25 17:00:00,0.00000851,0.00000930,0.00000845,0.00000924,11624852.00000000
2021-04-26 17:00:00,0.00000927,0.00000999,0.00000906,0.00000982,8981810.00000000
2021-04-27 17:00:00,0.00000983,0.00001137,0.00000954,0.00001074,21401415.00000000
2021-04-28 17:00:00,0.00001075,0.00001120,0.00001011,0.00001056,10306982.00000000
2021-04-29 17:00:00,0.00001054,0.00001125,0.00001030,0.00001074,11396955.00000000
2021-04-30 17:00:00,0.00001076,0.00001090,0.00001034,0.00001043,5072993.00000000
2021-05-01 17:00:00,0.00001044,0.00001101,0.00000988,0.00001028,5160685.00000000
2021-05-02 17:00:00,0.00001027,0.00001187,0.00000997,0.00001148,13327305.00000000
2021-05-03 17:00:00,0.00001148,0.00001299,0.00001076,0.00001077,24149151.00000000
2021-05-04 17:00:00,0.00001079,0.00001112,0.00001029,0.00001053,9989019.00000000
2021-05-05 17:00:00,0.00001054,0.00001084,0.00000967,0.00000994,9573322.00000000
2021-05-06 17:00:00,0.00000996,0.00001085,0.00000935,0.00000952,6266237.00000000
2021-05-07 17:00:00,0.00000952,0.00000996,0.00000910,0.00000922,4659399.00000000
2021-05-08 17:00:00,0.00000921,0.00000934,0.00000884,0.00000933,4382515.00000000
2021-05-09 17:00:00,0.00000930,0.00000934,0.00000800,0.00000828,5951841.00000000
2021-05-10 17:00:00,0.00000827,0.00000930,0.00000818,0.00000888,7562158.00000000
2021-05-11 17:00:00,0.00000887,0.00000932,0.00000820,0.00000831,3838738.00000000
2021-05-12 17:00:00,0.00000832,0.00000894,0.00000810,0.00000851,6081471.00000000
2021-05-13 17:00:00,0.00000851,0.00000910,0.00000837,0.00000884,5435702.00000000
2021-05-14 17:00:00,0.00000881,0.00001052,0.00000872,0.00000926,18123769.00000000
2021-05-15 17:00:00,0.00000926,0.00000945,0.00000874,0.00000897,6342710.00000000
2021-05-16 17:00:00,0.00000897,0.00000899,0.00000843,0.00000863,8807157.00000000
2021-05-17 17:00:00,0.00000863,0.00000927,0.00000855,0.00000914,5609883.00000000
2021-05-18 17:00:00,0.00000915,0.00000929,0.00000546,0.00000672,23245446.00000000
2021-05-19 17:00:00,0.00000673,0.00000768,0.00000611,0.00000768,11612561.00000000
2021-05-20 17:00:00,0.00000766,0.00000879,0.00000706,0.00000784,17797820.00000000
2021-05-21 17:00:00,0.00000783,0.00001270,0.00000751,0.00001182,97118779.00000000
2021-05-22 17:00:00,0.00001182,0.00001269,0.00000720,0.00000845,54716176.00000000
2021-05-23 17:00:00,0.00000845,0.00000848,0.00000740,0.00000804,27548901.00000000
2021-05-24 17:00:00,0.00000806,0.00000811,0.00000714,0.00000764,10000055.00000000
2021-05-25 17:00:00,0.00000766,0.00000998,0.00000748,0.00000947,17382271.00000000
2021-05-26 17:00:00,0.00000949,0.00000961,0.00000848,0.00000877,10207676.00000000
2021-05-27 17:00:00,0.00000879,0.00001004,0.00000863,0.00000946,24097205.00000000
2021-05-28 17:00:00,0.00000943,0.00000943,0.00000841,0.00000883,11147792.00000000
2021-05-29 17:00:00,0.00000882,0.00000928,0.00000832,0.00000886,6673052.00000000
2021-05-30 17:00:00,0.00000884,0.00000901,0.00000851,0.00000896,4991627.00000000
2021-05-31 17:00:00,0.00000895,0.00000898,0.00000860,0.00000882,4138318.00000000
2021-06-01 17:00:00,0.00000882,0.00000906,0.00000854,0.00000884,5517388.00000000
2021-06-02 17:00:00,0.00000883,0.00000949,0.00000862,0.00000925,5729870.00000000
2021-06-03 17:00:00,0.00000924,0.00000945,0.00000855,0.00000905,5536304.00000000
2021-06-04 17:00:00,0.00000903,0.00000915,0.00000878,0.00000891,2788122.00000000
2021-06-05 17:00:00,0.00000893,0.00000920,0.00000881,0.00000909,3056524.00000000
2021-06-06 17:00:00,0.00000909,0.00000913,0.00000871,0.00000878,2249898.00000000
2021-06-07 17:00:00,0.00000879,0.00000884,0.00000804,0.00000842,5589356.00000000
2021-06-08 17:00:00,0.00000843,0.00000844,0.00000767,0.00000780,5262039.00000000
2021-06-09 17:00:00,0.00000778,0.00000829,0.00000766,0.00000818,6204792.00000000
2021-06-10 17:00:00,0.00000818,0.00000921,0.00000783,0.00000823,17302337.00000000
2021-06-11 17:00:00,0.00000824,0.00000825,0.00000734,0.00000739,9636129.00000000
2021-06-12 17:00:00,0.00000741,0.00000756,0.00000696,0.00000710,2875138.00000000
2021-06-13 17:00:00,0.00000709,0.00000714,0.00000681,0.00000704,2955208.00000000
2021-06-14 17:00:00,0.00000700,0.00000722,0.00000684,0.00000714,4622021.00000000
2021-06-15 17:00:00,0.00000712,0.00000751,0.00000691,0.00000705,11199474.00000000
2021-06-16 17:00:00,0.00000706,0.00000746,0.00000698,0.00000714,4593316.00000000
2021-06-17 17:00:00,0.00000714,0.00000719,0.00000688,0.00000716,3441257.00000000
2021-06-18 17:00:00,0.00000715,0.00000719,0.00000691,0.00000692,1961197.00000000
2021-06-19 17:00:00,0.00000691,0.00000695,0.00000659,0.00000670,3111487.00000000
2021-06-20 17:00:00,0.00000671,0.00000671,0.00000565,0.00000565,5612144.00000000
2021-06-21 17:00:00,0.00000567,0.00000584,0.00000509,0.00000534,5998722.00000000
2021-06-22 17:00:00,0.00000535,0.00000612,0.00000525,0.00000572,8969119.00000000
2021-06-23 17:00:00,0.00000571,0.00000623,0.00000555,0.00000585,4850184.00000000
2021-06-24 17:00:00,0.00000588,0.00000612,0.00000572,0.00000580,5865977.00000000
2021-06-25 17:00:00,0.00000580,0.00000589,0.00000561,0.00000571,3477185.00000000
2021-06-26 17:00:00,0.00000570,0.00000583,0.00000540,0.00000549,4698248.00000000
2021-06-27 17:00:00,0.00000549,0.00000594,0.00000546,0.00000593,2954298.00000000
2021-06-28 17:00:00,0.00000593,0.00000639,0.00000588,0.00000634,3815736.00000000
2021-06-29 17:00:00,0.00000633,0.00000703,0.00000612,0.00000699,10617299.00000000
2021-06-30 17:00:00,0.00000701,0.00000814,0.00000685,0.00000752,23137938.00000000
2021-07-01 17:00:00,0.00000753,0.00000765,0.00000675,0.00000720,6147021.00000000
2021-07-02 17:00:00,0.00000722,0.00000793,0.00000702,0.00000762,9250424.00000000
2021-07-03 17:00:00,0.00000762,0.00000851,0.00000741,0.00000783,12788643.00000000
2021-07-04 17:00:00,0.00000781,0.00000826,0.00000768,0.00000792,5736043.00000000
2021-07-05 17:00:00,0.00000795,0.00000974,0.00000790,0.00000906,19021750.00000000
2021-07-06 17:00:00,0.00000904,0.00001289,0.00000904,0.00001183,35408587.00000000
2021-07-07 17:00:00,0.00001183,0.00001618,0.00001149,0.00001297,57617822.00000000
2021-07-08 17:00:00,0.00001298,0.00001517,0.00001132,0.00001460,36940399.00000000
2021-07-09 17:00:00,0.00001460,0.00001596,0.00001394,0.00001469,32115508.00000000
2021-07-10 17:00:00,0.00001464,0.00001496,0.00001362,0.00001428,14033247.00000000
2021-07-11 17:00:00,0.00001429,0.00001434,0.00001260,0.00001261,11188907.00000000
2021-07-12 17:00:00,0.00001262,0.00001426,0.00001240,0.00001325,20569826.00000000
2021-07-13 17:00:00,0.00001325,0.00001880,0.00001212,0.00001804,49236069.00000000
2021-07-14 17:00:00,0.00001800,0.00002116,0.00001618,0.00001707,57790127.00000000
2021-07-15 17:00:00,0.00001706,0.00001897,0.00001514,0.00001557,25157981.00000000
2021-07-16 17:00:00,0.00001557,0.00001562,0.00001346,0.00001421,24455850.00000000
2021-07-17 17:00:00,0.00001423,0.00001633,0.00001417,0.00001524,18686412.00000000
2021-07-18 17:00:00,0.00001523,0.00001537,0.00001362,0.00001423,9917185.00000000
2021-07-19 17:00:00,0.00001426,0.00001429,0.00001237,0.00001292,10080113.00000000
2021-07-20 17:00:00,0.00001293,0.00001508,0.00001266,0.00001472,15451928.00000000
2021-07-21 17:00:00,0.00001473,0.00001595,0.00001452,0.00001545,19692820.00000000
2021-07-22 17:00:00,0.00001543,0.00002086,0.00001538,0.00001959,53774836.00000000
2021-07-23 17:00:00,0.00001954,0.00002493,0.00001876,0.00002135,45767193.00000000
2021-07-24 17:00:00,0.00002135,0.00002273,0.00001979,0.00002138,24659619.00000000
2021-07-25 17:00:00,0.00002135,0.00002171,0.00001520,0.00001762,32612975.00000000
2021-07-26 17:00:00,0.00001767,0.00002025,0.00001574,0.00001715,35916066.00000000
2021-07-27 17:00:00,0.00001713,0.00001927,0.00001645,0.00001699,18078109.00000000
2021-07-28 17:00:00,0.00001699,0.00001752,0.00001617,0.00001658,7737635.00000000
2021-07-29 17:00:00,0.00001660,0.00001688,0.00001544,0.00001557,7332314.00000000
2021-07-30 17:00:00,0.00001557,0.00001616,0.00001518,0.00001544,5604672.00000000
2021-07-31 17:00:00,0.00001544,0.00001549,0.00001429,0.00001478,8182511.00000000
2021-08-01 17:00:00,0.00001477,0.00001646,0.00001476,0.00001564,6125364.00000000
2021-08-02 17:00:00,0.00001562,0.00001566,0.00001506,0.00001543,3570384.00000000
2021-08-03 17:00:00,0.00001543,0.00001690,0.00001528,0.00001641,8905209.00000000
2021-08-04 17:00:00,0.00001640,0.00001659,0.00001523,0.00001557,5879850.00000000
2021-08-05 17:00:00,0.00001558,0.00001596,0.00001476,0.00001485,5792317.00000000
2021-08-06 17:00:00,0.00001486,0.00001507,0.00001413,0.00001437,5230786.00000000
2021-08-07 17:00:00,0.00001434,0.00001524,0.00001379,0.00001405,5296119.00000000
2021-08-08 17:00:00,0.00001404,0.00001448,0.00001345,0.00001354,2894246.00000000
2021-08-09 17:00:00,0.00001354,0.00001560,0.00001345,0.00001492,14754613.00000000
2021-08-10 17:00:00,0.00001487,0.00001619,0.00001440,0.00001481,10583581.00000000
2021-08-11 17:00:00,0.00001483,0.00001485,0.00001387,0.00001431,5554746.00000000
2021-08-12 17:00:00,0.00001432,0.00001453,0.00001370,0.00001387,3137486.00000000
2021-08-13 17:00:00,0.00001387,0.00001387,0.00001326,0.00001352,3495825.00000000
2021-08-14 17:00:00,0.00001352,0.00001457,0.00001327,0.00001371,6160564.00000000
2021-08-15 17:00:00,0.00001374,0.00001467,0.00001356,0.00001379,9606612.00000000
2021-08-16 17:00:00,0.00001379,0.00001461,0.00001301,0.00001363,9699354.00000000
2021-08-17 17:00:00,0.00001363,0.00001373,0.00001250,0.00001302,4878376.00000000
2021-08-18 17:00:00,0.00001303,0.00001312,0.00001250,0.00001281,6523665.00000000
2021-08-19 17:00:00,0.00001282,0.00001299,0.00001229,0.00001244,5858884.00000000
2021-08-20 17:00:00,0.00001243,0.00001475,0.00001243,0.00001352,19767607.00000000
2021-08-21 17:00:00,0.00001352,0.00001447,0.00001290,0.00001335,8773904.00000000
2021-08-22 17:00:00,0.00001336,0.00001401,0.00001314,0.00001367,12834694.00000000
2021-08-23 17:00:00,0.00001367,0.00001376,0.00001231,0.00001290,8738126.00000000
2021-08-24 17:00:00,0.00001290,0.00001538,0.00001250,0.00001506,20054070.00000000
2021-08-25 17:00:00,0.00001507,0.00001831,0.00001436,0.00001442,34765977.00000000
2021-08-26 17:00:00,0.00001442,0.00001467,0.00001380,0.00001446,11342858.00000000
2021-08-27 17:00:00,0.00001445,0.00001664,0.00001419,0.00001553,13795399.00000000
2021-08-28 17:00:00,0.00001554,0.00002150,0.00001505,0.00002059,41387002.00000000
2021-08-29 17:00:00,0.00002056,0.00002481,0.00002023,0.00002074,34668785.00000000
2021-08-30 17:00:00,0.00002077,0.00002124,0.00001908,0.00002026,15560346.00000000
2021-08-31 17:00:00,0.00002023,0.00002400,0.00001988,0.00002065,17227563.00000000
2021-09-01 17:00:00,0.00002064,0.00002172,0.00001969,0.00002039,6960162.00000000
2021-09-02 17:00:00,0.00002040,0.00002090,0.00001929,0.00002006,7906070.00000000
2021-09-03 17:00:00,0.00002004,0.00002193,0.00001963,0.00001992,8846565.00000000
2021-09-04 17:00:00,0.00001989,0.00002035,0.00001863,0.00001888,4930541.00000000
2021-09-05 17:00:00,0.00001889,0.00001937,0.00001761,0.00001823,6400902.00000000
2021-09-06 17:00:00,0.00001824,0.00001848,0.00001386,0.00001605,16763826.00000000
2021-09-07 17:00:00,0.00001607,0.00001790,0.00001539,0.00001717,10955814.00000000
2021-09-08 17:00:00,0.00001719,0.00001903,0.00001673,0.00001881,6796670.00000000
2021-09-09 17:00:00,0.00001880,0.00001897,0.00001681,0.00001744,4528298.00000000
2021-09-10 17:00:00,0.00001745,0.00001797,0.00001698,0.00001775,2198005.00000000
2021-09-11 17:00:00,0.00001775,0.00001842,0.00001733,0.00001767,4158084.00000000
2021-09-12 17:00:00,0.00001766,0.00001767,0.00001629,0.00001660,2324299.00000000
2021-09-13 17:00:00,0.00001660,0.00001731,0.00001638,0.00001681,2429620.00000000
2021-09-14 17:00:00,0.00001680,0.00001699,0.00001630,0.00001678,2016680.00000000
2021-09-15 17:00:00,0.00001680,0.00001752,0.00001641,0.00001722,2782839.00000000
2021-09-16 17:00:00,0.00001718,0.00001726,0.00001607,0.00001628,2090983.00000000
2021-09-17 17:00:00,0.00001632,0.00001664,0.00001587,0.00001615,1364184.00000000
2021-09-18 17:00:00,0.00001610,0.00001610,0.00001564,0.00001572,1202800.00000000
2021-09-19 17:00:00,0.00001572,0.00001574,0.00001438,0.00001476,5070311.00000000
2021-09-20 17:00:00,0.00001476,0.00001629,0.00001436,0.00001471,5750088.00000000
2021-09-21 17:00:00,0.00001467,0.00001615,0.00001431,0.00001592,4336791.00000000
2021-09-22 17:00:00,0.00001593,0.00001719,0.00001580,0.00001636,5512744.00000000
2021-09-23 17:00:00,0.00001634,0.00001674,0.00001518,0.00001587,3154882.00000000
2021-09-24 17:00:00,0.00001585,0.00001630,0.00001552,0.00001562,1511195.00000000
2021-09-25 17:00:00,0.00001563,0.00001629,0.00001510,0.00001517,2924326.00000000
2021-09-26 17:00:00,0.00001518,0.00001534,0.00001480,0.00001498,1111374.00000000
2021-09-27 17:00:00,0.00001496,0.00001497,0.00001433,0.00001451,2906397.00000000
2021-09-28 17:00:00,0.00001446,0.00001488,0.00001426,0.00001454,2838307.00000000
2021-09-29 17:00:00,0.00001450,0.00001536,0.00001433,0.00001529,2141351.00000000
2021-09-30 17:00:00,0.00001526,0.00001710,0.00001459,0.00001680,8553799.00000000
2021-10-01 17:00:00,0.00001686,0.00001756,0.00001622,0.00001649,4370824.00000000
2021-10-02 17:00:00,0.00001651,0.00001811,0.00001604,0.00001800,4167308.00000000
2021-10-03 17:00:00,0.00001801,0.00001825,0.00001654,0.00001675,7723660.00000000
2021-10-04 17:00:00,0.00001674,0.00001674,0.00001537,0.00001563,5085421.00000000
2021-10-05 17:00:00,0.00001564,0.00001646,0.00001410,0.00001477,5172211.00000000
2021-10-06 17:00:00,0.00001478,0.00001491,0.00001417,0.00001488,2106473.00000000
2021-10-07 17:00:00,0.00001486,0.00001507,0.00001406,0.00001449,4121908.00000000
2021-10-08 17:00:00,0.00001450,0.00001472,0.00001413,0.00001457,1717369.00000000
2021-10-09 17:00:00,0.00001456,0.00001456,0.00001363,0.00001368,2094816.00000000
2021-10-10 17:00:00,0.00001365,0.00001373,0.00001248,0.00001290,3728866.00000000
2021-10-11 17:00:00,0.00001288,0.00001305,0.00001200,0.00001288,2396591.00000000
2021-10-12 17:00:00,0.00001286,0.00001328,0.00001271,0.00001298,1987485.00000000
2021-10-13 17:00:00,0.00001296,0.00001392,0.00001257,0.00001364,2150056.00000000
2021-10-14 17:00:00,0.00001366,0.00001383,0.00001190,0.00001200,5633436.00000000
2021-10-15 17:00:00,0.00001200,0.00001234,0.00001189,0.00001232,2762718.00000000
2021-10-16 17:00:00,0.00001231,0.00001250,0.00001172,0.00001176,1753853.00000000
2021-10-17 17:00:00,0.00001176,0.00001237,0.00001152,0.00001182,2021882.00000000
2021-10-18 17:00:00,0.00001181,0.00001193,0.00001125,0.00001138,1447735.00000000
2021-10-19 17:00:00,0.00001140,0.00001194,0.00001134,0.00001178,2693838.00000000
2021-10-20 17:00:00,0.00001177,0.00001241,0.00001170,0.00001213,4340677.00000000
2021-10-21 17:00:00,0.00001213,0.00001248,0.00001206,0.00001248,1448533.00000000
2021-10-22 17:00:00,0.00001248,0.00001250,0.00001213,0.00001248,1310750.00000000
2021-10-23 17:00:00,0.00001249,0.00001305,0.00001248,0.00001305,2111429.00000000
2021-10-24 17:00:00,0.00001305,0.00001305,0.00001243,0.00001282,2651969.00000000
2021-10-25 17:00:00,0.00001277,0.00001401,0.00001270,0.00001375,5527484.00000000
2021-10-26 17:00:00,0.00001377,0.00001467,0.00001220,0.00001308,7817241.00000000
2021-10-27 17:00:00,0.00001310,0.00001560,0.00001288,0.00001552,14149278.00000000
2021-10-28 17:00:00,0.00001551,0.00001951,0.00001514,0.00001874,35955417.00000000
2021-10-29 17:00:00,0.00001871,0.00003870,0.00001721,0.00002916,97022197.00000000
2021-10-30 17:00:00,0.00002914,0.00003920,0.00002385,0.00002565,76712158.00000000
2021-10-31 17:00:00,0.00002565,0.00003820,0.00002499,0.00003494,56814703.00000000
2021-11-01 17:00:00,0.00003495,0.00005400,0.00003408,0.00004841,84699224.00000000
2021-11-02 17:00:00,0.00004837,0.00005566,0.00004283,0.00005092,42297154.00000000
2021-11-03 17:00:00,0.00005103,0.00005237,0.00004260,0.00004397,25364051.00000000
2021-11-04 17:00:00,0.00004396,0.00004567,0.00003999,0.00004186,13212888.00000000
2021-11-05 17:00:00,0.00004188,0.00004656,0.00004139,0.00004389,13529404.00000000
2021-11-06 17:00:00,0.00004390,0.00004457,0.00004159,0.00004247,3914632.00000000
2021-11-07 16:00:00,0.00004247,0.00004247,0.00003720,0.00003811,11517016.00000000
2021-11-08 16:00:00,0.00003811,0.00003840,0.00003510,0.00003560,7216741.00000000
2021-11-09 16:00:00,0.00003556,0.00004091,0.00003163,0.00003537,13973551.00000000
2021-11-10 16:00:00,0.00003534,0.00003939,0.00003494,0.00003740,6231452.00000000
2021-11-11 16:00:00,0.00003743,0.00004420,0.00003678,0.00004096,18738328.00000000
2021-11-12 16:00:00,0.00004099,0.00005038,0.00004012,0.00004349,30086618.00000000
2021-11-13 16:00:00,0.00004347,0.00004589,0.00004259,0.00004334,9524645.00000000
2021-11-14 16:00:00,0.00004333,0.00004565,0.00004246,0.00004392,6335321.00000000
2021-11-15 16:00:00,0.00004392,0.00005750,0.00003923,0.00005396,34372686.00000000
2021-11-16 16:00:00,0.00005396,0.00006368,0.00005267,0.00006233,33049367.00000000
2021-11-17 16:00:00,0.00006232,0.00008182,0.00005935,0.00007575,39636539.00000000
2021-11-18 16:00:00,0.00007572,0.00007888,0.00007025,0.00007605,22457231.00000000
2021-11-19 16:00:00,0.00007605,0.00007663,0.00006949,0.00007051,15598572.00000000
2021-11-20 16:00:00,0.00007050,0.00007500,0.00006539,0.00006838,15049433.00000000
2021-11-21 16:00:00,0.00006843,0.00008857,0.00006593,0.00008825,22285551.00000000
2021-11-22 16:00:00,0.00008825,0.00010150,0.00008524,0.00009301,29208991.00000000
2021-11-23 16:00:00,0.00009295,0.00014100,0.00009115,0.00013074,49579187.00000000
2021-11-24 16:00:00,0.00013072,0.00014824,0.00011289,0.00012168,45409468.00000000
2021-11-25 16:00:00,0.00012173,0.00013736,0.00011320,0.00013037,26130919.00000000
2021-11-26 16:00:00,0.00013037,0.00013100,0.00011403,0.00011963,17177000.00000000
2021-11-27 16:00:00,0.00011963,0.00013331,0.00010647,0.00013123,25328315.00000000
2021-11-28 16:00:00,0.00013109,0.00013856,0.00011958,0.00012085,21434254.00000000
2021-11-29 16:00:00,0.00012093,0.00012524,0.00011400,0.00011930,15166013.00000000
2021-11-30 16:00:00,0.00011930,0.00012328,0.00011000,0.00011493,13668170.00000000
2021-12-01 16:00:00,0.00011488,0.00012186,0.00010697,0.00011850,13577409.00000000
2021-12-02 16:00:00,0.00011856,0.00012450,0.00010731,0.00011222,12313019.00000000
2021-12-03 16:00:00,0.00011221,0.00012616,0.00009557,0.00012354,19065358.00000000
2021-12-04 16:00:00,0.00012361,0.00012484,0.00010746,0.00010946,9951634.00000000
2021-12-05 16:00:00,0.00010951,0.00011229,0.00010085,0.00010883,9993827.00000000
2021-12-06 16:00:00,0.00010877,0.00011191,0.00010419,0.00010491,7882872.00000000
2021-12-07 16:00:00,0.00010482,0.00010900,0.00010208,0.00010590,4892670.00000000
2021-12-08 16:00:00,0.00010589,0.00011532,0.00010428,0.00010926,8731404.00000000
2021-12-09 16:00:00,0.00010923,0.00011014,0.00010245,0.00010274,5116750.00000000
2021-12-10 16:00:00,0.00010272,0.00010435,0.00010098,0.00010239,3042483.00000000
2021-12-11 16:00:00,0.00010236,0.00011092,0.00010196,0.00010902,6036864.00000000
2021-12-12 16:00:00,0.00010906,0.00011209,0.00010114,0.00010265,5017783.00000000
2021-12-13 16:00:00,0.00010265,0.00010431,0.00009768,0.00009879,4599037.00000000
2021-12-14 16:00:00,0.00009876,0.00010566,0.00009471,0.00010508,5738918.00000000
2021-12-15 16:00:00,0.00010510,0.00010891,0.00010320,0.00010381,4190139.00000000
2021-12-16 16:00:00,0.00010385,0.00010795,0.00010227,0.00010646,3173773.00000000
2021-12-17 16:00:00,0.00010647,0.00011311,0.00010522,0.00011006,3890560.00000000
2021-12-18 16:00:00,0.00011010,0.00011305,0.00010645,0.00010735,2956122.00000000
2021-12-19 16:00:00,0.00010735,0.00010780,0.00010358,0.00010576,2417318.00000000
2021-12-20 16:00:00,0.00010577,0.00010704,0.00010314,0.00010535,2457592.00000000
2021-12-21 16:00:00,0.00010536,0.00010724,0.00010405,0.00010506,2526157.00000000
2021-12-22 16:00:00,0.00010520,0.00012508,0.00010423,0.00012438,6736519.00000000
2021-12-23 16:00:00,0.00012433,0.00012695,0.00011388,0.00011522,7261458.00000000
2021-12-24 16:00:00,0.00011520,0.00013402,0.00011428,0.00013276,7024257.00000000
2021-12-25 16:00:00,0.00013290,0.00013846,0.00013005,0.00013240,6121529.00000000
2021-12-26 16:00:00,0.00013243,0.00013315,0.00012443,0.00012664,3895087.00000000
2021-12-27 16:00:00,0.00012670,0.00013050,0.00012122,0.00012316,6489686.00000000
2021-12-28 16:00:00,0.00012321,0.00012788,0.00012249,0.00012495,4136544.00000000
2021-12-29 16:00:00,0.00012488,0.00012661,0.00012120,0.00012522,2296395.00000000
2021-12-30 16:00:00,0.00012523,0.00012820,0.00012441,0.00012636,2572158.00000000
2021-12-31 16:00:00,0.00012643,0.00012847,0.00012431,0.00012507,1462591.00000000
2022-01-01 16:00:00,0.00012511,0.00012565,0.00012387,0.00012509,1234038.00000000
2022-01-02 16:00:00,0.00012504,0.00012680,0.00012144,0.00012256,1844262.00000000
2022-01-03 16:00:00,0.00012252,0.00012269,0.00011783,0.00011917,2376406.00000000
2022-01-04 16:00:00,0.00011918,0.00012042,0.00011089,0.00011518,4055513.00000000
2022-01-05 16:00:00,0.00011529,0.00012506,0.00011057,0.00012152,5425925.00000000
2022-01-06 16:00:00,0.00012150,0.00012260,0.00011489,0.00011677,4001264.00000000
2022-01-07 16:00:00,0.00011679,0.00011976,0.00010988,0.00011071,3373681.00000000
2022-01-08 16:00:00,0.00011071,0.00011807,0.00011002,0.00011263,2484288.00000000
2022-01-09 16:00:00,0.00011266,0.00011334,0.00010480,0.00010645,2309546.00000000
2022-01-10 16:00:00,0.00010652,0.00011136,0.00010474,0.00011040,2354708.00000000
2022-01-11 16:00:00,0.00011052,0.00011914,0.00011015,0.00011699,3364607.00000000
2022-01-12 16:00:00,0.00011697,0.00011903,0.00011279,0.00011431,2694380.00000000
2022-01-13 16:00:00,0.00011426,0.00011602,0.00011152,0.00011390,2359045.00000000
2022-01-14 16:00:00,0.00011384,0.00011404,0.00011152,0.00011245,1163437.00000000
2022-01-15 16:00:00,0.00011245,0.00011677,0.00011081,0.00011405,2017015.00000000
2022-01-16 16:00:00,0.00011403,0.00011555,0.00010792,0.00010915,1843827.00000000
2022-01-17 16:00:00,0.00010906,0.00010950,0.00010515,0.00010542,1407539.00000000
2022-01-18 16:00:00,0.00010543,0.00010571,0.00010004,0.00010114,1836340.00000000
2022-01-19 16:00:00,0.00010116,0.00010375,0.00009624,0.00009695,2176412.00000000
2022-01-20 16:00:00,0.00009677,0.00009795,0.00008806,0.00009166,4063454.00000000
2022-01-21 16:00:00,0.00009169,0.00009299,0.00007518,0.00008558,7468301.00000000
2022-01-22 16:00:00,0.00008560,0.00009010,0.00008323,0.00008620,3212644.00000000
2022-01-23 16:00:00,0.00008613,0.00008626,0.00007883,0.00008182,3084406.00000000
2022-01-24 16:00:00,0.00008178,0.00008397,0.00007985,0.00008219,2343712.00000000
2022-01-25 16:00:00,0.00008228,0.00008909,0.00008163,0.00008350,4314298.00000000
2022-01-26 16:00:00,0.00008355,0.00009661,0.00008309,0.00009128,5406388.00000000
2022-01-27 16:00:00,0.00009109,0.00009531,0.00008997,0.00009240,4104908.00000000
2022-01-28 16:00:00,0.00009227,0.00010311,0.00009186,0.00010186,5036046.00000000
2022-01-29 16:00:00,0.00010193,0.00010733,0.00009828,0.00010173,3750395.00000000
2022-01-30 16:00:00,0.00010173,0.00010823,0.00009811,0.00010640,4377668.00000000
2022-01-31 16:00:00,0.00010644,0.00010726,0.00010083,0.00010275,2413995.00000000
2022-02-01 16:00:00,0.00010277,0.00010472,0.00009886,0.00009932,1934782.00000000
2022-02-02 16:00:00,0.00009921,0.00009974,0.00009586,0.00009881,2347884.00000000
2022-02-03 16:00:00,0.00009881,0.00009963,0.00009555,0.00009638,1872694.00000000
2022-02-04 16:00:00,0.00009642,0.00010806,0.00009579,0.00010484,4471342.00000000
2022-02-05 16:00:00,0.00010491,0.00011285,0.00010491,0.00010947,3057678.00000000
2022-02-06 16:00:00,0.00010958,0.00011269,0.00010605,0.00010662,2679618.00000000
2022-02-07 16:00:00,0.00010662,0.00010946,0.00009948,0.00010916,2977157.00000000
2022-02-08 16:00:00,0.00010923,0.00011025,0.00010483,0.00010616,2005397.00000000
2022-02-09 16:00:00,0.00010621,0.00010656,0.00010049,0.00010106,2496566.00000000
2022-02-10 16:00:00,0.00010107,0.00010442,0.00009602,0.00009918,1746791.00000000
2022-02-11 16:00:00,0.00009921,0.00010300,0.00009795,0.00009977,2467636.00000000
2022-02-12 16:00:00,0.00009992,0.00010239,0.00009429,0.00009658,1286470.00000000
2022-02-13 16:00:00,0.00009663,0.00009708,0.00009199,0.00009443,1657544.00000000
2022-02-14 16:00:00,0.00009450,0.00009932,0.00009397,0.00009906,2005261.00000000
2022-02-15 16:00:00,0.00009923,0.00010040,0.00009323,0.00009517,1975119.00000000
2022-02-16 16:00:00,0.00009514,0.00009652,0.00009174,0.00009227,1962039.00000000
2022-02-17 16:00:00,0.00009232,0.00009416,0.00008951,0.00009009,1418820.00000000
2022-02-18 16:00:00,0.00009009,0.00009067,0.00008582,0.00008742,1294578.00000000
2022-02-19 16:00:00,0.00008733,0.00008738,0.00008252,0.00008329,1858835.00000000
2022-02-20 16:00:00,0.00008328,0.00008683,0.00007800,0.00007834,3467160.00000000
2022-02-21 16:00:00,0.00007837,0.00008471,0.00007743,0.00008290,3116018.00000000
2022-02-22 16:00:00,0.00008293,0.00008520,0.00008011,0.00008031,3195629.00000000
2022-02-23 16:00:00,0.00008032,0.00008149,0.00007602,0.00007898,5350750.00000000
2022-02-24 16:00:00,0.00007894,0.00008103,0.00007631,0.00008077,3023700.00000000
2022-02-25 16:00:00,0.00008078,0.00008212,0.00007849,0.00007924,2305215.00000000
2022-02-26 16:00:00,0.00007924,0.00007924,0.00007622,0.00007694,3256540.00000000
2022-02-27 16:00:00,0.00007693,0.00007723,0.00007270,0.00007436,2814225.00000000
2022-02-28 16:00:00,0.00007432,0.00007665,0.00007177,0.00007578,3432499.00000000
2022-03-01 16:00:00,0.00007577,0.00007718,0.00007385,0.00007466,3127582.00000000
2022-03-02 16:00:00,0.00007468,0.00007497,0.00007227,0.00007403,1817649.00000000
2022-03-03 16:00:00,0.00007405,0.00007468,0.00007214,0.00007451,1959382.00000000
2022-03-04 16:00:00,0.00007452,0.00007719,0.00007381,0.00007635,1614512.00000000
2022-03-05 16:00:00,0.00007629,0.00007735,0.00007389,0.00007399,1946636.00000000
2022-03-06 16:00:00,0.00007400,0.00007508,0.00007275,0.00007300,2289669.00000000
2022-03-07 16:00:00,0.00007298,0.00007451,0.00007252,0.00007300,1485272.00000000
2022-03-08 16:00:00,0.00007301,0.00007357,0.00006953,0.00007062,2011911.00000000
2022-03-09 16:00:00,0.00007063,0.00007229,0.00006992,0.00007171,1899827.00000000
2022-03-10 16:00:00,0.00007173,0.00007237,0.00007089,0.00007165,1461392.00000000
2022-03-11 16:00:00,0.00007164,0.00007230,0.00007103,0.00007162,764586.00000000
2022-03-12 16:00:00,0.00007156,0.00007511,0.00007131,0.00007185,2392558.00000000
2022-03-13 17:00:00,0.00007183,0.00007196,0.00006901,0.00006931,1498309.00000000
2022-03-14 17:00:00,0.00006929,0.00007018,0.00006896,0.00006957,1276083.00000000
2022-03-15 17:00:00,0.00006958,0.00007928,0.00006765,0.00007928,7256236.00000000
2022-03-16 17:00:00,0.00007927,0.00008194,0.00007713,0.00007837,5660055.00000000
2022-03-17 17:00:00,0.00007837,0.00007844,0.00007498,0.00007688,3087831.00000000
2022-03-18 17:00:00,0.00007687,0.00007850,0.00007499,0.00007654,3593972.00000000
2022-03-19 17:00:00,0.00007654,0.00007669,0.00007433,0.00007482,2223653.00000000
2022-03-20 17:00:00,0.00007480,0.00007638,0.00007335,0.00007501,2420450.00000000
2022-03-21 17:00:00,0.00007502,0.00007517,0.00007324,0.00007361,2621088.00000000
2022-03-22 17:00:00,0.00007361,0.00007840,0.00007287,0.00007695,3980575.00000000
2022-03-23 17:00:00,0.00007696,0.00008208,0.00007686,0.00007894,3550103.00000000
2022-03-24 17:00:00,0.00007904,0.00007996,0.00007566,0.00007603,2187717.00000000
2022-03-25 17:00:00,0.00007602,0.00007666,0.00007500,0.00007632,734046.00000000
2022-03-26 17:00:00,0.00007627,0.00007739,0.00007449,0.00007635,1281680.00000000
2022-03-27 17:00:00,0.00007641,0.00007755,0.00007306,0.00007347,1922882.00000000
2022-03-28 17:00:00,0.00007344,0.00007624,0.00007267,0.00007396,2135614.00000000
2022-03-29 17:00:00,0.00007393,0.00007637,0.00006990,0.00007485,1853658.00000000
2022-03-30 17:00:00,0.00007490,0.00008172,0.00007348,0.00007446,3235066.00000000
2022-03-31 17:00:00,0.00007449,0.00007850,0.00007200,0.00007579,2732288.00000000
2022-04-01 17:00:00,0.00007578,0.00007962,0.00007484,0.00007542,2569426.00000000
2022-04-02 17:00:00,0.00007549,0.00007636,0.00007419,0.00007629,1462929.00000000
2022-04-03 17:00:00,0.00007630,0.00007752,0.00007331,0.00007442,1942778.00000000
2022-04-04 17:00:00,0.00007441,0.00007500,0.00007300,0.00007326,1337444.00000000
2022-04-05 17:00:00,0.00007330,0.00007331,0.00006823,0.00006854,2791909.00000000
2022-04-06 17:00:00,0.00006853,0.00007120,0.00006766,0.00007079,1543098.00000000
2022-04-07 17:00:00,0.00007079,0.00007145,0.00006801,0.00006864,1338683.00000000
2022-04-08 17:00:00,0.00006860,0.00007063,0.00006852,0.00007028,777232.00000000
2022-04-09 17:00:00,0.00007029,0.00007035,0.00006821,0.00006837,1097889.00000000
2022-04-10 17:00:00,0.00006836,0.00006866,0.00006572,0.00006767,1925006.00000000
2022-04-11 17:00:00,0.00006769,0.00006974,0.00006755,0.00006931,1837469.00000000
2022-04-12 17:00:00,0.00006934,0.00007069,0.00006882,0.00006971,1265868.00000000
2022-04-13 17:00:00,0.00006972,0.00007055,0.00006810,0.00006962,1211595.00000000
2022-04-14 17:00:00,0.00006963,0.00007028,0.00006864,0.00006915,688376.00000000
2022-04-15 17:00:00,0.00006915,0.00007191,0.00006907,0.00006980,886431.00000000
2022-04-16 17:00:00,0.00006981,0.00006991,0.00006698,0.00006750,854039.00000000
2022-04-17 17:00:00,0.00006753,0.00006841,0.00006577,0.00006726,1519791.00000000
2022-04-18 17:00:00,0.00006727,0.00007334,0.00006682,0.00007046,3922378.00000000
2022-04-19 17:00:00,0.00007046,0.00007486,0.00006818,0.00006919,3079631.00000000
2022-04-20 17:00:00,0.00006920,0.00006979,0.00006740,0.00006811,1776944.00000000
2022-04-21 17:00:00,0.00006814,0.00006966,0.00006805,0.00006912,1180875.00000000
2022-04-22 17:00:00,0.00006913,0.00006950,0.00006795,0.00006830,874842.00000000
2022-04-23 17:00:00,0.00006832,0.00007173,0.00006745,0.00007019,1260939.00000000
2022-04-24 17:00:00,0.00007021,0.00007033,0.00006672,0.00006720,2006168.00000000
2022-04-25 17:00:00,0.00006723,0.00006786,0.00006446,0.00006507,1452931.00000000
2022-04-26 17:00:00,0.00006502,0.00006617,0.00006415,0.00006448,1309646.00000000
2022-04-27 17:00:00,0.00006450,0.00006498,0.00006223,0.00006301,1382013.00000000
2022-04-28 17:00:00,0.00006302,0.00006329,0.00005833,0.00005968,2291146.00000000
2022-04-29 17:00:00,0.00005966,0.00006059,0.00004881,0.00005218,2750463.00000000
2022-04-30 17:00:00,0.00005223,0.00005725,0.00005133,0.00005573,4294059.00000000
2022-05-01 17:00:00,0.00005573,0.00005653,0.00005242,0.00005485,3009797.00000000
2022-05-02 17:00:00,0.00005486,0.00005999,0.00005425,0.00005651,3254124.00000000
2022-05-03 17:00:00,0.00005651,0.00006202,0.00005615,0.00006139,2751335.00000000
2022-05-04 17:00:00,0.00006142,0.00006190,0.00005651,0.00005813,2355687.00000000
2022-05-05 17:00:00,0.00005815,0.00005851,0.00005573,0.00005708,1637745.00000000
2022-05-06 17:00:00,0.00005707,0.00005740,0.00005383,0.00005477,1929823.00000000
2022-05-07 17:00:00,0.00005478,0.00005959,0.00005439,0.00005882,2402847.00000000
2022-05-08 17:00:00,0.00005883,0.00005971,0.00005397,0.00005634,2998850.00000000
2022-05-09 17:00:00,0.00005630,0.00005979,0.00005400,0.00005573,3664276.00000000
2022-05-10 17:00:00,0.00005573,0.00005740,0.00003562,0.00004532,8980812.00000000
2022-05-11 17:00:00,0.00004529,0.00004678,0.00003544,0.00003833,7745709.00000000
2022-05-12 17:00:00,0.00003834,0.00004982,0.00003833,0.00004344,8564417.00000000
2022-05-13 17:00:00,0.00004346,0.00005167,0.00004171,0.00004755,10170018.00000000
2022-05-14 17:00:00,0.00004760,0.00004825,0.00004413,0.00004655,4738836.00000000
2022-05-15 17:00:00,0.00004654,0.00004661,0.00004353,0.00004410,3278663.00000000
2022-05-16 17:00:00,0.00004410,0.00004571,0.00004356,0.00004503,3071317.00000000
2022-05-17 17:00:00,0.00004502,0.00004556,0.00004114,0.00004153,3991285.00000000
2022-05-18 17:00:00,0.00004154,0.00004474,0.00003971,0.00004280,5870780.00000000
2022-05-19 17:00:00,0.00004280,0.00004549,0.00004222,0.00004357,6788204.00000000
2022-05-20 17:00:00,0.00004356,0.00004545,0.00004292,0.00004498,3658589.00000000
2022-05-21 17:00:00,0.00004502,0.00004714,0.00004441,0.00004555,3870212.00000000
2022-05-22 17:00:00,0.00004550,0.00004828,0.00004396,0.00004457,5847067.00000000
2022-05-23 17:00:00,0.00004457,0.00004517,0.00004247,0.00004418,3725393.00000000
2022-05-24 17:00:00,0.00004417,0.00004776,0.00004204,0.00004699,5800649.00000000
2022-05-25 17:00:00,0.00004698,0.00005090,0.00004444,0.00004666,9749967.00000000
2022-05-26 17:00:00,0.00004665,0.00004720,0.00004378,0.00004506,5173275.00000000
2022-05-27 17:00:00,0.00004509,0.00004618,0.00004423,0.00004485,2862120.00000000
2022-05-28 17:00:00,0.00004485,0.00004506,0.00004349,0.00004450,1984470.00000000
2022-05-29 17:00:00,0.00004450,0.00004689,0.00004409,0.00004532,3170667.00000000
2022-05-30 17:00:00,0.00004533,0.00004820,0.00004400,0.00004565,4437364.00000000
2022-05-31 17:00:00,0.00004566,0.00004586,0.00004370,0.00004445,3160376.00000000
2022-06-01 17:00:00,0.00004446,0.00004501,0.00004365,0.00004492,2012313.00000000
2022-06-02 17:00:00,0.00004492,0.00004495,0.00004288,0.00004355,2252796.00000000
2022-06-03 17:00:00,0.00004357,0.00004399,0.00004248,0.00004339,1263381.00000000
2022-06-04 17:00:00,0.00004341,0.00004353,0.00004278,0.00004343,899485.00000000
2022-06-05 17:00:00,0.00004342,0.00004452,0.00004186,0.00004296,2568416.00000000
2022-06-06 17:00:00,0.00004297,0.00004373,0.00004154,0.00004215,3299007.00000000
2022-06-07 17:00:00,0.00004216,0.00004356,0.00004191,0.00004266,1922887.00000000
2022-06-08 17:00:00,0.00004268,0.00004329,0.00004256,0.00004282,1423261.00000000
2022-06-09 17:00:00,0.00004281,0.00004299,0.00004065,0.00004114,2508451.00000000
2022-06-10 17:00:00,0.00004115,0.00004142,0.00003722,0.00003785,3065887.00000000
2022-06-11 17:00:00,0.00003787,0.00003803,0.00003533,0.00003554,3872834.00000000
2022-06-12 17:00:00,0.00003555,0.00003812,0.00003323,0.00003812,8300952.00000000
2022-06-13 17:00:00,0.00003807,0.00004166,0.00003710,0.00003991,10956838.00000000
2022-06-14 17:00:00,0.00003992,0.00004293,0.00003862,0.00004257,6372617.00000000
2022-06-15 17:00:00,0.00004258,0.00004307,0.00004001,0.00004094,4301525.00000000
2022-06-16 17:00:00,0.00004093,0.00004213,0.00004066,0.00004193,3793407.00000000
2022-06-17 17:00:00,0.00004191,0.00004281,0.00004074,0.00004203,4719710.00000000
2022-06-18 17:00:00,0.00004204,0.00004270,0.00004100,0.00004154,4554673.00000000
2022-06-19 17:00:00,0.00004155,0.00004269,0.00004094,0.00004221,3748049.00000000
2022-06-20 17:00:00,0.00004219,0.00004464,0.00004174,0.00004405,3927422.00000000
2022-06-21 17:00:00,0.00004403,0.00004897,0.00004308,0.00004687,5292446.00000000
2022-06-22 17:00:00,0.00004689,0.00004980,0.00004687,0.00004802,3995991.00000000
2022-06-23 17:00:00,0.00004796,0.00005272,0.00004793,0.00005168,4454995.00000000
2022-06-24 17:00:00,0.00005171,0.00006275,0.00005091,0.00005946,7679809.00000000
2022-06-25 17:00:00,0.00005944,0.00006297,0.00005562,0.00005603,5711668.00000000
2022-06-26 17:00:00,0.00005597,0.00005897,0.00005555,0.00005722,3730793.00000000
2022-06-27 17:00:00,0.00005726,0.00005921,0.00005298,0.00005341,3226747.00000000
2022-06-28 17:00:00,0.00005339,0.00005411,0.00005133,0.00005273,2677062.00000000
2022-06-29 17:00:00,0.00005278,0.00005841,0.00005041,0.00005626,4834685.00000000
2022-06-30 17:00:00,0.00005633,0.00005861,0.00005489,0.00005544,5326991.00000000
2022-07-01 17:00:00,0.00005539,0.00005576,0.00005271,0.00005417,2069794.00000000
2022-07-02 17:00:00,0.00005416,0.00005445,0.00005308,0.00005408,1227566.00000000
2022-07-03 17:00:00,0.00005402,0.00006152,0.00005383,0.00005945,4294287.00000000
2022-07-04 17:00:00,0.00005946,0.00006049,0.00005712,0.00005872,3492583.00000000
2022-07-05 17:00:00,0.00005872,0.00006345,0.00005774,0.00006140,4225731.00000000
2022-07-06 17:00:00,0.00006142,0.00006395,0.00005890,0.00005923,3642911.00000000
2022-07-07 17:00:00,0.00005929,0.00005982,0.00005632,0.00005646,3454350.00000000
2022-07-08 17:00:00,0.00005652,0.00005780,0.00005645,0.00005679,1150052.00000000
2022-07-09 17:00:00,0.00005676,0.00005686,0.00005492,0.00005575,1551094.00000000
2022-07-10 17:00:00,0.00005578,0.00005651,0.00005366,0.00005489,1969066.00000000
2022-07-11 17:00:00,0.00005489,0.00005784,0.00005459,0.00005631,2768967.00000000
2022-07-12 17:00:00,0.00005628,0.00005823,0.00005516,0.00005779,3122843.00000000
2022-07-13 17:00:00,0.00005778,0.00005872,0.00005667,0.00005848,2505925.00000000
2022-07-14 17:00:00,0.00005852,0.00005919,0.00005649,0.00005789,3775147.00000000
2022-07-15 17:00:00,0.00005796,0.00006011,0.00005790,0.00005911,2164250.00000000
2022-07-16 17:00:00,0.00005911,0.00005923,0.00005618,0.00005679,2038652.00000000
2022-07-17 17:00:00,0.00005680,0.00006387,0.00005654,0.00006144,4690703.00000000
2022-07-18 17:00:00,0.00006143,0.00006676,0.00006031,0.00006075,5875486.00000000
2022-07-19 17:00:00,0.00006073,0.00006356,0.00005667,0.00005720,4778432.00000000
2022-07-20 17:00:00,0.00005712,0.00006048,0.00005624,0.00005967,2704794.00000000
2022-07-21 17:00:00,0.00005967,0.00006167,0.00005790,0.00005847,2123490.00000000
2022-07-22 17:00:00,0.00005849,0.00006019,0.00005788,0.00005990,2405569.00000000
2022-07-23 17:00:00,0.00005988,0.00006128,0.00005879,0.00005925,1565667.00000000
2022-07-24 17:00:00,0.00005927,0.00005943,0.00005630,0.00005640,2053225.00000000
2022-07-25 17:00:00,0.00005641,0.00005671,0.00005413,0.00005565,1536393.00000000
2022-07-26 17:00:00,0.00005567,0.00005752,0.00005476,0.00005724,2129835.00000000
2022-07-27 17:00:00,0.00005724,0.00005773,0.00005567,0.00005686,2767891.00000000
2022-07-28 17:00:00,0.00005692,0.00005840,0.00005488,0.00005584,3165844.00000000
2022-07-29 17:00:00,0.00005589,0.00005855,0.00005528,0.00005656,3036111.00000000
2022-07-30 17:00:00,0.00005656,0.00005776,0.00005564,0.00005613,2153613.00000000
2022-07-31 17:00:00,0.00005611,0.00005758,0.00005537,0.00005683,2304628.00000000
2022-08-01 17:00:00,0.00005684,0.00005776,0.00005458,0.00005522,2418842.00000000
2022-08-02 17:00:00,0.00005523,0.00005609,0.00005403,0.00005518,2023541.00000000
2022-08-03 17:00:00,0.00005520,0.00005868,0.00005514,0.00005731,2705890.00000000
2022-08-04 17:00:00,0.00005733,0.00005816,0.00005667,0.00005790,1718936.00000000
2022-08-05 17:00:00,0.00005791,0.00005904,0.00005695,0.00005748,1249594.00000000
2022-08-06 17:00:00,0.00005748,0.00005783,0.00005637,0.00005692,983373.00000000
2022-08-07 17:00:00,0.00005692,0.00005878,0.00005609,0.00005668,1772487.00000000
2022-08-08 17:00:00,0.00005667,0.00005794,0.00005506,0.00005584,2129261.00000000
2022-08-09 17:00:00,0.00005583,0.00005645,0.00005525,0.00005619,1911539.00000000
2022-08-10 17:00:00,0.00005618,0.00005678,0.00005404,0.00005531,2111228.00000000
2022-08-11 17:00:00,0.00005533,0.00005538,0.00005423,0.00005458,1240112.00000000
2022-08-12 17:00:00,0.00005460,0.00005604,0.00005400,0.00005424,1940899.00000000
2022-08-13 17:00:00,0.00005426,0.00005783,0.00005388,0.00005518,3817116.00000000
2022-08-14 17:00:00,0.00005518,0.00005644,0.00005361,0.00005437,3167197.00000000
2022-08-15 17:00:00,0.00005440,0.00005480,0.00005306,0.00005326,1737085.00000000
2022-08-16 17:00:00,0.00005326,0.00005415,0.00005167,0.00005216,2759979.00000000
2022-08-17 17:00:00,0.00005213,0.00005269,0.00004801,0.00004970,2838179.00000000
2022-08-18 17:00:00,0.00004970,0.00005045,0.00004790,0.00005013,2882092.00000000
2022-08-19 17:00:00,0.00005011,0.00005064,0.00004819,0.00004916,2193923.00000000
2022-08-20 17:00:00,0.00004914,0.00005013,0.00004884,0.00004980,1395617.00000000
2022-08-21 17:00:00,0.00004983,0.00004985,0.00004793,0.00004916,2585599.00000000
2022-08-22 17:00:00,0.00004915,0.00004989,0.00004854,0.00004957,1703870.00000000
2022-08-23 17:00:00,0.00004960,0.00004963,0.00004852,0.00004892,1517396.00000000
2022-08-24 17:00:00,0.00004889,0.00004933,0.00004798,0.00004867,1402288.00000000
2022-08-25 17:00:00,0.00004865,0.00004884,0.00004698,0.00004732,2812688.00000000
2022-08-26 17:00:00,0.00004732,0.00004841,0.00004680,0.00004820,1576590.00000000
2022-08-27 17:00:00,0.00004824,0.00004865,0.00004747,0.00004773,1508033.00000000
2022-08-28 17:00:00,0.00004769,0.00004880,0.00004680,0.00004868,1912265.00000000
2022-08-29 17:00:00,0.00004870,0.00004908,0.00004755,0.00004807,2878118.00000000
2022-08-30 17:00:00,0.00004807,0.00004839,0.00004688,0.00004701,2436547.00000000
2022-08-31 17:00:00,0.00004702,0.00004712,0.00004588,0.00004678,1909001.00000000
2022-09-01 17:00:00,0.00004679,0.00004721,0.00004616,0.00004661,1256977.00000000
2022-09-02 17:00:00,0.00004662,0.00004703,0.00004616,0.00004688,650561.00000000
2022-09-03 17:00:00,0.00004689,0.00004929,0.00004684,0.00004863,2045922.00000000
2022-09-04 17:00:00,0.00004865,0.00004963,0.00004754,0.00004835,3363763.00000000
2022-09-05 17:00:00,0.00004836,0.00004890,0.00004648,0.00004678,3853257.00000000
2022-09-06 17:00:00,0.00004679,0.00004727,0.00004587,0.00004679,2372622.00000000
2022-09-07 17:00:00,0.00004678,0.00004744,0.00004651,0.00004735,1725640.00000000
2022-09-08 17:00:00,0.00004736,0.00004791,0.00004517,0.00004584,2594476.00000000
2022-09-09 17:00:00,0.00004583,0.00004793,0.00004502,0.00004561,3719420.00000000
2022-09-10 17:00:00,0.00004561,0.00004605,0.00004433,0.00004465,2595367.00000000
2022-09-11 17:00:00,0.00004466,0.00004509,0.00004283,0.00004284,2447657.00000000
2022-09-12 17:00:00,0.00004287,0.00004438,0.00004192,0.00004361,3489193.00000000
2022-09-13 17:00:00,0.00004359,0.00004489,0.00004326,0.00004442,2225181.00000000
2022-09-14 17:00:00,0.00004442,0.00004442,0.00004317,0.00004353,2800428.00000000
2022-09-15 17:00:00,0.00004351,0.00004457,0.00004308,0.00004427,2032447.00000000
2022-09-16 17:00:00,0.00004428,0.00004549,0.00004404,0.00004528,1868277.00000000
2022-09-17 17:00:00,0.00004527,0.00004579,0.00004176,0.00004269,3801297.00000000
2022-09-18 17:00:00,0.00004269,0.00004481,0.00004248,0.00004387,3048816.00000000
2022-09-19 17:00:00,0.00004388,0.00004507,0.00004379,0.00004461,2539929.00000000
2022-09-20 17:00:00,0.00004459,0.00004535,0.00004323,0.00004412,3394332.00000000
2022-09-21 17:00:00,0.00004411,0.00004677,0.00004393,0.00004606,3026194.00000000
2022-09-22 17:00:00,0.00004607,0.00004971,0.00004558,0.00004782,3656471.00000000
2022-09-23 17:00:00,0.00004785,0.00004949,0.00004680,0.00004691,3063538.00000000
2022-09-24 17:00:00,0.00004690,0.00004731,0.00004553,0.00004591,2036887.00000000
2022-09-25 17:00:00,0.00004590,0.00004608,0.00004430,0.00004469,2493755.00000000
2022-09-26 17:00:00,0.00004469,0.00004500,0.00004316,0.00004427,3837087.00000000
2022-09-27 17:00:00,0.00004429,0.00004443,0.00004320,0.00004363,2558508.00000000
2022-09-28 17:00:00,0.00004363,0.00004406,0.00004293,0.00004353,2106755.00000000
2022-09-29 17:00:00,0.00004355,0.00004401,0.00004263,0.00004340,2513142.00000000
2022-09-30 17:00:00,0.00004341,0.00004363,0.00004305,0.00004329,937215.00000000
2022-10-01 17:00:00,0.00004329,0.00004342,0.00004265,0.00004265,1181808.00000000
2022-10-02 17:00:00,0.00004266,0.00004271,0.00004212,0.00004232,2128731.00000000
2022-10-03 17:00:00,0.00004234,0.00004264,0.00004172,0.00004184,2026871.00000000
2022-10-04 17:00:00,0.00004184,0.00004322,0.00004183,0.00004270,2705969.00000000
2022-10-05 17:00:00,0.00004271,0.00004317,0.00004209,0.00004214,2497680.00000000
2022-10-06 17:00:00,0.00004214,0.00004287,0.00004157,0.00004279,1458992.00000000
2022-10-07 17:00:00,0.00004280,0.00004313,0.00004255,0.00004271,647881.00000000
2022-10-08 17:00:00,0.00004269,0.00004302,0.00004256,0.00004297,610837.00000000
2022-10-09 17:00:00,0.00004300,0.00004314,0.00004202,0.00004212,685612.00000000
2022-10-10 17:00:00,0.00004209,0.00004225,0.00004061,0.00004088,2025492.00000000
2022-10-11 17:00:00,0.00004088,0.00004115,0.00004062,0.00004063,731326.00000000
2022-10-12 17:00:00,0.00004065,0.00004072,0.00003727,0.00003938,3044485.00000000
2022-10-13 17:00:00,0.00003937,0.00004018,0.00003896,0.00003924,1037554.00000000
2022-10-14 17:00:00,0.00003925,0.00004060,0.00003917,0.00003984,1070424.00000000
2022-10-15 17:00:00,0.00003984,0.00004077,0.00003975,0.00004038,425165.00000000
2022-10-16 17:00:00,0.00004035,0.00004068,0.00004006,0.00004047,729288.00000000
2022-10-17 17:00:00,0.00004048,0.00004103,0.00003934,0.00003993,1350877.00000000
2022-10-18 17:00:00,0.00003994,0.00004009,0.00003797,0.00003824,832266.00000000
2022-10-19 17:00:00,0.00003823,0.00003888,0.00003772,0.00003797,572673.00000000
2022-10-20 17:00:00,0.00003797,0.00003888,0.00003705,0.00003869,896252.00000000
2022-10-21 17:00:00,0.00003870,0.00003893,0.00003809,0.00003873,392414.00000000
2022-10-22 17:00:00,0.00003874,0.00003928,0.00003809,0.00003888,666211.00000000
2022-10-23 17:00:00,0.00003889,0.00003905,0.00003791,0.00003803,732770.00000000
2022-10-24 17:00:00,0.00003803,0.00003894,0.00003788,0.00003795,1186938.00000000
2022-10-25 17:00:00,0.00003793,0.00003835,0.00003715,0.00003745,987184.00000000
2022-10-26 17:00:00,0.00003745,0.00003965,0.00003739,0.00003803,1981680.00000000
2022-10-27 17:00:00,0.00003803,0.00003899,0.00003780,0.00003871,976569.00000000
2022-10-28 17:00:00,0.00003874,0.00004019,0.00003852,0.00003900,1731154.00000000
2022-10-29 17:00:00,0.00003900,0.00004559,0.00003869,0.00004173,5954946.00000000
2022-10-30 17:00:00,0.00004174,0.00004448,0.00004125,0.00004253,3132852.00000000
2022-10-31 17:00:00,0.00004252,0.00004469,0.00004198,0.00004200,2316409.00000000
2022-11-01 17:00:00,0.00004198,0.00004216,0.00003927,0.00004029,2302437.00000000
2022-11-02 17:00:00,0.00004025,0.00004169,0.00003980,0.00004010,2018510.00000000
2022-11-03 17:00:00,0.00004007,0.00004226,0.00003995,0.00004195,2380534.00000000
2022-11-04 17:00:00,0.00004198,0.00004615,0.00004193,0.00004292,5377824.00000000
2022-11-05 17:00:00,0.00004293,0.00004311,0.00003992,0.00004047,2052855.00000000
2022-11-06 16:00:00,0.00004049,0.00004150,0.00003960,0.00004085,2600791.00000000
2022-11-07 16:00:00,0.00004082,0.00004183,0.00003474,0.00003843,8211196.00000000
2022-11-08 16:00:00,0.00003845,0.00003871,0.00003511,0.00003558,7775518.00000000
2022-11-09 16:00:00,0.00003556,0.00003848,0.00003526,0.00003825,5142704.00000000
2022-11-10 16:00:00,0.00003824,0.00003857,0.00003630,0.00003728,3739374.00000000
2022-11-11 16:00:00,0.00003725,0.00003725,0.00003511,0.00003538,1547586.00000000
2022-11-12 16:00:00,0.00003538,0.00004106,0.00003458,0.00003621,7863205.00000000
2022-11-13 16:00:00,0.00003621,0.00003680,0.00003450,0.00003552,4282743.00000000
2022-11-14 16:00:00,0.00003552,0.00003638,0.00003500,0.00003564,2098033.00000000
2022-11-15 16:00:00,0.00003562,0.00003601,0.00003469,0.00003515,1550618.00000000
2022-11-16 16:00:00,0.00003516,0.00003533,0.00003424,0.00003474,1641101.00000000
2022-11-17 16:00:00,0.00003473,0.00003520,0.00003437,0.00003467,1023484.00000000
2022-11-18 16:00:00,0.00003466,0.00003732,0.00003415,0.00003577,2848766.00000000
2022-11-19 16:00:00,0.00003578,0.00003606,0.00003340,0.00003363,2123484.00000000
2022-11-20 16:00:00,0.00003361,0.00003467,0.00003262,0.00003385,2702058.00000000
2022-11-21 16:00:00,0.00003385,0.00003460,0.00003315,0.00003427,2146081.00000000
2022-11-22 16:00:00,0.00003426,0.00003468,0.00003388,0.00003442,1731818.00000000
2022-11-23 16:00:00,0.00003444,0.00003533,0.00003356,0.00003398,1883981.00000000
2022-11-24 16:00:00,0.00003397,0.00003419,0.00003322,0.00003416,1752085.00000000
2022-11-25 16:00:00,0.00003417,0.00003504,0.00003395,0.00003433,1821610.00000000
2022-11-26 16:00:00,0.00003430,0.00003583,0.00003419,0.00003458,1554899.00000000
2022-11-27 16:00:00,0.00003459,0.00003488,0.00003334,0.00003411,1479240.00000000
2022-11-28 16:00:00,0.00003410,0.00003465,0.00003383,0.00003418,2118431.00000000
2022-11-29 16:00:00,0.00003419,0.00003473,0.00003351,0.00003443,2254686.00000000
2022-11-30 16:00:00,0.00003442,0.00003473,0.00003383,0.00003411,1045482.00000000
2022-12-01 16:00:00,0.00003410,0.00003584,0.00003394,0.00003539,1947876.00000000
2022-12-02 16:00:00,0.00003538,0.00003547,0.00003393,0.00003417,2742728.00000000
2022-12-03 16:00:00,0.00003415,0.00003457,0.00003404,0.00003446,1417985.00000000
2022-12-04 16:00:00,0.00003446,0.00003719,0.00003422,0.00003633,4955182.00000000
2022-12-05 16:00:00,0.00003632,0.00003646,0.00003545,0.00003604,2438296.00000000
2022-12-06 16:00:00,0.00003601,0.00003656,0.00003351,0.00003459,2884336.00000000
2022-12-07 16:00:00,0.00003459,0.00003492,0.00003410,0.00003444,1509356.00000000
2022-12-08 16:00:00,0.00003444,0.00003451,0.00003367,0.00003385,1003479.00000000
2022-12-09 16:00:00,0.00003386,0.00003423,0.00003373,0.00003401,1616646.00000000
2022-12-10 16:00:00,0.00003400,0.00003414,0.00003272,0.00003304,912394.00000000
2022-12-11 16:00:00,0.00003303,0.00003322,0.00003204,0.00003249,1024776.00000000
2022-12-12 16:00:00,0.00003250,0.00003260,0.00003119,0.00003196,1577250.00000000
2022-12-13 16:00:00,0.00003197,0.00003268,0.00003060,0.00003115,1745661.00000000
2022-12-14 16:00:00,0.00003113,0.00003158,0.00003066,0.00003119,931875.00000000
2022-12-15 16:00:00,0.00003118,0.00003118,0.00002719,0.00002821,2103461.00000000
2022-12-16 16:00:00,0.00002820,0.00002876,0.00002813,0.00002861,880572.00000000
2022-12-17 16:00:00,0.00002863,0.00002867,0.00002784,0.00002818,618365.00000000
2022-12-18 16:00:00,0.00002819,0.00002843,0.00002570,0.00002622,1329449.00000000
2022-12-19 16:00:00,0.00002622,0.00002676,0.00002619,0.00002668,848085.00000000
2022-12-20 16:00:00,0.00002670,0.00002676,0.00002572,0.00002627,1079878.00000000
2022-12-21 16:00:00,0.00002625,0.00002681,0.00002546,0.00002652,1403597.00000000
2022-12-22 16:00:00,0.00002653,0.00002731,0.00002633,0.00002715,1208480.00000000
2022-12-23 16:00:00,0.00002715,0.00002717,0.00002645,0.00002667,737760.00000000
2022-12-24 16:00:00,0.00002666,0.00002675,0.00002592,0.00002628,745034.00000000
2022-12-25 16:00:00,0.00002627,0.00002644,0.00002595,0.00002626,777768.00000000
2022-12-26 16:00:00,0.00002628,0.00002661,0.00002603,0.00002626,1018730.00000000
2022-12-27 16:00:00,0.00002627,0.00002630,0.00002458,0.00002488,1489264.00000000
2022-12-28 16:00:00,0.00002489,0.00002497,0.00002360,0.00002411,1690712.00000000
2022-12-29 16:00:00,0.00002412,0.00002420,0.00002308,0.00002330,1850643.00000000
2022-12-30 16:00:00,0.00002331,0.00002365,0.00002292,0.00002314,1135872.00000000
2022-12-31 16:00:00,0.00002315,0.00002345,0.00002273,0.00002339,1304014.00000000
2023-01-01 16:00:00,0.00002339,0.00002470,0.00002292,0.00002457,2110799.00000000
2023-01-02 16:00:00,0.00002456,0.00002515,0.00002416,0.00002506,1756258.00000000
2023-01-03 16:00:00,0.00002505,0.00002621,0.00002485,0.00002567,2933896.00000000
2023-01-04 16:00:00,0.00002567,0.00002638,0.00002506,0.00002529,1655487.00000000
2023-01-05 16:00:00,0.00002527,0.00002559,0.00002430,0.00002547,1521409.00000000
2023-01-06 16:00:00,0.00002547,0.00002797,0.00002542,0.00002680,4771250.00000000
2023-01-07 16:00:00,0.00002681,0.00003043,0.00002619,0.00002886,6488873.00000000
2023-01-08 16:00:00,0.00002888,0.00003254,0.00002848,0.00002994,6881721.00000000
2023-01-09 16:00:00,0.00002995,0.00003086,0.00002919,0.00002976,2843266.00000000
2023-01-10 16:00:00,0.00002975,0.00002977,0.00002811,0.00002918,2249054.00000000
2023-01-11 16:00:00,0.00002915,0.00003039,0.00002732,0.00002837,3002076.00000000
2023-01-12 16:00:00,0.00002836,0.00003243,0.00002803,0.00003145,6204973.00000000
2023-01-13 16:00:00,0.00003144,0.00003402,0.00002966,0.00003170,9377449.00000000
2023-01-14 16:00:00,0.00003171,0.00003621,0.00003001,0.00003460,6787226.00000000
2023-01-15 16:00:00,0.00003456,0.00003463,0.00003223,0.00003305,5994899.00000000
2023-01-16 16:00:00,0.00003308,0.00003585,0.00003254,0.00003308,3878215.00000000
2023-01-17 16:00:00,0.00003309,0.00003553,0.00003232,0.00003317,6688103.00000000
2023-01-18 16:00:00,0.00003317,0.00003471,0.00003264,0.00003344,2602026.00000000
2023-01-19 16:00:00,0.00003343,0.00003461,0.00003245,0.00003394,2850156.00000000
2023-01-20 16:00:00,0.00003392,0.00003707,0.00003326,0.00003458,5842128.00000000
2023-01-21 16:00:00,0.00003460,0.00003710,0.00003431,0.00003559,3583077.00000000
2023-01-22 16:00:00,0.00003557,0.00003662,0.00003440,0.00003463,2809206.00000000
2023-01-23 16:00:00,0.00003463,0.00003494,0.00003130,0.00003222,2310159.00000000
2023-01-24 16:00:00,0.00003219,0.00003340,0.00003153,0.00003274,2593777.00000000
2023-01-25 16:00:00,0.00003273,0.00003303,0.00003137,0.00003218,1830236.00000000
2023-01-26 16:00:00,0.00003217,0.00003247,0.00003110,0.00003221,1608846.00000000
2023-01-27 16:00:00,0.00003220,0.00003364,0.00003158,0.00003193,3571074.00000000
2023-01-28 16:00:00,0.00003195,0.00003389,0.00003156,0.00003376,4615620.00000000
2023-01-29 16:00:00,0.00003374,0.00003397,0.00003075,0.00003163,2880067.00000000
2023-01-30 16:00:00,0.00003162,0.00003190,0.00003121,0.00003159,1726469.00000000
2023-01-31 16:00:00,0.00003156,0.00003257,0.00002984,0.00003221,3726852.00000000
2023-02-01 16:00:00,0.00003223,0.00003317,0.00003141,0.00003181,2847010.00000000
2023-02-02 16:00:00,0.00003180,0.00003280,0.00003154,0.00003266,2210203.00000000
2023-02-03 16:00:00,0.00003268,0.00003450,0.00003216,0.00003318,2480947.00000000
2023-02-04 16:00:00,0.00003319,0.00003340,0.00003108,0.00003194,2886934.00000000
2023-02-05 16:00:00,0.00003194,0.00003234,0.00003088,0.00003109,2892851.00000000
2023-02-06 16:00:00,0.00003108,0.00004010,0.00003091,0.00003919,7183007.00000000
2023-02-07 16:00:00,0.00003921,0.00004047,0.00003579,0.00003716,9730472.00000000
2023-02-08 16:00:00,0.00003716,0.00003727,0.00003259,0.00003349,6437062.00000000
2023-02-09 16:00:00,0.00003350,0.00003475,0.00003266,0.00003383,4810407.00000000
2023-02-10 16:00:00,0.00003382,0.00003465,0.00003343,0.00003414,2833302.00000000
2023-02-11 16:00:00,0.00003413,0.00003413,0.00003162,0.00003228,4232212.00000000
2023-02-12 16:00:00,0.00003227,0.00003240,0.00003040,0.00003155,4903061.00000000
2023-02-13 16:00:00,0.00003153,0.00003265,0.00003054,0.00003209,3948802.00000000
2023-02-14 16:00:00,0.00003210,0.00003218,0.00003088,0.00003134,4414910.00000000
2023-02-15 16:00:00,0.00003136,0.00003282,0.00002988,0.00003065,7817994.00000000
2023-02-16 16:00:00,0.00003062,0.00003206,0.00003059,0.00003100,4028797.00000000
2023-02-17 16:00:00,0.00003099,0.00003201,0.00003067,0.00003096,2490197.00000000
2023-02-18 16:00:00,0.00003097,0.00003363,0.00003088,0.00003219,5585538.00000000
2023-02-19 16:00:00,0.00003219,0.00003597,0.00003136,0.00003351,8866977.00000000
2023-02-20 16:00:00,0.00003350,0.00003407,0.00003160,0.00003200,4821189.00000000
2023-02-21 16:00:00,0.00003200,0.00003219,0.00003087,0.00003174,4416345.00000000
2023-02-22 16:00:00,0.00003172,0.00003210,0.00003130,0.00003189,2904418.00000000
2023-02-23 16:00:00,0.00003191,0.00003198,0.00003050,0.00003118,3597078.00000000
2023-02-24 16:00:00,0.00003116,0.00003125,0.00002938,0.00003060,3689596.00000000
2023-02-25 16:00:00,0.00003058,0.00003089,0.00003039,0.00003053,1269972.00000000
2023-02-26 16:00:00,0.00003053,0.00003080,0.00002987,0.00003031,2197869.00000000
2023-02-27 16:00:00,0.00003031,0.00003055,0.00002930,0.00002956,2119600.00000000
2023-02-28 16:00:00,0.00002955,0.00002993,0.00002931,0.00002985,1883782.00000000
2023-03-01 16:00:00,0.00002985,0.00002992,0.00002888,0.00002938,2021130.00000000
2023-03-02 16:00:00,0.00002938,0.00002939,0.00002712,0.00002869,5466542.00000000
2023-03-03 16:00:00,0.00002870,0.00002940,0.00002714,0.00002786,2845403.00000000
2023-03-04 16:00:00,0.00002786,0.00002831,0.00002730,0.00002741,2489814.00000000
2023-03-05 16:00:00,0.00002740,0.00002846,0.00002682,0.00002806,4644461.00000000
2023-03-06 16:00:00,0.00002808,0.00002831,0.00002687,0.00002745,3893693.00000000
2023-03-07 16:00:00,0.00002745,0.00002750,0.00002565,0.00002621,3510736.00000000
2023-03-08 16:00:00,0.00002621,0.00002708,0.00002579,0.00002623,3874388.00000000
2023-03-09 16:00:00,0.00002622,0.00002680,0.00002557,0.00002666,4722261.00000000
2023-03-10 16:00:00,0.00002665,0.00002683,0.00002541,0.00002580,3552419.00000000
2023-03-11 16:00:00,0.00002580,0.00002688,0.00002526,0.00002666,3173568.00000000
2023-03-12 17:00:00,0.00002667,0.00002763,0.00002521,0.00002562,4817697.00000000
2023-03-13 17:00:00,0.00002562,0.00002612,0.00002446,0.00002608,5880224.00000000
2023-03-14 17:00:00,0.00002606,0.00002624,0.00002361,0.00002409,7818852.00000000
2023-03-15 17:00:00,0.00002410,0.00002435,0.00002358,0.00002392,3829038.00000000
2023-03-16 17:00:00,0.00002392,0.00002500,0.00002311,0.00002477,5407949.00000000
2023-03-17 17:00:00,0.00002476,0.00002672,0.00002467,0.00002481,8949142.00000000
2023-03-18 17:00:00,0.00002482,0.00002596,0.00002433,0.00002444,5428796.00000000
2023-03-19 17:00:00,0.00002445,0.00002570,0.00002327,0.00002375,7571541.00000000
2023-03-20 17:00:00,0.00002375,0.00002423,0.00002279,0.00002393,5943602.00000000
2023-03-21 17:00:00,0.00002393,0.00002403,0.00002272,0.00002329,7586726.00000000
2023-03-22 17:00:00,0.00002329,0.00002364,0.00002308,0.00002335,4922272.00000000
2023-03-23 17:00:00,0.00002335,0.00002341,0.00002239,0.00002297,3471855.00000000
2023-03-24 17:00:00,0.00002296,0.00002337,0.00002255,0.00002267,3084165.00000000
2023-03-25 17:00:00,0.00002266,0.00002287,0.00002251,0.00002261,1676206.00000000
2023-03-26 17:00:00,0.00002262,0.00002269,0.00002149,0.00002195,4274284.00000000
2023-03-27 17:00:00,0.00002193,0.00002257,0.00002181,0.00002250,3279681.00000000
2023-03-28 17:00:00,0.00002251,0.00002292,0.00002225,0.00002253,3178983.00000000
2023-03-29 17:00:00,0.00002254,0.00002256,0.00002157,0.00002203,3060533.00000000
2023-03-30 17:00:00,0.00002204,0.00002212,0.00002183,0.00002203,2040367.00000000
2023-03-31 17:00:00,0.00002204,0.00002234,0.00002180,0.00002231,2102948.00000000
2023-04-01 17:00:00,0.00002233,0.00002271,0.00002173,0.00002186,3392696.00000000
2023-04-02 17:00:00,0.00002184,0.00002246,0.00002164,0.00002236,4372695.00000000
2023-04-03 17:00:00,0.00002236,0.00002269,0.00002200,0.00002252,2599163.00000000
2023-04-04 17:00:00,0.00002254,0.00002343,0.00002237,0.00002336,2217819.00000000
2023-04-05 17:00:00,0.00002334,0.00002391,0.00002257,0.00002277,2324256.00000000
2023-04-06 17:00:00,0.00002276,0.00002369,0.00002255,0.00002341,4750775.00000000
2023-04-07 17:00:00,0.00002344,0.00002344,0.00002270,0.00002274,1822361.00000000
2023-04-08 17:00:00,0.00002274,0.00002284,0.00002229,0.00002258,1931429.00000000
2023-04-09 17:00:00,0.00002257,0.00002265,0.00002196,0.00002202,2115054.00000000
2023-04-10 17:00:00,0.00002204,0.00002206,0.00002141,0.00002148,2618864.00000000
2023-04-11 17:00:00,0.00002148,0.00002239,0.00002072,0.00002204,4829514.00000000
2023-04-12 17:00:00,0.00002205,0.00002206,0.00002133,0.00002189,2653124.00000000
2023-04-13 17:00:00,0.00002189,0.00002281,0.00002168,0.00002262,4940649.00000000
2023-04-14 17:00:00,0.00002263,0.00002307,0.00002241,0.00002257,2812363.00000000
2023-04-15 17:00:00,0.00002257,0.00002295,0.00002221,0.00002281,3517343.00000000
2023-04-16 17:00:00,0.00002281,0.00002400,0.00002251,0.00002373,6235012.00000000
2023-04-17 17:00:00,0.00002374,0.00002398,0.00002285,0.00002312,5341157.00000000
2023-04-18 17:00:00,0.00002312,0.00002322,0.00002133,0.00002207,7175768.00000000
2023-04-19 17:00:00,0.00002207,0.00002231,0.00002128,0.00002176,3711611.00000000
2023-04-20 17:00:00,0.00002176,0.00002197,0.00002128,0.00002156,3464450.00000000
2023-04-21 17:00:00,0.00002156,0.00002178,0.00002143,0.00002161,2112367.00000000
2023-04-22 17:00:00,0.00002161,0.00002180,0.00002082,0.00002124,2541218.00000000
2023-04-23 17:00:00,0.00002126,0.00002167,0.00002110,0.00002130,2367970.00000000
2023-04-24 17:00:00,0.00002129,0.00002129,0.00002071,0.00002109,2810617.00000000
2023-04-25 17:00:00,0.00002108,0.00002108,0.00001983,0.00002022,5154047.00000000
2023-04-26 17:00:00,0.00002021,0.00002024,0.00001980,0.00001995,2817743.00000000
2023-04-27 17:00:00,0.00001995,0.00002022,0.00001974,0.00001998,2096117.00000000
2023-04-28 17:00:00,0.00001999,0.00002033,0.00001992,0.00002020,1448842.00000000
2023-04-29 17:00:00,0.00002021,0.00002021,0.00001958,0.00001971,1846317.00000000
2023-04-30 17:00:00,0.00001972,0.00002003,0.00001966,0.00001992,2237159.00000000
2023-05-01 17:00:00,0.00001991,0.00001994,0.00001964,0.00001985,1819066.00000000
2023-05-02 17:00:00,0.00001985,0.00002016,0.00001932,0.00001998,2590302.00000000
2023-05-03 17:00:00,0.00001999,0.00002004,0.00001949,0.00001963,1942638.00000000
2023-05-04 17:00:00,0.00001962,0.00001963,0.00001933,0.00001950,1599421.00000000
2023-05-05 17:00:00,0.00001950,0.00001953,0.00001889,0.00001901,2475941.00000000
2023-05-06 17:00:00,0.00001900,0.00001914,0.00001884,0.00001912,1489914.00000000
2023-05-07 17:00:00,0.00001911,0.00001911,0.00001794,0.00001836,3939587.00000000
2023-05-08 17:00:00,0.00001835,0.00001856,0.00001820,0.00001838,2599870.00000000
2023-05-09 17:00:00,0.00001838,0.00001889,0.00001812,0.00001869,3477130.00000000
2023-05-10 17:00:00,0.00001870,0.00001870,0.00001799,0.00001837,3809643.00000000
2023-05-11 17:00:00,0.00001836,0.00001894,0.00001812,0.00001891,3279774.00000000
2023-05-12 17:00:00,0.00001890,0.00001897,0.00001860,0.00001866,1208704.00000000
2023-05-13 17:00:00,0.00001867,0.00001878,0.00001850,0.00001868,1549174.00000000
2023-05-14 17:00:00,0.00001869,0.00001876,0.00001837,0.00001846,1981888.00000000
2023-05-15 17:00:00,0.00001847,0.00001915,0.00001833,0.00001914,2704356.00000000
2023-05-16 17:00:00,0.00001914,0.00002003,0.00001912,0.00001944,8952088.00000000
2023-05-17 17:00:00,0.00001944,0.00002006,0.00001933,0.00001980,2876422.00000000
2023-05-18 17:00:00,0.00001981,0.00002014,0.00001956,0.00001986,2840559.00000000
2023-05-19 17:00:00,0.00001986,0.00001987,0.00001946,0.00001947,1846183.00000000
2023-05-20 17:00:00,0.00001948,0.00001949,0.00001905,0.00001920,1281316.00000000
2023-05-21 17:00:00,0.00001920,0.00001933,0.00001886,0.00001899,2075093.00000000
2023-05-22 17:00:00,0.00001901,0.00001923,0.00001869,0.00001878,1904925.00000000
2023-05-23 17:00:00,0.00001878,0.00001898,0.00001821,0.00001878,3430119.00000000
2023-05-24 17:00:00,0.00001878,0.00002000,0.00001851,0.00001911,7961527.00000000
2023-05-25 17:00:00,0.00001913,0.00001941,0.00001879,0.00001918,2807311.00000000
2023-05-26 17:00:00,0.00001918,0.00001969,0.00001911,0.00001955,2542302.00000000
2023-05-27 17:00:00,0.00001954,0.00002119,0.00001918,0.00001979,5898318.00000000
2023-05-28 17:00:00,0.00001979,0.00001986,0.00001944,0.00001977,2144565.00000000
2023-05-29 17:00:00,0.00001977,0.00002019,0.00001973,0.00001998,2694415.00000000
2023-05-30 17:00:00,0.00001997,0.00002020,0.00001943,0.00001956,2703352.00000000
2023-05-31 17:00:00,0.00001955,0.00002115,0.00001945,0.00002063,5604088.00000000
2023-06-01 17:00:00,0.00002064,0.00002109,0.00002046,0.00002106,3278585.00000000
2023-06-02 17:00:00,0.00002107,0.00002144,0.00002070,0.00002113,2718236.00000000
2023-06-03 17:00:00,0.00002113,0.00002232,0.00002087,0.00002183,3951159.00000000
2023-06-04 17:00:00,0.00002184,0.00002298,0.00001986,0.00002031,11063164.00000000
2023-06-05 17:00:00,0.00002031,0.00002048,0.00001942,0.00001948,4981277.00000000
2023-06-06 17:00:00,0.00001948,0.00001948,0.00001845,0.00001865,4284595.00000000
2023-06-07 17:00:00,0.00001864,0.00001868,0.00001814,0.00001824,3175877.00000000
2023-06-08 17:00:00,0.00001824,0.00001828,0.00001751,0.00001768,2530404.00000000
2023-06-09 17:00:00,0.00001768,0.00001768,0.00001282,0.00001487,11859704.00000000
2023-06-10 17:00:00,0.00001488,0.00001512,0.00001459,0.00001483,3876895.00000000
2023-06-11 17:00:00,0.00001482,0.00001499,0.00001450,0.00001492,3706292.00000000
2023-06-12 17:00:00,0.00001493,0.00001527,0.00001476,0.00001489,3185583.00000000
2023-06-13 17:00:00,0.00001488,0.00001521,0.00001456,0.00001472,4088223.00000000
2023-06-14 17:00:00,0.00001471,0.00001497,0.00001449,0.00001470,2299199.00000000
2023-06-15 17:00:00,0.00001470,0.00001482,0.00001438,0.00001447,1570467.00000000
2023-06-16 17:00:00,0.00001447,0.00001482,0.00001439,0.00001461,2177154.00000000
2023-06-17 17:00:00,0.00001461,0.00001482,0.00001449,0.00001460,1363316.00000000
2023-06-18 17:00:00,0.00001459,0.00001462,0.00001432,0.00001445,1186453.00000000
2023-06-19 17:00:00,0.00001445,0.00001449,0.00001397,0.00001419,1510640.00000000
2023-06-20 17:00:00,0.00001419,0.00001440,0.00001367,0.00001406,2852785.00000000
2023-06-21 17:00:00,0.00001407,0.00001455,0.00001382,0.00001392,3769551.00000000
2023-06-22 17:00:00,0.00001392,0.00001444,0.00001386,0.00001423,3073434.00000000
2023-06-23 17:00:00,0.00001423,0.00001487,0.00001395,0.00001449,6228183.00000000
2023-06-24 17:00:00,0.00001450,0.00001474,0.00001433,0.00001446,3268366.00000000
2023-06-25 17:00:00,0.00001446,0.00001447,0.00001388,0.00001402,2903452.00000000
2023-06-26 17:00:00,0.00001403,0.00001418,0.00001387,0.00001393,1851979.00000000
2023-06-27 17:00:00,0.00001393,0.00001393,0.00001278,0.00001322,2763705.00000000
2023-06-28 17:00:00,0.00001323,0.00001347,0.00001319,0.00001333,1370260.00000000
2023-06-29 17:00:00,0.00001334,0.00001382,0.00001299,0.00001375,4114780.00000000
2023-06-30 17:00:00,0.00001375,0.00001518,0.00001367,0.00001516,6025595.00000000
2023-07-01 17:00:00,0.00001516,0.00001525,0.00001434,0.00001460,3828554.00000000
2023-07-02 17:00:00,0.00001461,0.00001466,0.00001426,0.00001446,2042240.00000000
2023-07-03 17:00:00,0.00001445,0.00001498,0.00001418,0.00001426,2603624.00000000
2023-07-04 17:00:00,0.00001427,0.00001451,0.00001378,0.00001397,1825744.00000000
2023-07-05 17:00:00,0.00001397,0.00001414,0.00001369,0.00001374,1700748.00000000
2023-07-06 17:00:00,0.00001375,0.00001386,0.00001367,0.00001381,968793.00000000
2023-07-07 17:00:00,0.00001381,0.00001393,0.00001356,0.00001372,842812.00000000
2023-07-08 17:00:00,0.00001372,0.00001382,0.00001365,0.00001367,644200.00000000
2023-07-09 17:00:00,0.00001368,0.00001382,0.00001330,0.00001372,1424237.00000000
2023-07-10 17:00:00,0.00001373,0.00001396,0.00001355,0.00001385,1001523.00000000
2023-07-11 17:00:00,0.00001385,0.00001403,0.00001381,0.00001393,1286847.00000000
2023-07-12 17:00:00,0.00001393,0.00001535,0.00001377,0.00001526,4591159.00000000
2023-07-13 17:00:00,0.00001527,0.00001546,0.00001436,0.00001487,5552456.00000000
2023-07-14 17:00:00,0.00001486,0.00001519,0.00001464,0.00001496,2158131.00000000
2023-07-15 17:00:00,0.00001497,0.00001511,0.00001452,0.00001460,1967435.00000000
2023-07-16 17:00:00,0.00001459,0.00001505,0.00001449,0.00001498,2440297.00000000
2023-07-17 17:00:00,0.00001499,0.00001516,0.00001456,0.00001478,1863483.00000000
2023-07-18 17:00:00,0.00001478,0.00001497,0.00001462,0.00001475,1635151.00000000
2023-07-19 17:00:00,0.00001476,0.00001516,0.00001464,0.00001480,2212525.00000000
2023-07-20 17:00:00,0.00001480,0.00001501,0.00001470,0.00001496,1164536.00000000
2023-07-21 17:00:00,0.00001497,0.00001515,0.00001475,0.00001485,1300468.00000000
2023-07-22 17:00:00,0.00001485,0.00001528,0.00001480,0.00001516,1563798.00000000
2023-07-23 17:00:00,0.00001517,0.00001527,0.00001452,0.00001476,2132236.00000000
2023-07-24 17:00:00,0.00001476,0.00001479,0.00001452,0.00001467,1178051.00000000
2023-07-25 17:00:00,0.00001467,0.00001469,0.00001439,0.00001465,1400983.00000000
2023-07-26 17:00:00,0.00001464,0.00001475,0.00001445,0.00001459,1315053.00000000
2023-07-27 17:00:00,0.00001459,0.00001473,0.00001454,0.00001471,517977.00000000
2023-07-28 17:00:00,0.00001471,0.00001500,0.00001467,0.00001495,663447.00000000
2023-07-29 17:00:00,0.00001495,0.00001495,0.00001445,0.00001472,1093226.00000000
2023-07-30 17:00:00,0.00001471,0.00001474,0.00001434,0.00001447,1182549.00000000
2023-07-31 17:00:00,0.00001447,0.00001462,0.00001427,0.00001433,1652901.00000000
2023-08-01 17:00:00,0.00001434,0.00001434,0.00001409,0.00001414,1080257.00000000
2023-08-02 17:00:00,0.00001413,0.00001421,0.00001379,0.00001386,1172166.00000000
2023-08-03 17:00:00,0.00001387,0.00001389,0.00001363,0.00001371,832498.00000000
2023-08-04 17:00:00,0.00001371,0.00001398,0.00001358,0.00001391,823075.00000000
2023-08-05 17:00:00,0.00001392,0.00001416,0.00001386,0.00001392,1600985.00000000
2023-08-06 17:00:00,0.00001392,0.00001408,0.00001361,0.00001384,1340536.00000000
2023-08-07 17:00:00,0.00001382,0.00001390,0.00001367,0.00001370,612014.00000000
2023-08-08 17:00:00,0.00001370,0.00001385,0.00001359,0.00001376,561723.00000000
2023-08-09 17:00:00,0.00001377,0.00001380,0.00001363,0.00001367,648440.00000000
2023-08-10 17:00:00,0.00001367,0.00001380,0.00001356,0.00001360,598374.00000000
2023-08-11 17:00:00,0.00001361,0.00001369,0.00001359,0.00001367,289253.00000000
2023-08-12 17:00:00,0.00001368,0.00001368,0.00001333,0.00001341,875782.00000000
2023-08-13 17:00:00,0.00001340,0.00001358,0.00001323,0.00001335,1332184.00000000
2023-08-14 17:00:00,0.00001336,0.00001337,0.00001234,0.00001274,1534964.00000000
2023-08-15 17:00:00,0.00001273,0.00001293,0.00001203,0.00001241,2460907.00000000
2023-08-16 17:00:00,0.00001241,0.00001263,0.00001139,0.00001221,1940317.00000000
2023-08-17 17:00:00,0.00001221,0.00001265,0.00001211,0.00001258,1514660.00000000
2023-08-18 17:00:00,0.00001258,0.00001291,0.00001256,0.00001288,626553.00000000
2023-08-19 17:00:00,0.00001289,0.00001296,0.00001272,0.00001279,406872.00000000
2023-08-20 17:00:00,0.00001279,0.00001283,0.00001227,0.00001245,867602.00000000
2023-08-21 17:00:00,0.00001246,0.00001256,0.00001212,0.00001246,562960.00000000
2023-08-22 17:00:00,0.00001245,0.00001257,0.00001241,0.00001248,597626.00000000
2023-08-23 17:00:00,0.00001249,0.00001252,0.00001229,0.00001236,477115.00000000
2023-08-24 17:00:00,0.00001237,0.00001240,0.00001220,0.00001239,614478.00000000
2023-08-25 17:00:00,0.00001240,0.00001246,0.00001231,0.00001238,259797.00000000
2023-08-26 17:00:00,0.00001238,0.00001245,0.00001229,0.00001241,141977.00000000
2023-08-27 17:00:00,0.00001241,0.00001241,0.00001209,0.00001237,654036.00000000
2023-08-28 17:00:00,0.00001239,0.00001239,0.00001190,0.00001211,1467482.00000000
2023-08-29 17:00:00,0.00001211,0.00001213,0.00001181,0.00001184,738584.00000000
2023-08-30 17:00:00,0.00001183,0.00001197,0.00001169,0.00001195,1121208.00000000
2023-08-31 17:00:00,0.00001196,0.00001197,0.00001171,0.00001181,655243.00000000
2023-09-01 17:00:00,0.00001179,0.00001187,0.00001171,0.00001177,557537.00000000
2023-09-02 17:00:00,0.00001176,0.00001182,0.00001163,0.00001171,514298.00000000
