2021-04-06 17:00:00,1488.80,60541.00,1488.80,44550.00,2010405.00000000
2021-04-07 17:00:00,44676.47,47898.33,34049.00,35500.00,1249029.00000000
2021-04-08 17:00:00,35500.00,39645.00,31250.01,33673.46,704886.00000000
2021-04-09 17:00:00,33869.98,40998.00,33418.36,34900.00,845153.00000000
2021-04-10 17:00:00,34900.00,35555.00,32583.67,34297.00,282353.00000000
2021-04-11 17:00:00,34297.00,39258.00,33163.26,35907.49,625012.00000000
2021-04-12 17:00:00,35907.51,36700.00,30100.00,31874.96,684601.00000000
2021-04-13 17:00:00,31874.96,32870.86,29360.00,30500.00,601623.00000000
2021-04-14 17:00:00,30500.00,32885.94,29900.00,30190.01,952757.00000000
2021-04-15 17:00:00,30190.02,30445.72,25172.75,26215.00,1168026.00000000
2021-04-16 17:00:00,26215.00,31500.00,25525.00,30910.24,1464462.00000000
2021-04-17 17:00:00,30910.24,54567.04,29500.00,45500.00,1865283.00000000
2021-04-18 17:00:00,45719.38,58662.56,42020.00,43156.03,2012029.00000000
2021-04-19 17:00:00,43156.03,49998.00,36400.00,37017.00,1789790.00000000
2021-04-20 17:00:00,37017.00,44598.00,36200.00,36730.78,1911497.00000000
2021-04-21 17:00:00,36730.79,43200.00,33050.00,33425.04,1622202.00000000
2021-04-22 17:00:00,33096.00,35000.00,27500.00,33793.10,1206267.00000000
2021-04-23 17:00:00,33725.01,37075.00,30899.00,33777.76,1017232.00000000
2021-04-24 17:00:00,33777.77,38978.27,32800.00,35000.00,800730.00000000
2021-04-25 17:00:00,35000.00,38500.00,33000.00,36999.00,1490430.00000000
2021-04-26 17:00:00,36642.85,43000.00,33069.00,40500.00,1410173.00000000
2021-04-27 17:00:00,40500.00,46800.00,35300.00,41495.27,1301566.00000000
2021-04-28 17:00:00,41495.27,45999.00,39525.06,43600.00,1344892.00000000
2021-04-29 17:00:00,43731.23,52300.00,43500.00,51499.99,2686796.00000000
2021-04-30 17:00:00,51500.29,51888.00,46125.00,46753.00,1225217.00000000
2021-05-01 17:00:00,46955.03,67539.71,43001.10,65136.00,2944203.00000000
2021-05-02 17:00:00,65100.00,72380.20,59400.41,62580.64,2490339.00000000
2021-05-03 17:00:00,62600.00,63600.23,54000.00,54324.32,1571953.00000000
2021-05-04 17:00:00,54324.33,64200.00,54000.00,59341.44,1113499.00000000
2021-05-05 17:00:00,59340.00,61500.00,53377.04,54109.04,925556.00000000
2021-05-06 17:00:00,54109.04,56721.27,50170.00,52000.00,681711.00000000
2021-05-07 17:00:00,51694.91,60064.04,51039.00,54820.83,663510.00000000
2021-05-08 17:00:00,54820.71,54990.83,50300.00,52126.01,722678.00000000
2021-05-09 17:00:00,52128.03,56535.00,47346.00,49163.22,1031436.00000000
2021-05-10 17:00:00,49163.22,56500.00,47000.00,54725.10,1061094.00000000
2021-05-11 17:00:00,54725.10,55407.00,47503.00,47503.00,1270328.00000000
2021-05-12 17:00:00,47511.00,50530.00,43510.00,45497.98,1029839.00000000
2021-05-13 17:00:00,45257.27,49144.86,44230.76,46499.99,542355.00000000
2021-05-14 17:00:00,46499.97,47000.00,42550.00,42600.00,448246.00000000
2021-05-15 17:00:00,42693.01,47800.01,42444.39,44201.03,984300.00000000
2021-05-16 17:00:00,44201.03,44400.00,37630.67,40612.24,2210467.00000000
2021-05-17 17:00:00,40657.89,47000.00,40160.46,43882.34,1650016.00000000
2021-05-18 17:00:00,43882.33,44764.70,22007.01,28700.00,2105132.00000000
2021-05-19 17:00:00,28767.01,34785.51,25400.98,31379.31,1134265.00000000
2021-05-20 17:00:00,31391.30,33150.31,22950.00,26299.96,1143478.00000000
2021-05-21 17:00:00,26299.96,26606.49,22298.38,22525.00,664292.00000000
2021-05-22 17:00:00,22525.00,23085.43,15100.00,19055.54,1504156.00000000
2021-05-23 17:00:00,19055.54,25000.00,18250.00,25000.00,1014129.00000000
2021-05-24 17:00:00,25000.00,27369.00,20299.00,23900.00,1043805.00000000
2021-05-25 17:00:00,23900.00,28000.00,23204.08,27993.00,885909.00000000
2021-05-26 17:00:00,28000.00,28250.00,24500.00,26581.22,837964.00000000
2021-05-27 17:00:00,26575.00,26725.00,22000.00,23220.01,736391.00000000
2021-05-28 17:00:00,23220.00,24000.00,20200.00,21300.01,420103.00000000
2021-05-29 17:00:00,21300.02,23676.08,20214.99,22501.09,417838.00000000
2021-05-30 17:00:00,22501.11,24314.00,21200.00,24299.99,507760.00000000
2021-05-31 17:00:00,24299.99,32750.00,24000.00,29300.00,2208929.00000000
2021-06-01 17:00:00,29392.85,36480.00,27800.00,34600.00,1752556.00000000
2021-06-02 17:00:00,34625.00,41300.00,34000.00,38500.00,1935879.00000000
2021-06-03 17:00:00,38501.01,38515.09,30583.33,33371.83,1322238.00000000
2021-06-04 17:00:00,33371.00,39500.00,33001.06,34899.99,1589783.00000000
2021-06-05 17:00:00,34800.08,36382.00,33500.01,34668.36,754216.00000000
2021-06-06 17:00:00,34782.90,36617.00,30500.00,31100.00,777007.00000000
2021-06-07 17:00:00,31100.00,32600.00,26001.00,29699.88,1290931.00000000
2021-06-08 17:00:00,29699.88,32732.14,27160.00,32591.83,1013413.00000000
2021-06-09 17:00:00,32599.99,32639.93,28012.00,28550.00,847978.00000000
2021-06-10 17:00:00,28593.22,31326.53,27550.09,27987.26,797631.00000000
2021-06-11 17:00:00,27987.26,28128.00,25750.00,27449.09,578382.00000000
2021-06-12 17:00:00,27449.09,29701.00,26500.00,29416.00,604198.00000000
2021-06-13 17:00:00,29610.15,29950.00,28000.00,28877.57,661228.00000000
2021-06-14 17:00:00,28877.57,29500.00,27865.00,28296.99,612788.00000000
2021-06-15 17:00:00,28296.99,28296.99,26020.41,26472.00,547989.00000000
2021-06-16 17:00:00,26428.58,27599.00,26009.99,26474.15,450404.00000000
2021-06-17 17:00:00,26470.00,26509.99,24255.00,25091.00,518493.00000000
2021-06-18 17:00:00,25090.00,25480.22,24005.00,24749.97,441150.00000000
2021-06-19 17:00:00,24704.00,25590.00,23310.15,24850.40,679527.00000000
2021-06-20 17:00:00,24850.40,25050.00,19100.00,19194.99,951303.00000000
2021-06-21 17:00:00,19150.00,21250.00,16907.54,19315.73,1102583.00000000
2021-06-22 17:00:00,19315.74,22880.00,18582.01,21222.23,807362.00000000
2021-06-23 17:00:00,21223.00,21500.00,19599.00,20998.99,508284.00000000
2021-06-24 17:00:00,20933.89,21500.00,19200.00,19600.00,533656.00000000
2021-06-25 17:00:00,19592.59,20250.00,18323.44,19350.00,471797.00000000
2021-06-26 17:00:00,19378.08,19995.00,18944.72,19989.99,394109.00000000
2021-06-27 17:00:00,19989.99,20843.00,19507.01,20500.00,584244.00000000
2021-06-28 17:00:00,20453.09,21750.00,20280.00,20810.53,631095.00000000
2021-06-29 17:00:00,20812.01,21000.00,19000.00,20199.99,586379.00000000
2021-06-30 17:00:00,20199.99,20199.99,18900.04,19349.95,371376.00000000
2021-07-01 17:00:00,19300.00,19400.00,18701.00,19156.00,290697.00000000
2021-07-02 17:00:00,19199.00,20448.00,18982.01,20195.00,438885.00000000
2021-07-03 17:00:00,20195.00,21120.00,19700.00,20559.44,557446.00000000
2021-07-04 17:00:00,20559.45,20637.58,19400.01,19666.23,561628.00000000
2021-07-05 17:00:00,19666.23,20873.87,19558.03,20568.32,588122.00000000
2021-07-06 17:00:00,20568.32,22943.58,20450.00,21135.01,1313663.00000000
2021-07-07 17:00:00,21136.57,21187.02,19451.00,19629.85,766077.00000000
2021-07-08 17:00:00,19544.00,20500.00,19122.91,20333.34,441049.00000000
2021-07-09 17:00:00,20333.34,20739.02,19528.01,19816.49,316762.00000000
2021-07-10 17:00:00,19816.50,20490.02,19600.10,20372.88,364998.00000000
2021-07-11 17:00:00,20358.55,21074.06,19500.00,19800.00,647198.00000000
2021-07-12 17:00:00,19800.02,19979.98,19328.00,19831.00,385700.00000000
2021-07-13 17:00:00,19831.00,25468.40,18710.00,23620.00,2218572.00000000
2021-07-14 17:00:00,23620.00,27000.00,21216.90,21643.42,3068091.00000000
2021-07-15 17:00:00,21700.00,27000.00,20675.04,24963.80,3349870.00000000
2021-07-16 17:00:00,24914.85,25500.00,22105.00,23124.82,1978467.00000000
2021-07-17 17:00:00,23124.82,23943.91,21316.37,22180.29,1299107.00000000
2021-07-18 17:00:00,22180.29,22360.00,19005.11,19301.01,1473596.00000000
2021-07-19 17:00:00,19399.99,19794.23,17600.00,18819.00,1609521.00000000
2021-07-20 17:00:00,18819.00,20840.00,18471.17,20176.62,1301969.00000000
2021-07-21 17:00:00,20176.62,20738.76,19708.56,20209.98,785920.00000000
2021-07-22 17:00:00,20175.00,23200.00,20061.20,23178.63,1927179.00000000
2021-07-23 17:00:00,23178.63,24990.00,22030.96,23700.00,2815663.00000000
2021-07-24 17:00:00,23732.10,24600.00,21606.00,23501.00,1703370.00000000
2021-07-25 17:00:00,23501.00,24780.00,22426.69,22763.00,2228517.00000000
2021-07-26 17:00:00,22733.40,23115.85,21600.00,22467.36,1193880.00000000
2021-07-27 17:00:00,22467.37,22850.00,21938.77,22209.76,712339.00000000
2021-07-28 17:00:00,22218.12,22400.00,21943.40,22201.01,531546.00000000
2021-07-29 17:00:00,22201.00,22934.49,21630.98,22500.00,849718.00000000
2021-07-30 17:00:00,22500.00,22927.00,22102.02,22600.00,822870.00000000
2021-07-31 17:00:00,22600.00,24250.00,22390.20,22820.32,1252370.00000000
2021-08-01 17:00:00,22760.01,23100.00,22345.38,22650.01,557391.00000000
2021-08-02 17:00:00,22650.02,22825.00,21780.00,22000.00,620132.00000000
2021-08-03 17:00:00,22049.82,22720.00,21550.02,22720.00,475966.00000000
2021-08-04 17:00:00,22693.09,23800.00,21820.00,23499.99,1056312.00000000
2021-08-05 17:00:00,23499.99,27890.00,23060.00,25300.00,2765162.00000000
2021-08-06 17:00:00,25300.00,28449.99,25025.00,28300.00,1872044.00000000
2021-08-07 17:00:00,28300.01,28314.15,25150.00,25798.74,1048340.00000000
2021-08-08 17:00:00,25798.74,27180.00,25150.00,26578.01,830706.00000000
2021-08-09 17:00:00,26556.43,26993.37,25809.34,26670.47,1099796.00000000
2021-08-10 17:00:00,26670.47,29600.00,26656.40,27501.00,1903798.00000000
2021-08-11 17:00:00,27500.73,28561.90,25650.00,26440.02,1423090.00000000
2021-08-12 17:00:00,26498.95,28209.10,26440.00,28196.99,832666.00000000
2021-08-13 17:00:00,28196.99,31200.00,26501.00,28721.31,1998000.00000000
2021-08-14 17:00:00,28721.31,29665.99,27400.01,28930.00,1077475.00000000
2021-08-15 17:00:00,28954.99,33000.00,28682.26,32504.10,2219326.00000000
2021-08-16 17:00:00,32503.90,36007.02,30564.87,31941.19,2690420.00000000
2021-08-17 17:00:00,31941.17,33995.00,30164.46,31000.00,1185943.00000000
2021-08-18 17:00:00,31000.00,32315.26,29600.00,31501.03,1353077.00000000
2021-08-19 17:00:00,31550.00,33957.99,31357.73,33157.95,1273805.00000000
2021-08-20 17:00:00,33239.99,33550.00,32000.00,32190.21,841968.00000000
2021-08-21 17:00:00,32190.21,34272.72,31363.53,32666.40,1213290.00000000
2021-08-22 17:00:00,32666.44,33840.00,32100.00,33750.00,1224689.00000000
2021-08-23 17:00:00,33699.99,34000.00,31201.00,31949.00,1186502.00000000
2021-08-24 17:00:00,31890.00,47900.00,30100.00,42235.46,3856089.00000000
2021-08-25 17:00:00,42235.47,46666.00,36876.32,39543.88,3398813.50000000
2021-08-26 17:00:00,39543.88,46800.00,38600.00,45320.96,3156401.00000000
2021-08-27 17:00:00,45329.00,49910.00,42916.02,44100.00,2343117.60000000
2021-08-28 17:00:00,44031.18,45301.30,41306.00,41600.01,848696.50000000
2021-08-29 17:00:00,41600.01,42589.89,38100.00,38378.95,1096155.30000000
2021-08-30 17:00:00,38500.00,40850.00,36554.11,37249.82,1099920.50000000
2021-08-31 17:00:00,37240.47,39623.61,36229.46,38950.00,992411.00000000
2021-09-01 17:00:00,38950.00,40739.60,38200.00,38215.00,922956.60000000
2021-09-02 17:00:00,38215.00,39560.28,37420.97,37908.14,659477.80000000
2021-09-03 17:00:00,37908.15,41990.00,37528.48,38750.00,1081282.90000000
2021-09-04 17:00:00,38721.00,39860.29,38256.58,38950.02,555632.00000000
2021-09-05 17:00:00,39044.04,40409.28,37836.00,39185.38,1053296.30000000
2021-09-06 17:00:00,39185.38,39444.99,27447.00,31393.75,1693251.30000000
2021-09-07 17:00:00,31557.71,31700.00,27000.00,30099.99,1044889.00000000
2021-09-08 17:00:00,30100.00,32210.40,28762.30,30800.00,785778.40000000
2021-09-09 17:00:00,30800.00,32109.05,29000.00,31054.00,834529.10000000
2021-09-10 17:00:00,31054.00,31893.18,29602.90,30579.51,830085.20000000
2021-09-11 17:00:00,30579.51,34750.00,30084.00,31158.31,1354006.90000000
2021-09-12 17:00:00,31158.31,31258.66,28500.00,29387.42,943882.60000000
2021-09-13 17:00:00,29387.42,30594.93,28755.75,30277.81,553249.50000000
2021-09-14 17:00:00,30261.14,31675.00,29850.00,31042.00,583124.40000000
2021-09-15 17:00:00,31042.00,32031.42,29888.00,30563.00,765619.90000000
2021-09-16 17:00:00,30563.00,30957.37,28850.00,29077.83,521206.70000000
2021-09-17 17:00:00,29076.37,32000.01,28920.01,31800.00,783842.60000000
2021-09-18 17:00:00,31800.00,35000.00,30732.99,31421.31,1661461.40000000
2021-09-19 17:00:00,31421.30,31900.01,26077.01,26552.03,1346465.50000000
2021-09-20 17:00:00,26589.23,27884.83,24700.00,25419.85,876255.90000000
2021-09-21 17:00:00,25415.85,28617.12,25245.20,28137.01,1035887.00000000
2021-09-22 17:00:00,28137.01,28900.00,26856.79,27520.08,689988.60000000
2021-09-23 17:00:00,27520.08,28339.21,24500.00,25876.81,1149365.60000000
2021-09-24 17:00:00,25876.81,26700.00,24600.00,25125.01,631645.90000000
2021-09-25 17:00:00,25125.01,25200.00,23002.00,24669.49,731713.30000000
2021-09-26 17:00:00,24600.01,25750.00,23296.56,23425.23,699405.50000000
2021-09-27 17:00:00,23430.00,24085.60,22920.69,23125.70,550362.30000000
2021-09-28 17:00:00,23109.80,24620.00,23050.00,23746.51,581079.80000000
2021-09-29 17:00:00,23749.83,24891.02,23489.03,24620.21,648969.40000000
2021-09-30 17:00:00,24620.21,28000.00,24550.01,27249.00,1215383.90000000
2021-10-01 17:00:00,27250.00,29143.39,26158.08,28157.89,1354143.10000000
2021-10-02 17:00:00,28189.47,28650.00,27200.00,27684.65,705155.80000000
2021-10-03 17:00:00,27688.32,27900.00,26126.31,27036.47,857027.90000000
2021-10-04 17:00:00,27036.47,27700.00,26533.29,27441.00,681863.40000000
2021-10-05 17:00:00,27441.00,27860.00,25502.56,27062.50,1188649.80000000
2021-10-06 17:00:00,27005.00,27909.01,26150.00,27280.60,792698.70000000
2021-10-07 17:00:00,27250.00,27849.99,26589.75,27375.05,966575.50000000
2021-10-08 17:00:00,27405.43,28500.00,27100.00,27839.99,897371.40000000
2021-10-09 17:00:00,27839.99,28039.66,26500.00,26505.85,742759.10000000
2021-10-10 17:00:00,26555.85,27300.00,25878.10,26238.32,651029.80000000
2021-10-11 17:00:00,26201.74,26940.00,24648.02,26585.62,633301.30000000
2021-10-12 17:00:00,26585.62,33000.00,25369.65,28691.47,2230805.40000000
2021-10-13 17:00:00,28733.63,31172.48,27800.00,28204.67,1219966.70000000
2021-10-14 17:00:00,28179.19,30055.00,26750.00,27700.00,1247170.40000000
2021-10-15 17:00:00,27731.21,31000.00,27630.00,28388.01,1279406.40000000
2021-10-16 17:00:00,28388.05,29999.00,28190.19,29100.00,925706.40000000
2021-10-17 17:00:00,29150.00,31000.00,28384.87,29079.23,1410293.60000000
2021-10-18 17:00:00,29079.23,29368.90,27960.62,28561.16,695077.20000000
2021-10-19 17:00:00,28561.16,29200.00,27800.00,28716.95,556169.90000000
2021-10-20 17:00:00,28716.95,28990.00,27578.94,28100.00,1193775.40000000
2021-10-21 17:00:00,28128.92,29982.26,27850.00,29060.75,1527937.60000000
2021-10-22 17:00:00,29066.97,31000.00,28628.94,30150.01,2139727.60000000
2021-10-23 17:00:00,30105.00,30286.28,28291.96,28606.14,1355996.60000000
2021-10-24 17:00:00,28606.14,29198.98,28400.00,28723.36,1452565.90000000
2021-10-25 17:00:00,28738.34,29042.00,28226.22,28300.00,1074802.10000000
2021-10-26 17:00:00,28300.00,29200.00,25900.00,26182.68,1881528.60000000
2021-10-27 17:00:00,26182.88,27250.00,25353.32,26661.46,2245666.40000000
2021-10-28 17:00:00,26661.46,27600.27,26540.36,27248.25,1752273.00000000
2021-10-29 17:00:00,27210.04,27471.00,26228.94,26700.00,1055784.60000000
2021-10-30 17:00:00,26700.00,28333.00,26381.56,27250.91,846855.10000000
2021-10-31 17:00:00,27200.00,28273.10,26782.03,27670.93,1975548.50000000
2021-11-01 17:00:00,27675.00,31000.00,27107.32,30585.49,2165975.10000000
2021-11-02 17:00:00,30600.00,33500.00,28773.89,29826.08,2989274.20000000
2021-11-03 17:00:00,29826.08,30434.78,29000.00,29400.00,2247730.00000000
2021-11-04 17:00:00,29400.00,30799.68,29028.00,29369.60,1083344.00000000
2021-11-05 17:00:00,29370.67,29550.00,28000.00,28390.80,645740.50000000
2021-11-06 17:00:00,28417.79,29419.74,28330.00,28645.25,528834.00000000
2021-11-07 16:00:00,28664.79,28736.04,28050.55,28254.11,472281.50000000
2021-11-08 16:00:00,28270.01,29714.86,28160.00,28750.00,783276.30000000
2021-11-09 16:00:00,28750.00,29100.00,26765.00,27387.00,741148.80000000
2021-11-10 16:00:00,27387.00,27700.00,27021.00,27481.09,425922.30000000
2021-11-11 16:00:00,27419.03,27900.00,26050.01,27581.17,576947.30000000
2021-11-12 16:00:00,27633.38,27921.04,26527.50,27215.02,420477.20000000
2021-11-13 16:00:00,27215.01,27810.00,26188.00,27184.52,668567.10000000
2021-11-14 16:00:00,27200.00,27498.99,26700.00,26899.73,405341.70000000
2021-11-15 16:00:00,26899.73,26899.73,24200.00,24408.00,907374.20000000
2021-11-16 16:00:00,24408.10,24749.28,22992.01,24097.63,862698.30000000
2021-11-17 16:00:00,24142.62,24500.00,21800.00,22366.74,831649.10000000
2021-11-18 16:00:00,22366.66,24524.60,21777.00,24031.09,830428.60000000
2021-11-19 16:00:00,24031.09,25695.00,23766.76,25269.79,1009809.00000000
2021-11-20 16:00:00,25297.28,26832.32,25005.12,25222.45,1592218.50000000
2021-11-21 16:00:00,25222.45,25284.21,23728.13,24000.00,556193.90000000
2021-11-22 16:00:00,24000.00,26121.22,23818.06,24874.44,957690.40000000
2021-11-23 16:00:00,24861.28,25260.98,23105.01,23500.00,561111.20000000
2021-11-24 16:00:00,23500.00,24139.83,23218.56,23513.62,471172.30000000
2021-11-25 16:00:00,23589.00,23868.87,22362.44,23110.99,685157.30000000
2021-11-26 16:00:00,23120.23,23950.00,22700.92,23115.03,466257.20000000
2021-11-27 16:00:00,23115.03,23506.37,22000.00,22790.00,569943.80000000
2021-11-28 16:00:00,22790.00,25300.00,22620.28,24202.00,1392068.90000000
2021-11-29 16:00:00,24202.00,24439.22,22900.00,23220.60,615040.00000000
2021-11-30 16:00:00,23220.60,25000.00,23114.14,23551.01,817721.20000000
2021-12-01 16:00:00,23555.00,28440.38,23355.07,25985.00,2712593.60000000
2021-12-02 16:00:00,26027.75,26460.36,23511.00,24404.14,817297.10000000
2021-12-03 16:00:00,24410.39,24418.11,19100.00,21035.03,1575102.20000000
2021-12-04 16:00:00,21100.44,21650.00,19281.05,19847.01,755039.10000000
2021-12-05 16:00:00,19847.01,20238.40,18741.33,20039.76,770681.70000000
2021-12-06 16:00:00,20050.00,23000.00,19920.00,20302.86,836325.20000000
2021-12-07 16:00:00,20325.00,22000.00,19400.00,20861.48,878587.00000000
2021-12-08 16:00:00,20861.48,21032.06,19177.00,19336.94,527368.80000000
2021-12-09 16:00:00,19360.00,19959.43,18705.88,18793.35,493173.20000000
2021-12-10 16:00:00,18793.30,19179.30,18660.01,19053.33,369285.80000000
2021-12-11 16:00:00,19000.01,19639.69,18849.97,19138.23,309743.90000000
2021-12-12 16:00:00,19138.23,19276.46,17325.00,17701.17,594555.50000000
2021-12-13 16:00:00,17670.00,18183.66,17412.66,17900.11,359938.70000000
2021-12-14 16:00:00,17873.60,18844.25,17285.01,18386.35,494696.20000000
2021-12-15 16:00:00,18386.35,18549.99,17500.00,17526.65,342481.70000000
2021-12-16 16:00:00,17526.65,17737.00,16809.00,17252.99,386647.80000000
2021-12-17 16:00:00,17261.21,22527.23,17010.19,18110.45,1612469.30000000
2021-12-18 16:00:00,18110.01,18350.00,17500.00,17593.32,578591.90000000
2021-12-19 16:00:00,17593.32,17802.28,16846.44,17227.30,506287.30000000
2021-12-20 16:00:00,17256.07,17600.00,17060.78,17477.44,716207.20000000
2021-12-21 16:00:00,17500.00,19400.00,17356.54,18156.67,858141.20000000
2021-12-22 16:00:00,18172.28,18607.73,17530.00,18499.99,1046662.70000000
2021-12-23 16:00:00,18499.99,19457.87,18250.00,18278.06,1871656.90000000
2021-12-24 16:00:00,18281.65,18749.99,18150.01,18500.84,850154.00000000
2021-12-25 16:00:00,18501.16,19000.00,17750.00,18720.00,1090922.90000000
2021-12-26 16:00:00,18730.83,19500.00,18550.01,18864.71,1718065.60000000
2021-12-27 16:00:00,18867.89,20317.25,18061.22,18389.51,2547444.20000000
2021-12-28 16:00:00,18389.51,18863.00,17504.00,17615.11,1424756.50000000
2021-12-29 16:00:00,17615.10,18608.00,17500.00,18218.50,1229110.20000000
2021-12-30 16:00:00,18206.29,18745.98,17858.00,18149.81,764465.20000000
2021-12-31 16:00:00,18149.81,18600.00,18010.59,18289.58,1255788.10000000
2022-01-01 16:00:00,18315.00,18435.06,18013.00,18180.69,1495265.60000000
2022-01-02 16:00:00,18180.69,18194.13,17505.00,17815.52,1276884.70000000
2022-01-03 16:00:00,17815.52,17950.00,17405.66,17580.43,965380.50000000
2022-01-04 16:00:00,17553.09,18350.00,16858.01,17162.36,2819628.30000000
2022-01-05 16:00:00,17162.36,17349.99,16350.00,16903.24,505294.90000000
2022-01-06 16:00:00,16885.99,16919.70,15000.00,15259.39,832360.00000000
2022-01-07 16:00:00,15281.04,15862.21,14791.27,15076.72,524397.60000000
2022-01-08 16:00:00,15075.00,15790.00,14935.00,15396.24,377871.00000000
2022-01-09 16:00:00,15377.65,15527.76,14013.29,14867.52,629406.30000000
2022-01-10 16:00:00,14880.00,15315.00,14500.01,15011.39,410863.80000000
2022-01-11 16:00:00,15011.39,16148.42,14807.26,15580.00,701374.90000000
2022-01-12 16:00:00,15580.00,15840.29,14710.09,14721.32,535216.90000000
2022-01-13 16:00:00,14727.66,15860.00,14621.31,15092.62,541005.90000000
2022-01-14 16:00:00,15105.61,15580.00,15050.00,15375.62,428230.60000000
2022-01-15 16:00:00,15376.68,15413.97,14900.01,15118.01,344187.70000000
2022-01-16 16:00:00,15118.01,15140.07,14413.00,14623.84,437461.70000000
2022-01-17 16:00:00,14623.84,15015.18,14334.12,14500.02,362066.40000000
2022-01-18 16:00:00,14508.61,14589.85,13800.00,13802.02,500885.20000000
2022-01-19 16:00:00,13810.00,14600.04,13508.87,13557.10,528348.30000000
2022-01-20 16:00:00,13557.10,13666.99,10813.56,11090.00,891323.40000000
2022-01-21 16:00:00,11086.23,11550.00,9501.00,10300.00,1269044.60000000
2022-01-22 16:00:00,10316.81,11400.00,10080.00,10569.96,838881.50000000
2022-01-23 16:00:00,10569.96,10755.93,9185.00,10149.83,836313.70000000
2022-01-24 16:00:00,10136.39,10490.00,9720.48,10231.22,605906.10000000
2022-01-25 16:00:00,10231.22,11849.28,10092.99,10754.48,1598077.50000000
2022-01-26 16:00:00,10750.00,10996.00,10050.10,10470.00,1688686.50000000
2022-01-27 16:00:00,10469.99,10699.15,10100.51,10569.27,818783.40000000
2022-01-28 16:00:00,10569.27,10650.00,10350.00,10538.00,1868380.90000000
2022-01-29 16:00:00,10538.00,10990.00,10401.00,10548.57,1113624.40000000
2022-01-30 16:00:00,10548.64,10675.48,10123.00,10480.77,5022354.80000000
2022-01-31 16:00:00,10503.75,11600.00,10360.02,10906.24,3231992.80000000
2022-02-01 16:00:00,10873.83,11048.40,10265.00,10411.46,4618752.30000000
2022-02-02 16:00:00,10400.01,10452.22,9908.00,10345.89,7614175.10000000
2022-02-03 16:00:00,10334.90,11160.00,10153.91,11075.95,3294920.80000000
2022-02-04 16:00:00,11076.76,11606.00,10800.00,11221.82,4049996.00000000
2022-02-05 16:00:00,11194.44,11985.00,11185.02,11701.00,3031831.30000000
2022-02-06 16:00:00,11701.00,12524.99,11600.00,12317.23,3026631.80000000
2022-02-07 16:00:00,12310.24,12750.00,11350.00,11680.00,6879124.30000000
2022-02-08 16:00:00,11656.70,12443.46,11421.97,11916.74,606834.00000000
2022-02-09 16:00:00,11916.74,12400.00,11600.00,12133.78,1235964.30000000
2022-02-10 16:00:00,12153.47,12163.47,10915.00,11098.47,687668.90000000
2022-02-11 16:00:00,11098.43,11270.99,10605.00,10717.99,429021.60000000
2022-02-12 16:00:00,10701.05,11675.00,10400.00,10726.94,733606.90000000
2022-02-13 16:00:00,10726.94,10999.82,10300.00,10891.54,443553.10000000
2022-02-14 16:00:00,10891.54,11888.00,10819.08,11800.00,985730.30000000
2022-02-15 16:00:00,11800.43,11800.43,11000.00,11260.92,865852.40000000
2022-02-16 16:00:00,11253.00,11536.84,10450.00,10655.45,648314.70000000
2022-02-17 16:00:00,10704.04,12150.00,10464.21,11132.08,2367274.80000000
2022-02-18 16:00:00,11132.08,11453.93,10555.00,10799.96,1041802.90000000
2022-02-19 16:00:00,10799.96,10799.96,9827.00,10089.83,897749.40000000
2022-02-20 16:00:00,10075.45,10438.07,9188.00,9208.00,922831.50000000
2022-02-21 16:00:00,9208.00,10665.00,8950.42,10157.05,1271861.90000000
2022-02-22 16:00:00,10220.82,10999.00,9529.87,9580.00,1415057.70000000
2022-02-23 16:00:00,9580.00,9672.87,8471.60,9189.46,1699823.10000000
2022-02-24 16:00:00,9189.46,9521.00,8975.00,9373.88,847055.90000000
2022-02-25 16:00:00,9373.88,10200.00,9300.00,9729.18,1130302.10000000
2022-02-26 16:00:00,9735.37,10144.61,9110.00,9338.02,1440385.00000000
2022-02-27 16:00:00,9339.20,9999.00,9151.00,9974.89,1011882.50000000
2022-02-28 16:00:00,9974.89,10200.00,9700.00,10000.74,1274299.00000000
2022-03-01 16:00:00,10011.00,10500.00,9820.00,10103.49,1427905.40000000
2022-03-02 16:00:00,10121.06,10905.99,9753.92,10245.23,1588266.20000000
2022-03-03 16:00:00,10245.46,10800.00,9600.00,9959.46,2056487.20000000
2022-03-04 16:00:00,9965.49,10350.00,9643.57,9926.79,952264.30000000
2022-03-05 16:00:00,9909.27,10051.00,9463.00,9529.73,826106.10000000
2022-03-06 16:00:00,9529.23,9850.00,9110.00,9393.77,881698.20000000
2022-03-07 16:00:00,9393.77,9661.61,9180.00,9256.67,785488.90000000
2022-03-08 16:00:00,9256.67,9709.80,9256.67,9500.00,694893.90000000
2022-03-09 16:00:00,9485.67,9499.99,8535.00,8857.00,897947.30000000
2022-03-10 16:00:00,8857.00,9970.88,8650.69,9150.00,1608881.60000000
2022-03-11 16:00:00,9150.00,9700.00,8975.00,8976.00,950651.00000000
2022-03-12 16:00:00,8998.74,9137.00,8650.00,8697.00,628523.20000000
2022-03-13 17:00:00,8697.00,9069.00,8650.00,8941.54,596078.80000000
2022-03-14 17:00:00,8934.39,9134.97,8599.51,8720.01,945947.70000000
2022-03-15 17:00:00,8746.84,9097.51,8689.99,9077.95,825120.90000000
2022-03-16 17:00:00,9077.95,9400.00,8921.01,9129.30,918790.60000000
2022-03-17 17:00:00,9129.30,9177.00,8889.19,9170.00,632130.90000000
2022-03-18 17:00:00,9157.16,9590.00,9065.00,9380.19,1079485.80000000
2022-03-19 17:00:00,9358.09,9500.00,9033.26,9140.38,647450.00000000
2022-03-20 17:00:00,9140.38,9697.00,9043.31,9409.42,4464559.60000000
2022-03-21 17:00:00,9421.69,10894.40,9408.00,10350.41,5940533.20000000
2022-03-22 17:00:00,10351.82,10790.00,10215.04,10584.73,1729553.10000000
2022-03-23 17:00:00,10584.73,10676.76,10317.92,10434.90,9146488.30000000
2022-03-24 17:00:00,10420.01,10560.00,9950.00,10001.00,694105.80000000
2022-03-25 17:00:00,10001.00,10500.00,9936.49,10476.78,448032.40000000
2022-03-26 17:00:00,10494.36,10669.99,10111.01,10657.01,595403.50000000
2022-03-27 17:00:00,10657.02,11199.99,10592.78,10963.18,1265068.50000000
2022-03-28 17:00:00,10959.11,11900.00,10845.00,11067.81,1217665.90000000
2022-03-29 17:00:00,11068.41,12163.49,10768.27,11763.26,1634300.10000000
2022-03-30 17:00:00,11764.56,14999.57,11730.03,13186.97,4576784.50000000
2022-03-31 17:00:00,13172.65,17200.00,12886.57,13735.20,5311078.80000000
2022-04-01 17:00:00,13735.21,15545.92,13300.00,13650.75,2084176.70000000
2022-04-02 17:00:00,13647.39,14054.94,13166.29,13694.96,783745.80000000
2022-04-03 17:00:00,13694.96,13699.00,12440.58,13077.24,1026276.00000000
2022-04-04 17:00:00,13054.61,13575.00,12638.75,12800.12,856265.70000000
2022-04-05 17:00:00,12818.63,13562.00,11729.51,11778.05,1673187.60000000
2022-04-06 17:00:00,11778.05,12136.84,11350.00,11659.50,758901.60000000
2022-04-07 17:00:00,11609.70,13500.00,11566.34,12129.15,2809771.60000000
2022-04-08 17:00:00,12129.15,13829.34,12129.15,13117.53,2221866.40000000
2022-04-09 17:00:00,13160.76,13160.76,12112.00,12222.00,987983.90000000
2022-04-10 17:00:00,12243.87,12288.99,11200.00,11266.04,1084121.50000000
2022-04-11 17:00:00,11228.46,11651.41,10636.36,11290.73,2950045.50000000
2022-04-12 17:00:00,11285.35,11480.00,10855.10,11214.22,1764549.80000000
2022-04-13 17:00:00,11207.50,11560.00,10900.00,10984.00,886115.70000000
2022-04-14 17:00:00,10984.00,11500.00,10950.00,11154.81,1349952.00000000
2022-04-15 17:00:00,11150.00,11165.00,10870.97,11053.00,907963.00000000
2022-04-16 17:00:00,11065.04,11224.99,10750.00,10783.62,2639589.60000000
2022-04-17 17:00:00,10755.00,10841.63,10101.01,10605.00,1347831.90000000
2022-04-18 17:00:00,10605.00,10905.00,10471.71,10809.36,653146.50000000
2022-04-19 17:00:00,10837.02,11027.20,10416.00,10653.47,722169.70000000
2022-04-20 17:00:00,10660.01,10874.99,10207.97,10313.33,741655.00000000
2022-04-21 17:00:00,10313.33,10435.11,9945.61,10286.61,561941.30000000
2022-04-22 17:00:00,10286.61,10315.00,10061.76,10118.21,12311984.60000000
2022-04-23 17:00:00,10128.48,10240.52,10035.01,10035.01,6037779.60000000
2022-04-24 17:00:00,10035.01,10073.02,9550.01,9821.02,9010597.90000000
2022-04-25 17:00:00,9830.00,9991.57,9200.00,9226.35,17050995.70000000
2022-04-26 17:00:00,9221.35,9499.99,9000.00,9116.11,15868384.10000000
2022-04-27 17:00:00,9120.03,9419.69,9084.40,9328.23,701760.50000000
2022-04-28 17:00:00,9328.23,10045.87,8842.06,8850.02,1055187.00000000
2022-04-29 17:00:00,8864.80,8953.88,8499.88,8560.05,565392.00000000
2022-04-30 17:00:00,8560.06,9000.00,8460.12,8747.00,580092.20000000
2022-05-01 17:00:00,8747.00,8920.43,8520.41,8806.81,493355.30000000
2022-05-02 17:00:00,8828.74,8890.72,8525.00,8566.00,386793.30000000
2022-05-03 17:00:00,8566.00,9000.89,8540.00,8950.86,702559.80000000
2022-05-04 17:00:00,8976.66,9139.30,8200.00,8398.67,956462.50000000
2022-05-05 17:00:00,8383.31,8550.00,8120.28,8332.60,410972.00000000
2022-05-06 17:00:00,8318.60,8755.00,8207.44,8476.07,608060.20000000
2022-05-07 17:00:00,8459.86,8476.08,7908.03,7925.06,558945.30000000
2022-05-08 17:00:00,7925.31,8091.33,6875.11,6916.33,888203.90000000
2022-05-09 17:00:00,6900.00,7456.88,6639.85,6973.70,1007322.20000000
2022-05-10 17:00:00,6973.70,7123.32,4243.35,4653.98,2299528.70000000
2022-05-11 17:00:00,4675.84,5100.00,3552.59,4510.19,2136375.10000000
2022-05-12 17:00:00,4522.96,6313.91,4444.39,5051.72,1658920.40000000
2022-05-13 17:00:00,5051.72,5331.79,4500.00,4902.79,1146597.20000000
2022-05-14 17:00:00,4902.79,5299.00,4663.22,5284.48,738192.40000000
2022-05-15 17:00:00,5284.48,5284.48,4600.00,4641.02,862514.20000000
2022-05-16 17:00:00,4657.08,6174.99,4652.09,5649.03,1895423.50000000
2022-05-17 17:00:00,5649.03,6088.00,5000.00,5003.04,1243259.00000000
2022-05-18 17:00:00,5003.04,5631.02,4931.79,5540.00,890269.60000000
2022-05-19 17:00:00,5540.00,5797.14,5167.83,5288.02,1187285.10000000
2022-05-20 17:00:00,5290.01,5800.00,5177.34,5582.67,1058180.40000000
2022-05-21 17:00:00,5574.71,5710.00,5400.00,5558.93,680665.10000000
2022-05-22 17:00:00,5550.00,5750.73,5450.00,5536.41,796014.10000000
2022-05-23 17:00:00,5536.41,6285.00,5511.34,5971.05,1760707.40000000
2022-05-24 17:00:00,5971.05,5990.86,5717.30,5777.93,582175.00000000
2022-05-25 17:00:00,5777.93,5933.13,4951.00,5093.59,1226454.00000000
2022-05-26 17:00:00,5090.58,5249.10,4910.05,4969.37,912013.50000000
2022-05-27 17:00:00,4969.37,5199.00,4924.94,5120.00,580776.90000000
2022-05-28 17:00:00,5120.00,6442.00,5056.00,5451.47,1327220.20000000
2022-05-29 17:00:00,5451.47,5842.29,5437.63,5654.60,923439.20000000
2022-05-30 17:00:00,5662.42,5750.48,5500.00,5698.00,955938.30000000
2022-05-31 17:00:00,5685.78,5845.61,5330.82,5405.11,843179.10000000
2022-06-01 17:00:00,5405.00,5469.99,5253.38,5401.83,535577.90000000
2022-06-02 17:00:00,5401.83,6246.81,5250.47,5261.00,1605421.00000000
2022-06-03 17:00:00,5267.47,5375.00,5188.00,5332.01,477391.20000000
2022-06-04 17:00:00,5345.33,5700.00,5260.00,5592.38,924575.30000000
2022-06-05 17:00:00,5592.38,5704.83,5305.57,5338.01,856778.00000000
2022-06-06 17:00:00,5338.01,5354.89,5000.00,5226.85,1133846.30000000
2022-06-07 17:00:00,5226.94,5379.82,4750.00,5057.66,887605.70000000
2022-06-08 17:00:00,5065.48,5275.03,5008.25,5188.49,475959.70000000
2022-06-09 17:00:00,5191.76,5387.42,4850.00,4918.47,911407.00000000
2022-06-10 17:00:00,4904.98,5000.00,4320.00,4345.99,1131253.70000000
2022-06-11 17:00:00,4348.71,4403.45,4040.00,4044.82,832936.10000000
2022-06-12 17:00:00,4040.00,4081.38,3570.00,3756.68,1784376.90000000
2022-06-13 17:00:00,3756.68,4001.60,3559.14,3832.03,1210131.20000000
2022-06-14 17:00:00,3828.12,3957.38,3500.00,3954.31,1455000.40000000
2022-06-15 17:00:00,3954.31,3996.21,3630.03,3743.48,1147656.40000000
2022-06-16 17:00:00,3744.82,4320.00,3710.01,3956.00,1688825.60000000
2022-06-17 17:00:00,3956.00,4012.85,3654.07,3839.09,1251009.70000000
2022-06-18 17:00:00,3830.44,3999.99,3710.09,3950.88,1620412.40000000
2022-06-19 17:00:00,3959.60,4200.00,3801.00,4141.04,1172344.90000000
2022-06-20 17:00:00,4135.83,4232.00,3980.00,4038.70,1458959.80000000
2022-06-21 17:00:00,4038.47,4160.00,3916.10,3923.00,1092513.90000000
2022-06-22 17:00:00,3923.00,4374.20,3920.00,4228.46,1310432.50000000
2022-06-23 17:00:00,4239.00,4348.15,4139.10,4274.00,1250194.00000000
2022-06-24 17:00:00,4274.25,4475.47,4228.63,4475.10,775893.40000000
2022-06-25 17:00:00,4464.69,4975.00,4434.40,4476.98,1171707.40000000
2022-06-26 17:00:00,4489.56,4743.52,4476.98,4552.03,724227.30000000
2022-06-27 17:00:00,4566.10,4597.11,4211.10,4245.94,685649.30000000
2022-06-28 17:00:00,4245.93,4324.12,4185.32,4247.26,563650.70000000
2022-06-29 17:00:00,4247.01,4935.00,4004.63,4131.28,2953280.30000000
2022-06-30 17:00:00,4132.81,4158.37,4000.00,4061.66,763025.90000000
2022-07-01 17:00:00,4060.82,4129.00,4000.00,4103.68,366016.00000000
2022-07-02 17:00:00,4103.68,4149.00,4009.00,4085.45,7665364.90000000
2022-07-03 17:00:00,4085.45,4297.30,4062.14,4249.99,10156113.10000000
2022-07-04 17:00:00,4236.17,4295.93,4060.44,4172.35,604963.30000000
2022-07-05 17:00:00,4175.05,4274.99,4090.55,4233.01,590553.20000000
2022-07-06 17:00:00,4233.02,4427.67,3980.00,4346.17,952028.30000000
2022-07-07 17:00:00,4342.00,4454.20,4200.00,4261.30,857430.30000000
2022-07-08 17:00:00,4261.30,4350.00,4210.00,4237.93,681700.30000000
2022-07-09 17:00:00,4237.93,4267.05,4059.37,4110.55,522149.00000000
2022-07-10 17:00:00,4110.55,4142.02,3966.00,3966.01,446859.60000000
2022-07-11 17:00:00,3966.01,4004.07,3872.42,3906.25,389005.40000000
2022-07-12 17:00:00,3905.38,4300.00,3800.00,4233.00,1078551.30000000
2022-07-13 17:00:00,4233.00,4344.26,4117.80,4273.76,1212980.30000000
2022-07-14 17:00:00,4274.58,4590.00,4200.00,4257.80,2062173.70000000
2022-07-15 17:00:00,4254.01,4411.22,4140.00,4350.32,811638.60000000
2022-07-16 17:00:00,4339.44,4544.96,4213.00,4216.61,1004847.60000000
2022-07-17 17:00:00,4220.00,4935.66,4220.00,4690.65,1458781.20000000
2022-07-18 17:00:00,4685.43,5000.00,4540.00,4777.11,1334796.00000000
2022-07-19 17:00:00,4794.92,5200.73,4452.01,4483.54,1861521.70000000
2022-07-20 17:00:00,4483.71,4569.04,4200.00,4490.37,1058027.80000000
2022-07-21 17:00:00,4490.34,4658.49,4350.00,4395.31,808439.10000000
2022-07-22 17:00:00,4395.31,4500.00,4222.51,4308.00,622564.60000000
2022-07-23 17:00:00,4308.78,4431.97,4289.24,4332.23,606049.90000000
2022-07-24 17:00:00,4312.19,4759.99,4129.51,4211.61,996050.70000000
2022-07-25 17:00:00,4211.19,4239.52,4050.86,4145.67,558533.70000000
2022-07-26 17:00:00,4145.75,4431.77,4137.75,4401.22,590299.50000000
2022-07-27 17:00:00,4401.22,4600.00,4322.88,4539.00,883976.50000000
2022-07-28 17:00:00,4532.60,4641.46,4411.56,4506.84,797581.00000000
2022-07-29 17:00:00,4525.14,4878.99,4505.55,4613.56,856011.70000000
2022-07-30 17:00:00,4613.57,5721.53,4573.10,5097.25,3399958.80000000
2022-07-31 17:00:00,5097.78,5200.94,4852.53,5000.01,953134.90000000
2022-08-01 17:00:00,5000.01,5024.28,4633.01,4890.85,804963.70000000
2022-08-02 17:00:00,4888.99,5084.28,4725.84,4938.47,761276.60000000
2022-08-03 17:00:00,4938.66,5071.00,4865.23,4970.47,675859.50000000
2022-08-04 17:00:00,4979.92,5061.24,4950.00,5030.00,669102.40000000
2022-08-05 17:00:00,5030.00,5080.00,4961.66,5052.86,572642.30000000
2022-08-06 17:00:00,5052.98,5125.00,5000.89,5052.92,425236.90000000
2022-08-07 17:00:00,5052.92,5250.00,4987.93,5039.05,837640.20000000
2022-08-08 17:00:00,5023.21,5282.00,4880.00,4893.12,918198.50000000
2022-08-09 17:00:00,4893.12,5050.00,4735.93,5033.25,687090.10000000
2022-08-10 17:00:00,5033.26,5083.19,4600.00,4745.14,1151929.10000000
2022-08-11 17:00:00,4745.14,4850.00,4670.20,4832.29,701783.40000000
2022-08-12 17:00:00,4832.29,4993.44,4806.43,4896.32,684298.80000000
2022-08-13 17:00:00,4896.34,5180.08,4758.13,4820.64,1143858.90000000
2022-08-14 17:00:00,4820.64,4945.00,4732.38,4793.87,792620.00000000
2022-08-15 17:00:00,4793.87,4823.09,4655.01,4675.50,485727.90000000
2022-08-16 17:00:00,4675.50,4841.40,4425.69,4495.65,854182.10000000
2022-08-17 17:00:00,4495.27,4546.85,4401.00,4401.00,499674.80000000
2022-08-18 17:00:00,4401.00,4401.00,4005.00,4056.02,800045.70000000
2022-08-19 17:00:00,4050.26,4890.17,4047.22,4325.26,928932.90000000
2022-08-20 17:00:00,4325.26,4584.31,4280.01,4304.34,525619.10000000
2022-08-21 17:00:00,4304.34,4305.15,4059.00,4187.15,629478.90000000
2022-08-22 17:00:00,4187.15,4318.46,4110.32,4264.20,505459.70000000
2022-08-23 17:00:00,4264.20,4348.48,4179.80,4239.40,409709.30000000
2022-08-24 17:00:00,4239.41,4560.00,4239.39,4400.00,603935.40000000
2022-08-25 17:00:00,4394.80,4471.51,4072.05,4083.54,710907.80000000
2022-08-26 17:00:00,4083.55,4197.69,4064.59,4186.01,477500.20000000
2022-08-27 17:00:00,4186.01,4342.97,4105.17,4109.68,597766.00000000
2022-08-28 17:00:00,4105.18,4272.77,4080.00,4231.98,393074.50000000
2022-08-29 17:00:00,4231.98,4493.00,4203.05,4238.49,908090.30000000
2022-08-30 17:00:00,4230.00,4338.58,4151.01,4190.81,435306.60000000
2022-08-31 17:00:00,4190.81,4219.80,3967.00,4115.99,592172.20000000
2022-09-01 17:00:00,4105.02,4199.28,3967.00,4029.69,511575.80000000
2022-09-02 17:00:00,4033.84,4065.35,4000.00,4031.45,241167.40000000
2022-09-03 17:00:00,4022.43,4050.00,3980.00,4009.55,358691.20000000
2022-09-04 17:00:00,4009.56,4047.01,3962.46,4031.79,342003.10000000
2022-09-05 17:00:00,4032.67,4114.74,3738.01,3741.01,785149.30000000
2022-09-06 17:00:00,3741.01,3979.98,3690.55,3909.68,519299.40000000
2022-09-07 17:00:00,3909.75,4211.15,3871.00,3930.11,765019.00000000
2022-09-08 17:00:00,3915.99,4149.00,3915.98,4100.32,724341.40000000
2022-09-09 17:00:00,4110.32,4840.00,4006.00,4230.00,2316310.70000000
2022-09-10 17:00:00,4225.82,4410.00,4120.00,4223.01,819114.20000000
2022-09-11 17:00:00,4223.01,4248.00,4034.00,4109.43,761859.10000000
2022-09-12 17:00:00,4090.51,4140.00,3912.86,3936.80,680979.70000000
2022-09-13 17:00:00,3936.81,4030.00,3900.00,4000.00,366923.70000000
2022-09-14 17:00:00,4000.75,4020.00,3845.24,3866.43,479484.60000000
2022-09-15 17:00:00,3866.74,3920.00,3850.00,3917.00,262838.20000000
2022-09-16 17:00:00,3917.00,4030.25,3885.96,3963.93,342344.00000000
2022-09-17 17:00:00,3963.93,4018.01,3759.87,3811.85,554518.40000000
2022-09-18 17:00:00,3811.85,3880.34,3700.00,3863.57,523569.70000000
2022-09-19 17:00:00,3863.57,3949.97,3773.61,3804.50,435667.10000000
2022-09-20 17:00:00,3783.89,3879.95,3666.00,3700.00,499498.30000000
2022-09-21 17:00:00,3703.50,3842.00,3691.33,3828.19,374776.20000000
2022-09-22 17:00:00,3841.98,3870.00,3766.28,3814.37,353523.70000000
2022-09-23 17:00:00,3812.05,3851.95,3784.90,3815.05,211538.80000000
2022-09-24 17:00:00,3809.23,3829.18,3744.93,3771.57,257582.80000000
2022-09-25 17:00:00,3776.62,3834.99,3725.02,3806.50,281331.40000000
2022-09-26 17:00:00,3806.50,3873.91,3720.00,3749.80,659903.80000000
2022-09-27 17:00:00,3749.82,3799.00,3698.00,3760.17,414586.40000000
2022-09-28 17:00:00,3760.78,3956.87,3730.00,3915.74,612614.80000000
2022-09-29 17:00:00,3915.74,3929.94,3800.00,3824.39,343312.50000000
2022-09-30 17:00:00,3824.36,3880.14,3800.01,3825.13,196630.10000000
2022-10-01 17:00:00,3835.08,4062.00,3751.59,3800.01,642842.80000000
2022-10-02 17:00:00,3807.66,3974.71,3792.26,3934.44,276835.90000000
2022-10-03 17:00:00,3942.51,3960.00,3880.00,3901.03,222564.00000000
2022-10-04 17:00:00,3901.03,3926.54,3794.02,3859.00,282534.50000000
2022-10-05 17:00:00,3858.00,3878.55,3810.00,3828.34,180511.80000000
2022-10-06 17:00:00,3828.34,3835.88,3752.83,3780.02,158676.40000000
2022-10-07 17:00:00,3779.96,3816.23,3758.70,3759.02,130361.70000000
2022-10-08 17:00:00,3759.04,3830.00,3755.00,3787.20,126434.20000000
2022-10-09 17:00:00,3785.02,3820.00,3703.18,3705.14,218112.80000000
2022-10-10 17:00:00,3705.14,3721.06,3571.00,3586.83,385853.30000000
2022-10-11 17:00:00,3581.01,3638.89,3571.00,3595.08,131589.40000000
2022-10-12 17:00:00,3595.09,3600.98,3370.01,3523.86,358430.10000000
2022-10-13 17:00:00,3523.86,3643.39,3477.57,3536.04,344449.00000000
2022-10-14 17:00:00,3536.07,4200.00,3510.52,3727.85,1472359.20000000
2022-10-15 17:00:00,3727.85,4150.00,3723.04,3834.95,844318.10000000
2022-10-16 17:00:00,3834.69,3920.00,3771.55,3804.02,312320.80000000
2022-10-17 17:00:00,3809.99,3848.61,3725.00,3736.08,224365.50000000
2022-10-18 17:00:00,3736.06,3743.90,3582.01,3593.61,355979.50000000
2022-10-19 17:00:00,3610.84,3690.49,3560.00,3595.02,269610.30000000
2022-10-20 17:00:00,3595.00,3644.39,3516.23,3593.83,186411.30000000
2022-10-21 17:00:00,3593.83,3720.00,3575.79,3625.52,254620.80000000
2022-10-22 17:00:00,3627.00,3746.54,3600.00,3625.00,219562.20000000
2022-10-23 17:00:00,3625.00,3646.32,3590.00,3598.90,194930.20000000
2022-10-24 17:00:00,3598.90,3700.00,3575.00,3635.90,225968.10000000
2022-10-25 17:00:00,3635.95,4151.91,3620.00,3735.00,963667.90000000
2022-10-26 17:00:00,3731.83,4020.00,3729.00,3807.38,467594.80000000
2022-10-27 17:00:00,3804.56,3819.86,3659.95,3747.19,311890.50000000
2022-10-28 17:00:00,3748.12,3925.00,3738.60,3838.30,365220.90000000
2022-10-29 17:00:00,3840.00,3958.45,3790.00,3798.60,348872.60000000
2022-10-30 17:00:00,3798.60,3881.89,3770.64,3806.65,394525.40000000
2022-10-31 17:00:00,3806.67,3860.47,3764.00,3768.95,231699.00000000
2022-11-01 17:00:00,3768.18,3812.62,3654.91,3700.16,254139.40000000
2022-11-02 17:00:00,3700.16,3900.00,3692.38,3836.03,402611.10000000
2022-11-03 17:00:00,3836.05,4040.00,3819.89,4001.92,465760.80000000
2022-11-04 17:00:00,3987.63,4076.78,3980.02,4017.52,452421.40000000
2022-11-05 17:00:00,4006.67,4100.00,3900.20,3902.99,285062.80000000
2022-11-06 16:00:00,3902.99,3913.36,3790.00,3826.08,261162.80000000
2022-11-07 16:00:00,3836.68,3845.16,3000.00,3325.60,1020949.60000000
2022-11-08 16:00:00,3323.10,3365.33,2720.00,2771.49,1298016.00000000
2022-11-09 16:00:00,2783.00,3223.00,2772.82,3150.02,554179.90000000
2022-11-10 16:00:00,3150.01,3150.02,2954.57,3060.00,355192.50000000
2022-11-11 16:00:00,3062.00,3163.89,2965.00,2990.40,222308.80000000
2022-11-12 16:00:00,2982.23,3500.00,2981.62,3004.00,938119.50000000
2022-11-13 16:00:00,3012.09,3160.00,2855.44,3135.27,691147.70000000
2022-11-14 16:00:00,3144.97,3200.00,3020.82,3057.40,463878.20000000
2022-11-15 16:00:00,3057.40,3120.67,3000.02,3012.13,157634.10000000
2022-11-16 16:00:00,3012.16,3063.76,2991.34,3005.30,133927.40000000
2022-11-17 16:00:00,3005.32,4150.00,3005.32,3700.70,3622617.00000000
2022-11-18 16:00:00,3699.00,3920.00,3253.54,3296.40,1042557.70000000
2022-11-19 16:00:00,3298.00,3455.99,3220.00,3220.00,461432.40000000
2022-11-20 16:00:00,3220.11,3480.00,3027.61,3173.42,505051.60000000
2022-11-21 16:00:00,3163.53,3225.43,3032.92,3210.00,720285.50000000
2022-11-22 16:00:00,3210.00,5140.00,3210.00,3953.18,6775884.50000000
2022-11-23 16:00:00,3937.43,4500.99,3600.00,3644.00,2095384.50000000
2022-11-24 16:00:00,3644.00,3709.48,3469.36,3530.02,724760.30000000
2022-11-25 16:00:00,3530.01,3794.50,3501.02,3687.13,557704.20000000
2022-11-26 16:00:00,3687.13,5000.00,3670.67,3882.84,3408154.30000000
2022-11-27 16:00:00,3880.77,5000.00,3727.97,4678.00,2437535.00000000
2022-11-28 16:00:00,4696.40,5041.00,4340.00,4446.50,1886453.60000000
2022-11-29 16:00:00,4454.79,4750.00,4421.00,4599.59,975289.10000000
2022-11-30 16:00:00,4599.59,5999.00,4560.00,4742.41,3548635.00000000
2022-12-01 16:00:00,4721.60,4975.00,4529.12,4739.99,979408.10000000
2022-12-02 16:00:00,4745.22,4750.73,4450.00,4450.42,542620.40000000
2022-12-03 16:00:00,4450.01,4710.00,4450.00,4649.60,410778.40000000
2022-12-04 16:00:00,4650.53,4947.12,4545.00,4599.99,881101.90000000
2022-12-05 16:00:00,4599.99,9100.00,4420.00,6607.09,7191711.90000000
2022-12-06 16:00:00,6602.85,7950.00,5900.00,6836.71,3021414.00000000
2022-12-07 16:00:00,6849.30,7999.00,6350.00,6440.00,2561379.40000000
2022-12-08 16:00:00,6428.00,6584.38,5731.07,5805.00,1187385.40000000
2022-12-09 16:00:00,5827.41,6380.00,5573.94,5573.94,971447.60000000
2022-12-10 16:00:00,5573.94,6068.65,5295.00,5939.31,988151.00000000
2022-12-11 16:00:00,5904.00,6140.00,5200.00,5387.74,1045309.50000000
2022-12-12 16:00:00,5376.50,5400.00,4804.63,4983.00,873654.50000000
2022-12-13 16:00:00,4983.00,5350.91,4912.75,5161.55,474720.90000000
2022-12-14 16:00:00,5163.28,5163.28,4860.01,4864.37,367954.10000000
2022-12-15 16:00:00,4866.66,5080.00,4111.00,4207.08,1023241.60000000
2022-12-16 16:00:00,4209.00,4419.94,4025.01,4280.00,677109.60000000
2022-12-17 16:00:00,4280.00,5000.00,4186.47,4571.82,1513852.90000000
2022-12-18 16:00:00,4572.27,6500.00,4407.69,4537.44,9062927.60000000
2022-12-19 16:00:00,4537.60,5200.00,4480.73,4580.15,1472005.20000000
2022-12-20 16:00:00,4586.82,4679.99,4301.00,4368.46,1050773.70000000
2022-12-21 16:00:00,4368.46,4449.99,4050.00,4193.37,924194.30000000
2022-12-22 16:00:00,4185.00,4350.00,4110.04,4124.77,505433.40000000
2022-12-23 16:00:00,4125.01,4203.39,4050.00,4082.91,413761.70000000
2022-12-24 16:00:00,4082.90,4200.00,3789.00,3805.41,695430.10000000
2022-12-25 16:00:00,3805.41,3905.88,3720.88,3775.91,532230.00000000
2022-12-26 16:00:00,3787.00,4200.00,3742.29,4080.63,1055972.10000000
2022-12-27 16:00:00,4077.12,4077.14,3675.00,3704.33,772405.60000000
2022-12-28 16:00:00,3701.00,3860.12,3675.02,3751.24,467383.50000000
2022-12-29 16:00:00,3732.75,3763.76,3485.00,3584.99,661015.30000000
2022-12-30 16:00:00,3586.52,3627.07,3500.00,3562.48,283008.60000000
2022-12-31 16:00:00,3554.77,3601.72,3500.02,3569.00,289662.60000000
2023-01-01 16:00:00,3571.80,3825.00,3523.70,3784.14,677739.60000000
2023-01-02 16:00:00,3784.01,3784.01,3515.00,3582.73,548818.90000000
2023-01-03 16:00:00,3581.61,3734.00,3581.53,3632.79,627641.10000000
2023-01-04 16:00:00,3642.25,3729.99,3520.62,3561.30,557720.80000000
2023-01-05 16:00:00,3558.01,3597.32,3460.00,3582.70,542472.70000000
2023-01-06 16:00:00,3584.38,3665.00,3540.00,3568.76,446203.70000000
2023-01-07 16:00:00,3568.76,3651.34,3550.00,3631.26,360585.10000000
2023-01-08 16:00:00,3631.62,3979.98,3617.74,3759.61,1137439.20000000
2023-01-09 16:00:00,3760.01,4600.00,3739.45,4069.80,3224646.80000000
2023-01-10 16:00:00,4069.80,4788.75,3919.03,4476.64,2177673.50000000
2023-01-11 16:00:00,4457.85,4467.14,4133.38,4266.96,1123069.00000000
2023-01-12 16:00:00,4273.00,4293.52,4126.00,4260.06,870787.40000000
2023-01-13 16:00:00,4267.00,4564.50,4206.55,4312.14,1584500.80000000
2023-01-14 16:00:00,4308.05,4345.00,4100.01,4253.85,878121.50000000
2023-01-15 16:00:00,4239.31,4488.00,4180.00,4350.32,1282496.20000000
2023-01-16 16:00:00,4350.32,4475.00,4240.18,4370.86,879446.80000000
2023-01-17 16:00:00,4370.86,4854.12,4115.00,4157.00,3286918.10000000
2023-01-18 16:00:00,4157.92,4291.30,4088.00,4237.97,832287.50000000
2023-01-19 16:00:00,4237.96,4618.00,4226.66,4587.86,1266290.00000000
2023-01-20 16:00:00,4598.00,4672.00,4405.90,4426.01,1217640.50000000
2023-01-21 16:00:00,4426.00,4600.00,4338.01,4377.89,959856.70000000
2023-01-22 16:00:00,4390.92,4975.00,4387.57,4910.00,1626262.00000000
2023-01-23 16:00:00,4910.00,4910.00,4370.00,4412.31,1389834.20000000
2023-01-24 16:00:00,4412.59,4575.00,4300.76,4485.92,1134660.30000000
2023-01-25 16:00:00,4486.14,4600.00,4372.73,4414.88,761250.00000000
2023-01-26 16:00:00,4414.83,4500.00,4315.00,4422.21,686135.80000000
2023-01-27 16:00:00,4433.26,4699.00,4413.00,4591.56,1245351.90000000
2023-01-28 16:00:00,4599.18,4870.00,4580.00,4730.29,1450760.30000000
2023-01-29 16:00:00,4731.81,6509.26,4580.00,5273.10,6285058.90000000
2023-01-30 16:00:00,5273.11,5555.00,4907.08,5068.85,1684574.20000000
2023-01-31 16:00:00,5076.27,5459.70,4830.01,5102.89,2190536.80000000
2023-02-01 16:00:00,5103.09,6380.00,5102.55,5363.82,2691645.40000000
2023-02-02 16:00:00,5375.79,6184.50,5201.00,5862.07,2767852.50000000
2023-02-03 16:00:00,5855.13,5866.15,5555.00,5600.00,1337423.00000000
2023-02-04 16:00:00,5600.00,5850.00,5200.00,5310.00,1658915.30000000
2023-02-05 16:00:00,5316.66,5639.98,5232.00,5345.00,983451.60000000
2023-02-06 16:00:00,5345.00,5725.97,5345.00,5664.82,1278991.30000000
2023-02-07 16:00:00,5672.02,5701.00,5260.02,5381.57,1331839.40000000
2023-02-08 16:00:00,5398.21,5408.73,4741.07,4790.00,1353095.30000000
2023-02-09 16:00:00,4814.55,5030.00,4700.00,4799.84,709874.90000000
2023-02-10 16:00:00,4799.84,5100.09,4766.36,5019.01,528714.40000000
2023-02-11 16:00:00,5019.01,5144.32,4890.00,4924.46,505734.80000000
2023-02-12 16:00:00,4925.24,4939.00,4517.11,4700.00,859202.20000000
2023-02-13 16:00:00,4700.00,4891.00,4600.00,4845.97,445970.60000000
2023-02-14 16:00:00,4850.64,5105.90,4750.02,5092.03,754733.50000000
2023-02-15 16:00:00,5092.02,5330.21,4800.00,4832.00,1217832.00000000
2023-02-16 16:00:00,4832.00,5188.22,4700.00,4911.66,1069823.70000000
2023-02-17 16:00:00,4911.66,5062.57,4820.01,4913.00,582751.70000000
2023-02-18 16:00:00,4913.00,5172.53,4850.00,5023.00,901713.90000000
2023-02-19 16:00:00,5000.97,6304.07,4898.00,5689.92,4880358.90000000
2023-02-20 16:00:00,5681.51,6979.94,5600.00,5863.84,4312355.00000000
2023-02-21 16:00:00,5827.79,5979.99,5440.00,5721.73,1624761.70000000
2023-02-22 16:00:00,5751.96,6380.00,5650.00,5944.69,2052717.90000000
2023-02-23 16:00:00,5942.27,6170.92,5528.00,5569.34,1272416.30000000
2023-02-24 16:00:00,5569.34,5750.00,5432.12,5613.80,810925.70000000
2023-02-25 16:00:00,5625.00,5786.12,5540.70,5705.33,518347.20000000
2023-02-26 16:00:00,5710.30,5720.00,5490.13,5559.00,690189.10000000
2023-02-27 16:00:00,5558.79,5650.00,5350.00,5372.76,640427.30000000
2023-02-28 16:00:00,5373.34,5588.00,5292.91,5463.77,357394.80000000
2023-03-01 16:00:00,5463.77,5479.97,5142.49,5300.19,492093.00000000
2023-03-02 16:00:00,5300.19,5302.66,4900.00,5033.94,700994.00000000
2023-03-03 16:00:00,5032.92,5047.61,4808.00,4896.88,401271.50000000
2023-03-04 16:00:00,4896.88,4947.91,4810.77,4879.80,249828.60000000
2023-03-05 16:00:00,4879.78,5315.49,4840.76,5075.33,730383.70000000
2023-03-06 16:00:00,5075.33,5190.00,4861.67,5114.81,443156.30000000
2023-03-07 16:00:00,5114.81,5811.00,4900.03,5294.07,2214842.00000000
2023-03-08 16:00:00,5321.46,5501.14,4830.00,4908.91,1293664.40000000
2023-03-09 16:00:00,4908.91,5400.44,4650.02,5175.38,1918675.60000000
2023-03-10 16:00:00,5175.38,5509.57,5000.00,5130.00,1805115.50000000
2023-03-11 16:00:00,5128.21,5449.97,5038.90,5396.43,847109.70000000
2023-03-12 17:00:00,5409.21,5876.56,5267.90,5649.26,2049856.80000000
2023-03-13 17:00:00,5648.86,6000.00,5580.00,5736.00,1656741.00000000
2023-03-14 17:00:00,5711.04,5884.22,5365.20,5511.91,1085319.80000000
2023-03-15 17:00:00,5511.91,5788.96,5442.00,5645.59,594841.20000000
2023-03-16 17:00:00,5646.86,5950.00,5611.40,5915.01,781798.00000000
2023-03-17 17:00:00,5934.99,5999.54,5610.00,5650.71,942566.60000000
2023-03-18 17:00:00,5656.48,5862.00,5569.00,5705.01,823400.80000000
2023-03-19 17:00:00,5705.03,5870.00,5312.91,5332.50,1267428.90000000
2023-03-20 17:00:00,5330.17,5521.05,5130.00,5406.84,726456.80000000
2023-03-21 17:00:00,5406.84,5406.84,5020.11,5121.29,565966.00000000
2023-03-22 17:00:00,5103.73,5280.31,5068.65,5240.00,491669.70000000
2023-03-23 17:00:00,5235.00,5247.97,5050.00,5059.00,336909.60000000
2023-03-24 17:00:00,5065.07,5290.24,5050.73,5234.08,480063.60000000
2023-03-25 17:00:00,5234.11,5401.01,5225.00,5284.38,509260.80000000
2023-03-26 17:00:00,5270.14,5282.02,4900.00,5065.01,762003.00000000
2023-03-27 17:00:00,5065.01,5256.79,4945.23,5123.64,344311.70000000
2023-03-28 17:00:00,5113.06,5250.00,5100.69,5193.19,432067.70000000
2023-03-29 17:00:00,5210.05,5270.42,4970.00,5089.76,573292.70000000
2023-03-30 17:00:00,5081.86,5090.57,4917.00,5008.53,395352.90000000
2023-03-31 17:00:00,5018.29,5250.00,4950.00,5114.11,646274.70000000
2023-04-01 17:00:00,5114.17,5300.00,5102.45,5200.35,839303.50000000
2023-04-02 17:00:00,5200.35,5799.83,5065.08,5430.42,3019176.60000000
2023-04-03 17:00:00,5411.20,5720.80,5226.30,5409.51,835926.30000000
2023-04-04 17:00:00,5415.41,5499.99,5303.00,5375.00,475046.00000000
2023-04-05 17:00:00,5375.00,5375.86,5206.00,5290.00,428969.70000000
2023-04-06 17:00:00,5296.41,5389.00,5153.00,5181.33,315722.90000000
2023-04-07 17:00:00,5180.00,5330.00,5130.00,5271.16,536503.20000000
2023-04-08 17:00:00,5283.19,5303.19,5133.42,5255.00,506774.40000000
2023-04-09 17:00:00,5242.00,5405.00,5220.01,5379.58,573304.00000000
2023-04-10 17:00:00,5380.00,5404.97,5280.00,5307.91,611463.10000000
2023-04-11 17:00:00,5312.36,5353.99,5200.01,5245.97,516009.10000000
2023-04-12 17:00:00,5245.97,5488.00,5201.49,5389.49,870299.00000000
2023-04-13 17:00:00,5401.23,5747.92,5341.00,5655.00,1868796.70000000
2023-04-14 17:00:00,5655.00,5839.99,5534.08,5569.99,983416.90000000
2023-04-15 17:00:00,5568.63,6325.00,5518.98,6220.99,2055556.30000000
2023-04-16 17:00:00,6200.00,6909.57,5780.00,5826.78,2086423.90000000
2023-04-17 17:00:00,5834.45,6025.00,5750.00,5841.17,747461.10000000
2023-04-18 17:00:00,5841.24,5884.62,5450.00,5511.90,1248454.70000000
2023-04-19 17:00:00,5500.00,5661.09,5305.00,5425.00,679284.20000000
2023-04-20 17:00:00,5425.00,5500.00,5150.00,5200.00,790528.10000000
2023-04-21 17:00:00,5183.09,5448.15,5103.00,5417.97,472722.40000000
2023-04-22 17:00:00,5417.97,5417.97,5105.00,5174.26,455386.50000000
2023-04-23 17:00:00,5175.06,5245.96,5080.00,5108.06,388534.30000000
2023-04-24 17:00:00,5108.14,5352.56,5080.00,5335.02,495436.00000000
2023-04-25 17:00:00,5331.94,5404.99,5110.00,5173.39,675699.70000000
2023-04-26 17:00:00,5172.92,5280.28,5090.00,5173.68,515604.10000000
2023-04-27 17:00:00,5173.69,5194.95,5037.00,5087.57,485788.30000000
2023-04-28 17:00:00,5087.57,5233.73,5068.06,5112.02,212794.60000000
2023-04-29 17:00:00,5136.35,5203.00,5085.00,5141.10,237782.50000000
2023-04-30 17:00:00,5141.09,5168.54,5000.00,5031.87,434131.40000000
2023-05-01 17:00:00,5028.42,5099.99,4950.76,5015.83,293737.10000000
2023-05-02 17:00:00,5007.00,5065.17,4900.00,5020.00,373543.10000000
2023-05-03 17:00:00,5020.00,5050.00,4900.93,4900.94,207271.90000000
2023-05-04 17:00:00,4900.94,4962.56,4900.00,4921.96,302794.90000000
2023-05-05 17:00:00,4921.94,4940.06,4570.01,4736.42,637525.30000000
2023-05-06 17:00:00,4736.42,4750.00,4570.66,4570.66,272170.30000000
2023-05-07 17:00:00,4570.66,4584.68,3985.14,4040.42,1024205.10000000
2023-05-08 17:00:00,4036.48,4250.01,4033.07,4247.06,445456.60000000
2023-05-09 17:00:00,4247.06,4330.00,4100.00,4241.04,422426.70000000
2023-05-10 17:00:00,4254.55,4265.25,3925.01,3969.76,442749.40000000
2023-05-11 17:00:00,3965.00,4171.93,3869.00,4160.00,504534.70000000
2023-05-12 17:00:00,4160.00,4165.59,4045.00,4069.84,258462.00000000
2023-05-13 17:00:00,4063.03,4141.00,4030.00,4095.34,182456.20000000
2023-05-14 17:00:00,4095.41,4227.05,4055.17,4116.31,314916.90000000
2023-05-15 17:00:00,4101.13,4281.00,4065.89,4223.37,394540.70000000
2023-05-16 17:00:00,4223.39,4375.01,4211.00,4349.92,371377.80000000
2023-05-17 17:00:00,4350.00,4400.02,4163.17,4200.00,332895.60000000
2023-05-18 17:00:00,4199.99,4334.00,4175.00,4275.02,212374.40000000
2023-05-19 17:00:00,4276.00,4382.09,4225.00,4337.26,405632.20000000
2023-05-20 17:00:00,4337.26,4337.26,4175.00,4176.58,262072.60000000
2023-05-21 17:00:00,4176.58,4234.99,4125.08,4224.37,235440.70000000
2023-05-22 17:00:00,4219.91,4480.00,4198.23,4421.46,539081.60000000
2023-05-23 17:00:00,4424.99,4430.00,4079.10,4124.00,672720.90000000
2023-05-24 17:00:00,4122.35,4293.57,4060.43,4247.70,356969.80000000
2023-05-25 17:00:00,4241.77,4780.00,4187.00,4657.00,1738501.30000000
2023-05-26 17:00:00,4657.00,4914.98,4550.00,4720.00,1282347.70000000
2023-05-27 17:00:00,4720.17,4799.99,4581.35,4712.99,362018.00000000
2023-05-28 17:00:00,4712.99,5036.60,4640.26,4813.84,1097351.70000000
2023-05-29 17:00:00,4830.00,4923.18,4622.00,4730.00,466910.60000000
2023-05-30 17:00:00,4730.00,4746.00,4474.16,4534.59,638373.00000000
2023-05-31 17:00:00,4534.59,4560.69,4376.04,4380.00,307261.30000000
2023-06-01 17:00:00,4383.69,4612.70,4377.00,4511.85,318054.30000000
2023-06-02 17:00:00,4511.85,4600.00,4451.08,4461.48,261298.50000000
2023-06-03 17:00:00,4462.38,4506.57,4383.00,4400.00,256832.20000000
2023-06-04 17:00:00,4398.36,4418.96,3955.00,4045.00,1069433.80000000
2023-06-05 17:00:00,4045.00,4159.66,3940.03,4136.01,506338.60000000
2023-06-06 17:00:00,4146.00,4147.01,3785.00,3810.00,595416.10000000
2023-06-07 17:00:00,3820.12,3925.00,3767.28,3864.49,356437.20000000
2023-06-08 17:00:00,3864.49,3929.99,3775.37,3823.40,270757.00000000
2023-06-09 17:00:00,3823.40,3834.25,3367.27,3420.03,859140.20000000
2023-06-10 17:00:00,3421.00,3480.00,3350.00,3395.19,264813.00000000
2023-06-11 17:00:00,3395.19,3480.00,3329.00,3420.74,299189.80000000
2023-06-12 17:00:00,3439.99,3480.00,3369.12,3411.53,168359.20000000
2023-06-13 17:00:00,3405.31,3517.35,3350.00,3394.85,312771.70000000
2023-06-14 17:00:00,3397.96,3449.00,3333.00,3435.97,187333.50000000
2023-06-15 17:00:00,3427.73,3487.00,3368.68,3454.15,218921.90000000
2023-06-16 17:00:00,3465.40,3931.82,3442.90,3691.83,1100315.30000000
2023-06-17 17:00:00,3691.81,3999.00,3654.20,3852.17,800114.90000000
2023-06-18 17:00:00,3853.67,3853.67,3633.68,3688.59,334025.50000000
2023-06-19 17:00:00,3688.59,3745.00,3550.00,3725.00,343014.90000000
2023-06-20 17:00:00,3738.29,3841.46,3704.74,3788.33,437773.70000000
2023-06-21 17:00:00,3788.33,3964.45,3705.00,3721.15,595528.50000000
2023-06-22 17:00:00,3721.15,3900.00,3705.40,3815.32,255986.40000000
2023-06-23 17:00:00,3814.86,4250.00,3806.25,3916.01,1016476.80000000
2023-06-24 17:00:00,3916.86,4044.18,3853.78,3868.00,360658.20000000
2023-06-25 17:00:00,3858.49,4025.00,3800.00,3907.48,513721.50000000
2023-06-26 17:00:00,3910.51,3942.02,3860.02,3893.59,257335.30000000
2023-06-27 17:00:00,3909.00,3910.00,3629.01,3711.11,275194.60000000
2023-06-28 17:00:00,3722.00,3783.61,3650.58,3710.22,164807.10000000
2023-06-29 17:00:00,3720.00,3915.29,3635.00,3854.49,451578.10000000
2023-06-30 17:00:00,3854.49,3916.07,3774.10,3900.01,211483.10000000
2023-07-01 17:00:00,3900.01,3910.00,3801.00,3841.90,194415.40000000
2023-07-02 17:00:00,3850.01,4020.00,3841.00,4000.81,324848.80000000
2023-07-03 17:00:00,4000.81,4147.52,3932.50,4080.00,515143.20000000
2023-07-04 17:00:00,4077.88,4077.88,3852.00,3930.26,250088.60000000
2023-07-05 17:00:00,3933.00,3990.91,3855.00,3865.16,188924.60000000
2023-07-06 17:00:00,3865.16,3903.04,3805.05,3830.34,210898.00000000
2023-07-07 17:00:00,3830.34,3860.12,3801.02,3821.42,160842.70000000
2023-07-08 17:00:00,3821.42,3839.07,3751.50,3751.50,160692.10000000
2023-07-09 17:00:00,3751.50,3850.00,3702.01,3770.18,212472.50000000
2023-07-10 17:00:00,3770.28,3912.45,3737.00,3790.21,284440.40000000
2023-07-11 17:00:00,3793.95,4235.00,3791.67,3900.00,1246390.90000000
2023-07-12 17:00:00,3906.32,3972.00,3807.31,3938.22,482989.50000000
2023-07-13 17:00:00,3939.29,4296.00,3878.30,3963.00,1834245.20000000
2023-07-14 17:00:00,3970.00,3970.00,3878.00,3895.74,318818.80000000
2023-07-15 17:00:00,3895.62,3900.09,3760.00,3790.49,431221.30000000
2023-07-16 17:00:00,3790.49,3975.79,3740.04,3897.00,593503.40000000
2023-07-17 17:00:00,3897.00,3991.00,3730.00,3765.99,503044.90000000
2023-07-18 17:00:00,3765.99,3927.00,3750.13,3852.00,382592.10000000
2023-07-19 17:00:00,3852.00,3887.31,3766.00,3815.59,242402.20000000
2023-07-20 17:00:00,3830.25,4209.22,3736.02,3936.04,1639845.00000000
2023-07-21 17:00:00,3936.00,4050.00,3822.00,3850.00,562598.90000000
2023-07-22 17:00:00,3849.00,3947.60,3822.00,3932.01,210082.90000000
2023-07-23 17:00:00,3932.02,3951.89,3665.00,3691.00,824724.70000000
2023-07-24 17:00:00,3691.01,3761.01,3625.00,3727.24,359377.40000000
2023-07-25 17:00:00,3725.00,3762.85,3648.00,3741.00,260044.30000000
2023-07-26 17:00:00,3741.10,3790.99,3677.59,3696.34,200687.10000000
2023-07-27 17:00:00,3700.00,3834.49,3690.56,3777.55,212808.00000000
2023-07-28 17:00:00,3777.55,3827.20,3760.53,3794.14,173993.40000000
2023-07-29 17:00:00,3794.15,3860.00,3769.00,3785.00,239852.70000000
2023-07-30 17:00:00,3785.00,3891.00,3753.58,3774.87,408610.60000000
2023-07-31 17:00:00,3769.64,3789.74,3715.00,3775.44,245362.80000000
2023-08-01 17:00:00,3775.39,3792.39,3700.00,3703.20,175582.30000000
2023-08-02 17:00:00,3703.20,3744.72,3682.07,3691.40,139240.20000000
2023-08-03 17:00:00,3691.40,3700.00,3660.00,3661.42,126615.60000000
2023-08-04 17:00:00,3661.82,3684.97,3615.00,3653.97,115868.30000000
2023-08-05 17:00:00,3642.67,3689.64,3617.92,3618.59,221480.80000000
2023-08-06 17:00:00,3635.29,3735.00,3619.95,3716.96,169577.60000000
2023-08-07 17:00:00,3716.96,3790.00,3675.01,3741.10,187156.40000000
2023-08-08 17:00:00,3730.88,4200.00,3702.06,3970.23,2455777.90000000
2023-08-09 17:00:00,3970.44,3970.44,3793.00,3806.01,348663.80000000
2023-08-10 17:00:00,3806.01,3830.10,3683.24,3703.68,615412.60000000
2023-08-11 17:00:00,3693.00,3805.68,3686.57,3786.15,318107.00000000
2023-08-12 17:00:00,3778.64,3848.13,3725.00,3754.14,295527.70000000
2023-08-13 17:00:00,3753.88,3821.59,3734.90,3808.24,257778.60000000
2023-08-14 17:00:00,3819.99,3851.60,3684.20,3701.01,425266.80000000
2023-08-15 17:00:00,3705.34,3777.00,3589.00,3616.00,421165.50000000
2023-08-16 17:00:00,3616.00,3629.41,3479.60,3540.00,330129.50000000
2023-08-17 17:00:00,3551.94,3560.00,3375.00,3461.18,248774.80000000
2023-08-18 17:00:00,3461.23,3590.99,3460.00,3542.00,157412.10000000
2023-08-19 17:00:00,3542.00,3715.50,3529.65,3624.16,197219.40000000
2023-08-20 17:00:00,3634.98,3635.00,3468.92,3529.00,132968.40000000
2023-08-21 17:00:00,3529.12,3529.12,3402.00,3476.24,162906.30000000
2023-08-22 17:00:00,3476.24,3531.26,3428.00,3484.40,143393.30000000
2023-08-23 17:00:00,3491.48,3519.49,3405.00,3416.20,133300.50000000
2023-08-24 17:00:00,3417.71,3575.00,3417.71,3450.01,171734.50000000
2023-08-25 17:00:00,3450.01,3524.00,3450.01,3494.00,116454.80000000
2023-08-26 17:00:00,3494.00,3523.99,3471.10,3476.70,93222.10000000
2023-08-27 17:00:00,3478.09,3498.00,3420.76,3455.65,87828.00000000
2023-08-28 17:00:00,3447.65,3538.88,3400.00,3484.14,289759.90000000
2023-08-29 17:00:00,3484.14,3509.99,3440.01,3442.00,87861.60000000
2023-08-30 17:00:00,3442.00,3516.99,3400.00,3400.00,287176.90000000
2023-08-31 17:00:00,3405.00,3465.00,3350.51,3356.79,199151.20000000
2023-09-01 17:00:00,3360.00,3465.00,3360.00,3429.43,75661.90000000
2023-09-02 17:00:00,3429.43,3445.30,3396.48,3405.72,51633.80000000
