2021-11-09 16:00:00,14.44000000,53.00000000,14.44000000,16.36000000,3499910.44000000
2021-11-10 16:00:00,16.31000000,17.74000000,14.90000000,15.13000000,896744.43000000
2021-11-11 16:00:00,15.13000000,15.21000000,14.23000000,14.58000000,347260.75000000
2021-11-12 16:00:00,14.55000000,15.93000000,14.33000000,15.03000000,405767.10000000
2021-11-13 16:00:00,15.03000000,15.19000000,14.60000000,14.83000000,209428.85000000
2021-11-14 16:00:00,14.85000000,15.50000000,14.68000000,15.00000000,286087.97000000
2021-11-15 16:00:00,15.03000000,15.05000000,13.50000000,14.05000000,299603.82000000
2021-11-16 16:00:00,14.05000000,14.28000000,13.52000000,13.77000000,144822.59000000
2021-11-17 16:00:00,13.77000000,13.81000000,12.60000000,12.70000000,247293.74000000
2021-11-18 16:00:00,12.70000000,14.45000000,12.63000000,13.42000000,286500.97000000
2021-11-19 16:00:00,13.39000000,13.72000000,13.10000000,13.31000000,187652.48000000
2021-11-20 16:00:00,13.31000000,14.30000000,12.88000000,13.11000000,249641.00000000
2021-11-21 16:00:00,13.11000000,14.23000000,12.92000000,13.30000000,371161.22000000
2021-11-22 16:00:00,13.30000000,13.77000000,12.34000000,12.60000000,289851.66000000
2021-11-23 16:00:00,12.64000000,12.77000000,12.09000000,12.35000000,282043.21000000
2021-11-24 16:00:00,12.37000000,12.60000000,12.07000000,12.36000000,192361.19000000
2021-11-25 16:00:00,12.38000000,12.46000000,11.01000000,11.17000000,218819.03000000
2021-11-26 16:00:00,11.18000000,11.75000000,11.17000000,11.43000000,94484.17000000
2021-11-27 16:00:00,11.41000000,11.42000000,10.90000000,11.41000000,91705.74000000
2021-11-28 16:00:00,11.43000000,11.54000000,11.23000000,11.49000000,82098.95000000
2021-11-29 16:00:00,11.49000000,11.84000000,10.95000000,11.06000000,207329.93000000
2021-11-30 16:00:00,11.06000000,11.41000000,10.87000000,10.92000000,133315.79000000
2021-12-01 16:00:00,10.90000000,10.91000000,10.48000000,10.64000000,107596.75000000
2021-12-02 16:00:00,10.64000000,10.89000000,10.00000000,10.19000000,142288.67000000
2021-12-03 16:00:00,10.20000000,10.20000000,8.50000000,9.62000000,229938.83000000
2021-12-04 16:00:00,9.62000000,12.10000000,9.44000000,9.98000000,2146809.64000000
2021-12-05 16:00:00,9.97000000,10.90000000,9.28000000,10.42000000,734647.19000000
2021-12-06 16:00:00,10.40000000,11.00000000,9.93000000,10.29000000,258272.98000000
2021-12-07 16:00:00,10.27000000,10.42000000,9.88000000,10.29000000,134825.32000000
2021-12-08 16:00:00,10.29000000,12.73000000,9.89000000,10.03000000,636341.66000000
2021-12-09 16:00:00,10.01000000,11.00000000,9.68000000,9.79000000,309642.12000000
2021-12-10 16:00:00,9.81000000,11.00000000,9.67000000,10.10000000,462762.57000000
2021-12-11 16:00:00,10.12000000,10.35000000,9.98000000,10.33000000,135161.33000000
2021-12-12 16:00:00,10.33000000,10.44000000,9.37000000,9.66000000,135130.76000000
2021-12-13 16:00:00,9.66000000,9.75000000,9.43000000,9.68000000,87536.88000000
2021-12-14 16:00:00,9.68000000,9.78000000,9.05000000,9.49000000,174700.11000000
2021-12-15 16:00:00,9.49000000,9.60000000,9.04000000,9.08000000,101957.10000000
2021-12-16 16:00:00,9.11000000,9.18000000,8.41000000,8.67000000,151215.83000000
2021-12-17 16:00:00,8.66000000,8.84000000,8.58000000,8.74000000,68193.31000000
2021-12-18 16:00:00,8.74000000,8.95000000,8.51000000,8.58000000,64239.35000000
2021-12-19 16:00:00,8.58000000,10.49000000,7.95000000,9.65000000,440585.47000000
2021-12-20 16:00:00,9.64000000,11.27000000,9.49000000,9.96000000,1274317.10000000
2021-12-21 16:00:00,9.96000000,10.45000000,9.90000000,10.37000000,124187.05000000
2021-12-22 16:00:00,10.37000000,12.00000000,10.18000000,10.97000000,255480.12000000
2021-12-23 16:00:00,10.99000000,11.49000000,10.89000000,11.08000000,107088.81000000
2021-12-24 16:00:00,11.08000000,11.71000000,10.70000000,11.18000000,105017.92000000
2021-12-25 16:00:00,11.18000000,11.45000000,11.05000000,11.25000000,54800.67000000
2021-12-26 16:00:00,11.25000000,11.90000000,11.06000000,11.16000000,104730.95000000
2021-12-27 16:00:00,11.15000000,11.66000000,10.50000000,10.76000000,159015.09000000
2021-12-28 16:00:00,10.75000000,10.90000000,10.20000000,10.30000000,70057.37000000
2021-12-29 16:00:00,10.27000000,10.30000000,10.02000000,10.11000000,60076.25000000
2021-12-30 16:00:00,10.09000000,10.41000000,9.88000000,10.11000000,55035.87000000
2021-12-31 16:00:00,10.12000000,10.42000000,10.12000000,10.37000000,54468.08000000
2022-01-01 16:00:00,10.37000000,10.94000000,10.36000000,10.51000000,63429.90000000
2022-01-02 16:00:00,10.50000000,10.92000000,10.30000000,10.51000000,93732.59000000
2022-01-03 16:00:00,10.54000000,10.83000000,10.41000000,10.56000000,65622.21000000
2022-01-04 16:00:00,10.55000000,10.79000000,9.69000000,10.00000000,107825.23000000
2022-01-05 16:00:00,10.00000000,10.58000000,9.84000000,10.01000000,208739.63000000
2022-01-06 16:00:00,10.01000000,10.19000000,9.70000000,10.01000000,100141.47000000
2022-01-07 16:00:00,10.00000000,10.18000000,9.67000000,9.77000000,78021.62000000
2022-01-08 16:00:00,9.76000000,10.00000000,9.72000000,9.85000000,37077.85000000
2022-01-09 16:00:00,9.87000000,10.34000000,9.52000000,9.84000000,78655.22000000
2022-01-10 16:00:00,9.82000000,10.45000000,9.74000000,10.19000000,213806.75000000
2022-01-11 16:00:00,10.21000000,10.70000000,10.07000000,10.52000000,104487.12000000
2022-01-12 16:00:00,10.51000000,10.73000000,10.26000000,10.34000000,77858.55000000
2022-01-13 16:00:00,10.27000000,10.67000000,10.01000000,10.52000000,77103.06000000
2022-01-14 16:00:00,10.54000000,10.80000000,10.45000000,10.66000000,59368.22000000
2022-01-15 16:00:00,10.65000000,10.79000000,10.47000000,10.52000000,33648.48000000
2022-01-16 16:00:00,10.53000000,10.75000000,10.36000000,10.47000000,75906.09000000
2022-01-17 16:00:00,10.41000000,10.56000000,9.97000000,10.34000000,90221.73000000
2022-01-18 16:00:00,10.33000000,10.46000000,10.05000000,10.22000000,42746.61000000
2022-01-19 16:00:00,10.20000000,10.56000000,10.00000000,10.09000000,58168.03000000
2022-01-20 16:00:00,10.09000000,10.26000000,9.13000000,9.40000000,136858.10000000
2022-01-21 16:00:00,9.39000000,9.53000000,8.38000000,8.68000000,111669.23000000
2022-01-22 16:00:00,8.68000000,9.28000000,8.57000000,8.96000000,51161.19000000
2022-01-23 16:00:00,8.94000000,8.95000000,8.10000000,8.64000000,65207.00000000
2022-01-24 16:00:00,8.64000000,8.84000000,8.46000000,8.63000000,45097.00000000
2022-01-25 16:00:00,8.64000000,9.16000000,8.59000000,8.86000000,81899.44000000
2022-01-26 16:00:00,8.86000000,9.02000000,8.62000000,8.93000000,76863.03000000
2022-01-27 16:00:00,8.93000000,9.12000000,8.83000000,9.05000000,46271.50000000
2022-01-28 16:00:00,9.06000000,9.20000000,9.03000000,9.17000000,32244.86000000
2022-01-29 16:00:00,9.17000000,10.23000000,9.12000000,9.32000000,130636.82000000
2022-01-30 16:00:00,9.35000000,9.66000000,9.12000000,9.62000000,58473.79000000
2022-01-31 16:00:00,9.62000000,10.02000000,9.50000000,9.72000000,55273.16000000
2022-02-01 16:00:00,9.74000000,9.76000000,9.21000000,9.36000000,51313.39000000
2022-02-02 16:00:00,9.36000000,9.75000000,9.24000000,9.57000000,54004.76000000
2022-02-03 16:00:00,9.57000000,9.94000000,9.54000000,9.89000000,62871.55000000
2022-02-04 16:00:00,9.88000000,10.27000000,9.84000000,10.10000000,90802.42000000
2022-02-05 16:00:00,10.10000000,10.35000000,10.05000000,10.26000000,54463.50000000
2022-02-06 16:00:00,10.29000000,10.54000000,10.11000000,10.40000000,90264.42000000
2022-02-07 16:00:00,10.38000000,10.68000000,10.09000000,10.47000000,100435.42000000
2022-02-08 16:00:00,10.45000000,11.39000000,10.42000000,10.91000000,229524.23000000
2022-02-09 16:00:00,10.93000000,11.13000000,10.35000000,10.60000000,106229.86000000
2022-02-10 16:00:00,10.59000000,11.04000000,9.92000000,10.10000000,140757.62000000
2022-02-11 16:00:00,10.11000000,11.25000000,9.94000000,11.03000000,173627.60000000
2022-02-12 16:00:00,11.03000000,11.31000000,10.70000000,11.07000000,253920.55000000
2022-02-13 16:00:00,11.07000000,11.85000000,10.97000000,11.42000000,209235.42000000
2022-02-14 16:00:00,11.44000000,11.86000000,11.01000000,11.15000000,266654.45000000
2022-02-15 16:00:00,11.13000000,11.14000000,10.61000000,10.78000000,130083.41000000
2022-02-16 16:00:00,10.78000000,10.85000000,10.07000000,10.24000000,89483.39000000
2022-02-17 16:00:00,10.26000000,10.50000000,9.96000000,10.17000000,69008.68000000
2022-02-18 16:00:00,10.17000000,10.40000000,9.85000000,9.90000000,59786.34000000
2022-02-19 16:00:00,9.94000000,10.09000000,9.22000000,9.77000000,105429.37000000
2022-02-20 16:00:00,9.79000000,10.04000000,9.01000000,9.06000000,87332.22000000
2022-02-21 16:00:00,9.05000000,9.67000000,8.91000000,9.51000000,58112.25000000
2022-02-22 16:00:00,9.45000000,9.75000000,9.21000000,9.28000000,44170.08000000
2022-02-23 16:00:00,9.27000000,9.31000000,8.21000000,8.97000000,176628.82000000
2022-02-24 16:00:00,8.96000000,9.50000000,8.92000000,9.37000000,71611.33000000
2022-02-25 16:00:00,9.34000000,9.58000000,9.30000000,9.33000000,28462.50000000
2022-02-26 16:00:00,9.32000000,10.30000000,9.04000000,9.35000000,348790.22000000
2022-02-27 16:00:00,9.34000000,10.94000000,9.14000000,10.15000000,683591.56000000
2022-02-28 16:00:00,10.15000000,10.46000000,9.99000000,10.14000000,144611.89000000
2022-03-01 16:00:00,10.13000000,10.30000000,10.00000000,10.14000000,77874.58000000
2022-03-02 16:00:00,10.15000000,10.38000000,9.86000000,10.07000000,78899.39000000
2022-03-03 16:00:00,10.07000000,11.57000000,9.94000000,10.37000000,549100.92000000
2022-03-04 16:00:00,10.37000000,10.72000000,10.25000000,10.56000000,85590.58000000
2022-03-05 16:00:00,10.56000000,10.80000000,10.20000000,10.30000000,86785.25000000
2022-03-06 16:00:00,10.31000000,10.62000000,10.08000000,10.23000000,88937.72000000
2022-03-07 16:00:00,10.23000000,10.40000000,10.00000000,10.15000000,96677.57000000
2022-03-08 16:00:00,10.14000000,10.85000000,10.09000000,10.46000000,269696.95000000
2022-03-09 16:00:00,10.47000000,10.70000000,10.13000000,10.26000000,206082.83000000
2022-03-10 16:00:00,10.25000000,10.90000000,10.11000000,10.59000000,367948.18000000
2022-03-11 16:00:00,10.60000000,13.58000000,10.37000000,11.93000000,2054341.75000000
2022-03-12 16:00:00,11.93000000,14.20000000,11.57000000,11.77000000,1281197.61000000
2022-03-13 17:00:00,11.77000000,12.86000000,11.11000000,11.32000000,363980.28000000
2022-03-14 17:00:00,11.29000000,12.11000000,11.11000000,11.22000000,297908.60000000
2022-03-15 17:00:00,11.23000000,11.94000000,11.01000000,11.83000000,290018.10000000
2022-03-16 17:00:00,11.86000000,12.79000000,11.65000000,12.50000000,284571.84000000
2022-03-17 17:00:00,12.50000000,13.08000000,12.20000000,12.43000000,303492.72000000
2022-03-18 17:00:00,12.45000000,12.73000000,12.30000000,12.43000000,161231.42000000
2022-03-19 17:00:00,12.43000000,12.74000000,12.02000000,12.22000000,164465.72000000
2022-03-20 17:00:00,12.20000000,13.89000000,12.12000000,13.70000000,362327.35000000
2022-03-21 17:00:00,13.69000000,15.28000000,13.05000000,13.41000000,989797.53000000
2022-03-22 17:00:00,13.40000000,13.96000000,13.11000000,13.31000000,205028.65000000
2022-03-23 17:00:00,13.31000000,13.73000000,13.24000000,13.53000000,128985.45000000
2022-03-24 17:00:00,13.52000000,14.96000000,13.41000000,14.45000000,264662.61000000
2022-03-25 17:00:00,14.46000000,14.80000000,14.06000000,14.26000000,183946.82000000
2022-03-26 17:00:00,14.27000000,14.44000000,13.86000000,14.36000000,141493.47000000
2022-03-27 17:00:00,14.36000000,14.98000000,14.23000000,14.47000000,138018.80000000
2022-03-28 17:00:00,14.47000000,16.27000000,14.45000000,16.06000000,323126.33000000
2022-03-29 17:00:00,16.07000000,16.15000000,15.53000000,15.89000000,181554.71000000
2022-03-30 17:00:00,15.89000000,16.82000000,15.69000000,16.52000000,281404.70000000
2022-03-31 17:00:00,16.50000000,18.30000000,16.20000000,17.97000000,375157.12000000
2022-04-01 17:00:00,17.95000000,18.47000000,17.56000000,17.95000000,214624.58000000
2022-04-02 17:00:00,17.94000000,17.97000000,17.10000000,17.59000000,217025.97000000
2022-04-03 17:00:00,17.56000000,18.10000000,16.39000000,17.25000000,249876.41000000
2022-04-04 17:00:00,17.25000000,17.47000000,15.81000000,16.16000000,479657.72000000
2022-04-05 17:00:00,16.15000000,16.39000000,14.93000000,15.06000000,265754.52000000
2022-04-06 17:00:00,15.06000000,16.66000000,14.70000000,15.79000000,308559.07000000
2022-04-07 17:00:00,15.81000000,16.45000000,15.39000000,15.51000000,111208.33000000
2022-04-08 17:00:00,15.53000000,16.09000000,15.38000000,15.80000000,101107.26000000
2022-04-09 17:00:00,15.80000000,16.40000000,15.37000000,15.66000000,347316.99000000
2022-04-10 17:00:00,15.67000000,16.08000000,14.70000000,14.90000000,194382.85000000
2022-04-11 17:00:00,14.90000000,15.52000000,14.72000000,15.42000000,121500.44000000
2022-04-12 17:00:00,15.40000000,16.29000000,15.16000000,15.34000000,347309.90000000
2022-04-13 17:00:00,15.32000000,15.52000000,15.04000000,15.20000000,125534.20000000
2022-04-14 17:00:00,15.18000000,15.90000000,15.10000000,15.35000000,87539.02000000
2022-04-15 17:00:00,15.34000000,15.72000000,14.97000000,15.16000000,107713.75000000
2022-04-16 17:00:00,15.14000000,15.25000000,14.70000000,14.87000000,76540.91000000
2022-04-17 17:00:00,14.83000000,14.89000000,13.80000000,14.72000000,184531.15000000
2022-04-18 17:00:00,14.72000000,15.26000000,14.48000000,14.97000000,142129.06000000
2022-04-19 17:00:00,14.98000000,15.12000000,14.36000000,14.85000000,157004.56000000
2022-04-20 17:00:00,14.85000000,14.99000000,14.25000000,14.38000000,121702.32000000
2022-04-21 17:00:00,14.37000000,14.54000000,13.88000000,14.35000000,118295.56000000
2022-04-22 17:00:00,14.32000000,14.60000000,14.17000000,14.32000000,98430.22000000
2022-04-23 17:00:00,14.32000000,14.60000000,12.95000000,13.07000000,230815.78000000
2022-04-24 17:00:00,13.05000000,13.09000000,11.38000000,12.53000000,534963.81000000
2022-04-25 17:00:00,12.53000000,13.46000000,11.47000000,11.53000000,759955.20000000
2022-04-26 17:00:00,11.52000000,12.76000000,11.33000000,12.22000000,352225.45000000
2022-04-27 17:00:00,12.22000000,12.44000000,11.48000000,11.74000000,255725.15000000
2022-04-28 17:00:00,11.74000000,12.25000000,11.52000000,12.08000000,228534.54000000
2022-04-29 17:00:00,12.07000000,12.69000000,11.11000000,11.36000000,403909.72000000
2022-04-30 17:00:00,11.35000000,11.73000000,11.13000000,11.61000000,146486.33000000
2022-05-01 17:00:00,11.62000000,12.23000000,11.44000000,11.97000000,144599.05000000
2022-05-02 17:00:00,11.98000000,12.23000000,11.56000000,11.89000000,153423.95000000
2022-05-03 17:00:00,11.89000000,12.85000000,9.49000000,10.17000000,1400439.09000000
2022-05-04 17:00:00,10.17000000,10.30000000,8.54000000,8.65000000,969078.17000000
2022-05-05 17:00:00,8.66000000,8.73000000,8.01000000,8.23000000,396405.42000000
2022-05-06 17:00:00,8.23000000,9.56000000,8.15000000,8.88000000,796873.22000000
2022-05-07 17:00:00,8.89000000,9.75000000,8.05000000,8.10000000,1269981.48000000
2022-05-08 17:00:00,8.11000000,8.34000000,6.80000000,6.81000000,577260.17000000
2022-05-09 17:00:00,6.80000000,7.57000000,6.32000000,6.87000000,478487.45000000
2022-05-10 17:00:00,6.89000000,7.04000000,4.05000000,4.27000000,684307.00000000
2022-05-11 17:00:00,4.28000000,4.64000000,3.53000000,4.09000000,344086.40000000
2022-05-12 17:00:00,4.10000000,5.56000000,4.05000000,4.86000000,366000.02000000
2022-05-13 17:00:00,4.81000000,5.24000000,4.64000000,5.13000000,193932.05000000
2022-05-14 17:00:00,5.15000000,5.20000000,4.70000000,4.99000000,326864.01000000
2022-05-15 17:00:00,4.98000000,4.98000000,4.46000000,4.56000000,152750.14000000
2022-05-16 17:00:00,4.58000000,5.97000000,4.57000000,5.35000000,491125.94000000
2022-05-17 17:00:00,5.36000000,7.95000000,5.27000000,6.45000000,2034638.94000000
2022-05-18 17:00:00,6.44000000,7.38000000,5.81000000,7.17000000,590457.72000000
2022-05-19 17:00:00,7.18000000,8.15000000,6.77000000,7.81000000,831094.57000000
2022-05-20 17:00:00,7.80000000,7.85000000,7.17000000,7.56000000,336228.45000000
2022-05-21 17:00:00,7.56000000,7.66000000,5.86000000,5.97000000,2120445.66000000
2022-05-22 17:00:00,5.97000000,6.68000000,5.58000000,5.66000000,848627.66000000
2022-05-23 17:00:00,5.65000000,6.03000000,5.40000000,5.55000000,324937.30000000
2022-05-24 17:00:00,5.55000000,6.88000000,5.45000000,5.92000000,768289.57000000
2022-05-25 17:00:00,5.93000000,6.14000000,5.21000000,5.37000000,309827.74000000
2022-05-26 17:00:00,5.37000000,5.47000000,4.86000000,5.30000000,262232.88000000
2022-05-27 17:00:00,5.30000000,5.90000000,5.23000000,5.42000000,381140.75000000
2022-05-28 17:00:00,5.42000000,5.51000000,5.20000000,5.37000000,156386.31000000
2022-05-29 17:00:00,5.36000000,5.55000000,5.30000000,5.45000000,179790.67000000
2022-05-30 17:00:00,5.44000000,5.47000000,5.22000000,5.27000000,215736.49000000
2022-05-31 17:00:00,5.27000000,5.62000000,5.09000000,5.28000000,298934.36000000
2022-06-01 17:00:00,5.27000000,5.51000000,5.20000000,5.34000000,202852.43000000
2022-06-02 17:00:00,5.33000000,5.36000000,5.15000000,5.25000000,97320.12000000
2022-06-03 17:00:00,5.26000000,5.82000000,5.25000000,5.48000000,460478.06000000
2022-06-04 17:00:00,5.48000000,5.56000000,5.38000000,5.42000000,157171.88000000
2022-06-05 17:00:00,5.41000000,5.93000000,5.40000000,5.58000000,278450.84000000
2022-06-06 17:00:00,5.58000000,5.72000000,5.37000000,5.42000000,253205.17000000
2022-06-07 17:00:00,5.42000000,5.78000000,5.31000000,5.48000000,324461.08000000
2022-06-08 17:00:00,5.47000000,6.02000000,5.40000000,5.60000000,548133.55000000
2022-06-09 17:00:00,5.60000000,5.75000000,5.30000000,5.42000000,224530.68000000
2022-06-10 17:00:00,5.43000000,5.56000000,5.01000000,5.07000000,170900.40000000
2022-06-11 17:00:00,5.05000000,5.09000000,4.57000000,4.64000000,159612.01000000
2022-06-12 17:00:00,4.64000000,4.82000000,4.35000000,4.54000000,300846.05000000
2022-06-13 17:00:00,4.54000000,4.71000000,4.32000000,4.42000000,213559.07000000
2022-06-14 17:00:00,4.42000000,4.48000000,4.00000000,4.45000000,329847.26000000
2022-06-15 17:00:00,4.45000000,4.51000000,4.02000000,4.04000000,248112.68000000
2022-06-16 17:00:00,4.04000000,4.25000000,4.01000000,4.11000000,208665.01000000
2022-06-17 17:00:00,4.10000000,5.20000000,3.81000000,4.18000000,1938900.42000000
2022-06-18 17:00:00,4.18000000,4.39000000,4.05000000,4.29000000,375720.89000000
2022-06-19 17:00:00,4.30000000,4.56000000,4.09000000,4.33000000,381314.53000000
2022-06-20 17:00:00,4.33000000,4.58000000,4.27000000,4.44000000,346110.94000000
2022-06-21 17:00:00,4.43000000,4.51000000,4.28000000,4.40000000,212197.90000000
2022-06-22 17:00:00,4.39000000,5.25000000,4.37000000,4.54000000,773376.99000000
2022-06-23 17:00:00,4.54000000,4.89000000,4.53000000,4.75000000,331000.48000000
2022-06-24 17:00:00,4.76000000,4.87000000,4.61000000,4.78000000,170355.77000000
2022-06-25 17:00:00,4.77000000,4.86000000,4.56000000,4.59000000,168952.41000000
2022-06-26 17:00:00,4.60000000,4.83000000,4.55000000,4.67000000,147823.55000000
2022-06-27 17:00:00,4.68000000,4.80000000,4.57000000,4.63000000,193082.90000000
2022-06-28 17:00:00,4.64000000,4.71000000,4.49000000,4.54000000,107394.14000000
2022-06-29 17:00:00,4.56000000,4.60000000,4.29000000,4.40000000,132150.68000000
2022-06-30 17:00:00,4.41000000,4.48000000,4.31000000,4.37000000,83747.39000000
2022-07-01 17:00:00,4.37000000,4.54000000,4.33000000,4.45000000,106100.40000000
2022-07-02 17:00:00,4.45000000,4.47000000,4.38000000,4.42000000,41602.97000000
2022-07-03 17:00:00,4.42000000,4.54000000,4.34000000,4.52000000,101928.65000000
2022-07-04 17:00:00,4.51000000,4.66000000,4.33000000,4.44000000,143436.10000000
2022-07-05 17:00:00,4.45000000,4.56000000,4.44000000,4.50000000,84798.86000000
2022-07-06 17:00:00,4.50000000,4.68000000,4.47000000,4.57000000,123894.31000000
2022-07-07 17:00:00,4.57000000,4.67000000,4.47000000,4.54000000,92620.32000000
2022-07-08 17:00:00,4.54000000,4.67000000,4.53000000,4.62000000,68718.65000000
2022-07-09 17:00:00,4.62000000,4.64000000,4.47000000,4.48000000,48640.51000000
2022-07-10 17:00:00,4.47000000,4.57000000,4.31000000,4.37000000,54917.99000000
2022-07-11 17:00:00,4.36000000,4.41000000,4.21000000,4.26000000,45514.47000000
2022-07-12 17:00:00,4.28000000,4.46000000,4.12000000,4.44000000,74057.14000000
2022-07-13 17:00:00,4.42000000,4.45000000,4.31000000,4.43000000,56047.65000000
2022-07-14 17:00:00,4.44000000,5.09000000,4.40000000,4.80000000,606248.63000000
2022-07-15 17:00:00,4.81000000,5.20000000,4.65000000,4.83000000,543188.61000000
2022-07-16 17:00:00,4.84000000,4.91000000,4.71000000,4.78000000,113191.97000000
2022-07-17 17:00:00,4.77000000,5.04000000,4.77000000,4.97000000,280385.57000000
2022-07-18 17:00:00,4.94000000,5.13000000,4.81000000,5.00000000,216105.99000000
2022-07-19 17:00:00,5.02000000,5.18000000,4.73000000,4.74000000,214643.74000000
2022-07-20 17:00:00,4.74000000,4.91000000,4.69000000,4.89000000,124622.90000000
2022-07-21 17:00:00,4.88000000,4.98000000,4.71000000,4.80000000,93418.32000000
2022-07-22 17:00:00,4.80000000,4.86000000,4.68000000,4.82000000,74044.17000000
2022-07-23 17:00:00,4.83000000,5.04000000,4.81000000,4.85000000,154919.31000000
2022-07-24 17:00:00,4.85000000,4.99000000,4.76000000,4.76000000,155764.52000000
2022-07-25 17:00:00,4.78000000,4.92000000,4.65000000,4.90000000,154308.15000000
2022-07-26 17:00:00,4.90000000,5.18000000,4.82000000,5.05000000,557363.27000000
2022-07-27 17:00:00,5.05000000,5.50000000,5.01000000,5.36000000,561138.94000000
2022-07-28 17:00:00,5.37000000,6.30000000,5.24000000,5.95000000,739951.77000000
2022-07-29 17:00:00,5.96000000,6.98000000,5.52000000,5.64000000,779323.98000000
2022-07-30 17:00:00,5.64000000,5.95000000,5.59000000,5.68000000,182715.32000000
2022-07-31 17:00:00,5.68000000,6.24000000,5.57000000,6.10000000,502051.80000000
2022-08-01 17:00:00,6.10000000,6.50000000,5.80000000,6.03000000,422518.63000000
2022-08-02 17:00:00,6.01000000,6.13000000,5.88000000,5.99000000,118276.62000000
2022-08-03 17:00:00,6.00000000,6.40000000,5.80000000,5.82000000,263087.64000000
2022-08-04 17:00:00,5.84000000,6.12000000,5.84000000,6.06000000,120232.64000000
2022-08-05 17:00:00,6.06000000,6.28000000,5.98000000,6.11000000,173931.65000000
2022-08-06 17:00:00,6.10000000,6.31000000,5.99000000,6.04000000,257411.21000000
2022-08-07 17:00:00,6.04000000,6.16000000,6.00000000,6.04000000,122247.02000000
2022-08-08 17:00:00,6.04000000,6.13000000,5.75000000,5.85000000,131649.44000000
2022-08-09 17:00:00,5.85000000,6.04000000,5.73000000,5.97000000,120783.67000000
2022-08-10 17:00:00,5.98000000,6.08000000,5.89000000,5.91000000,90105.87000000
2022-08-11 17:00:00,5.91000000,6.15000000,5.88000000,6.13000000,176794.02000000
2022-08-12 17:00:00,6.13000000,6.31000000,6.01000000,6.06000000,156964.04000000
2022-08-13 17:00:00,6.05000000,6.30000000,5.93000000,6.17000000,349644.52000000
2022-08-14 17:00:00,6.19000000,6.24000000,5.96000000,6.12000000,281421.86000000
2022-08-15 17:00:00,6.12000000,6.39000000,6.04000000,6.14000000,336444.50000000
2022-08-16 17:00:00,6.14000000,7.11000000,5.98000000,6.22000000,1339169.92000000
2022-08-17 17:00:00,6.22000000,7.60000000,6.22000000,6.85000000,2564566.23000000
2022-08-18 17:00:00,6.85000000,7.88000000,6.46000000,7.02000000,2564045.85000000
2022-08-19 17:00:00,7.02000000,7.36000000,6.31000000,6.52000000,825266.29000000
2022-08-20 17:00:00,6.54000000,7.10000000,6.46000000,6.56000000,499908.97000000
2022-08-21 17:00:00,6.57000000,6.98000000,6.53000000,6.95000000,597171.11000000
2022-08-22 17:00:00,6.95000000,7.38000000,6.75000000,7.16000000,488269.65000000
2022-08-23 17:00:00,7.16000000,7.59000000,6.89000000,6.94000000,593083.99000000
2022-08-24 17:00:00,6.94000000,7.07000000,6.69000000,6.84000000,234668.15000000
2022-08-25 17:00:00,6.86000000,6.87000000,5.91000000,6.04000000,342662.40000000
2022-08-26 17:00:00,6.04000000,6.25000000,5.82000000,6.18000000,244474.81000000
2022-08-27 17:00:00,6.18000000,6.73000000,6.02000000,6.04000000,368480.00000000
2022-08-28 17:00:00,6.04000000,6.39000000,5.99000000,6.38000000,139373.75000000
2022-08-29 17:00:00,6.38000000,6.40000000,6.10000000,6.14000000,176102.27000000
2022-08-30 17:00:00,6.15000000,6.90000000,6.15000000,6.70000000,597048.31000000
2022-08-31 17:00:00,6.70000000,7.20000000,6.45000000,6.91000000,624849.14000000
2022-09-01 17:00:00,6.91000000,7.23000000,6.74000000,7.11000000,344894.14000000
2022-09-02 17:00:00,7.10000000,7.27000000,6.79000000,6.87000000,419750.65000000
2022-09-03 17:00:00,6.88000000,6.96000000,6.65000000,6.81000000,174673.70000000
2022-09-04 17:00:00,6.80000000,6.96000000,6.64000000,6.72000000,212544.23000000
2022-09-05 17:00:00,6.72000000,6.89000000,6.22000000,6.26000000,302067.74000000
2022-09-06 17:00:00,6.27000000,6.57000000,6.10000000,6.41000000,241799.75000000
2022-09-07 17:00:00,6.41000000,6.56000000,6.24000000,6.37000000,135662.40000000
2022-09-08 17:00:00,6.37000000,6.62000000,6.37000000,6.47000000,208583.95000000
2022-09-09 17:00:00,6.48000000,6.76000000,6.46000000,6.62000000,152418.24000000
2022-09-10 17:00:00,6.63000000,7.20000000,6.58000000,6.73000000,400047.40000000
2022-09-11 17:00:00,6.74000000,6.91000000,6.45000000,6.71000000,211231.68000000
2022-09-12 17:00:00,6.71000000,6.89000000,6.35000000,6.47000000,352990.64000000
2022-09-13 17:00:00,6.46000000,6.57000000,5.95000000,6.20000000,332091.49000000
2022-09-14 17:00:00,6.21000000,6.46000000,5.89000000,6.06000000,323876.90000000
2022-09-15 17:00:00,6.05000000,6.38000000,5.99000000,6.26000000,218025.62000000
2022-09-16 17:00:00,6.26000000,6.36000000,6.19000000,6.35000000,110342.14000000
2022-09-17 17:00:00,6.35000000,6.52000000,5.95000000,6.01000000,275091.98000000
2022-09-18 17:00:00,6.02000000,6.22000000,5.78000000,6.05000000,215049.15000000
2022-09-19 17:00:00,6.04000000,6.07000000,5.89000000,5.90000000,125289.07000000
2022-09-20 17:00:00,5.90000000,6.18000000,5.78000000,5.89000000,193023.04000000
2022-09-21 17:00:00,5.88000000,6.35000000,5.85000000,6.27000000,204477.48000000
2022-09-22 17:00:00,6.27000000,6.80000000,6.23000000,6.74000000,552710.28000000
2022-09-23 17:00:00,6.74000000,6.97000000,6.46000000,6.68000000,448774.80000000
2022-09-24 17:00:00,6.69000000,6.99000000,6.63000000,6.91000000,495663.62000000
2022-09-25 17:00:00,6.91000000,7.80000000,6.70000000,6.72000000,1545474.39000000
2022-09-26 17:00:00,6.72000000,6.97000000,6.47000000,6.63000000,500158.18000000
2022-09-27 17:00:00,6.63000000,6.75000000,6.19000000,6.53000000,310855.40000000
2022-09-28 17:00:00,6.55000000,6.80000000,6.47000000,6.62000000,183900.57000000
2022-09-29 17:00:00,6.63000000,6.71000000,6.48000000,6.53000000,154352.15000000
2022-09-30 17:00:00,6.53000000,6.66000000,6.49000000,6.53000000,108190.22000000
2022-10-01 17:00:00,6.52000000,6.67000000,6.24000000,6.30000000,221574.17000000
2022-10-02 17:00:00,6.30000000,6.42000000,6.12000000,6.40000000,173975.78000000
2022-10-03 17:00:00,6.39000000,6.54000000,6.34000000,6.52000000,206542.20000000
2022-10-04 17:00:00,6.52000000,6.54000000,6.30000000,6.44000000,158882.07000000
2022-10-05 17:00:00,6.43000000,6.48000000,6.36000000,6.40000000,99478.35000000
2022-10-06 17:00:00,6.41000000,6.51000000,6.30000000,6.47000000,111214.50000000
2022-10-07 17:00:00,6.47000000,6.55000000,6.37000000,6.41000000,75769.61000000
2022-10-08 17:00:00,6.41000000,6.47000000,6.34000000,6.40000000,48507.13000000
2022-10-09 17:00:00,6.40000000,6.49000000,5.82000000,5.83000000,245129.87000000
2022-10-10 17:00:00,5.82000000,5.92000000,5.39000000,5.78000000,267884.74000000
2022-10-11 17:00:00,5.78000000,5.85000000,5.57000000,5.67000000,158171.55000000
2022-10-12 17:00:00,5.67000000,5.76000000,5.10000000,5.61000000,360349.20000000
2022-10-13 17:00:00,5.61000000,5.84000000,5.54000000,5.59000000,173645.17000000
2022-10-14 17:00:00,5.59000000,5.82000000,5.55000000,5.74000000,133455.89000000
2022-10-15 17:00:00,5.75000000,5.96000000,5.62000000,5.69000000,147361.96000000
2022-10-16 17:00:00,5.69000000,5.83000000,5.58000000,5.79000000,120707.43000000
2022-10-17 17:00:00,5.79000000,6.03000000,5.71000000,5.82000000,195358.20000000
2022-10-18 17:00:00,5.83000000,5.85000000,5.50000000,5.56000000,116784.65000000
2022-10-19 17:00:00,5.55000000,5.64000000,5.35000000,5.52000000,121212.05000000
2022-10-20 17:00:00,5.50000000,5.72000000,5.16000000,5.52000000,214847.71000000
2022-10-21 17:00:00,5.53000000,5.73000000,5.45000000,5.67000000,138994.44000000
2022-10-22 17:00:00,5.67000000,5.75000000,5.51000000,5.63000000,82409.16000000
2022-10-23 17:00:00,5.63000000,5.90000000,5.52000000,5.71000000,133415.92000000
2022-10-24 17:00:00,5.71000000,5.92000000,5.69000000,5.80000000,304545.33000000
2022-10-25 17:00:00,5.78000000,5.94000000,5.75000000,5.79000000,111915.82000000
2022-10-26 17:00:00,5.82000000,6.03000000,5.68000000,5.69000000,146662.37000000
2022-10-27 17:00:00,5.69000000,5.87000000,5.48000000,5.80000000,114100.54000000
2022-10-28 17:00:00,5.82000000,5.92000000,5.66000000,5.76000000,171707.58000000
2022-10-29 17:00:00,5.76000000,6.25000000,5.73000000,5.92000000,490102.42000000
2022-10-30 17:00:00,5.92000000,6.08000000,5.67000000,5.92000000,277960.06000000
2022-10-31 17:00:00,5.92000000,6.08000000,5.77000000,5.81000000,176179.66000000
2022-11-01 17:00:00,5.82000000,5.85000000,5.52000000,5.74000000,211688.33000000
2022-11-02 17:00:00,5.74000000,5.89000000,5.65000000,5.73000000,279018.13000000
2022-11-03 17:00:00,5.73000000,5.90000000,5.67000000,5.85000000,208317.22000000
2022-11-04 17:00:00,5.86000000,6.27000000,5.86000000,6.08000000,639587.14000000
2022-11-05 17:00:00,6.09000000,6.52000000,6.00000000,6.05000000,777423.79000000
2022-11-06 16:00:00,6.05000000,6.36000000,5.92000000,6.10000000,352050.72000000
2022-11-07 16:00:00,6.11000000,6.11000000,4.51000000,5.11000000,1383250.03000000
2022-11-08 16:00:00,5.12000000,5.21000000,4.00000000,4.07000000,674256.05000000
2022-11-09 16:00:00,4.06000000,5.01000000,4.04000000,4.83000000,438002.71000000
2022-11-10 16:00:00,4.82000000,5.04000000,4.45000000,4.73000000,417727.02000000
2022-11-11 16:00:00,4.73000000,4.94000000,4.32000000,4.49000000,210200.87000000
2022-11-12 16:00:00,4.49000000,4.62000000,4.32000000,4.49000000,216661.57000000
2022-11-13 16:00:00,4.49000000,4.72000000,4.23000000,4.55000000,232773.33000000
2022-11-14 16:00:00,4.55000000,5.24000000,4.50000000,4.96000000,630980.03000000
2022-11-15 16:00:00,4.95000000,5.19000000,4.72000000,4.80000000,510578.40000000
2022-11-16 16:00:00,4.80000000,4.94000000,4.58000000,4.82000000,356977.04000000
2022-11-17 16:00:00,4.82000000,5.24000000,4.81000000,5.02000000,521953.44000000
2022-11-18 16:00:00,5.02000000,5.04000000,4.70000000,4.78000000,291075.45000000
2022-11-19 16:00:00,4.76000000,4.87000000,4.21000000,4.27000000,587263.34000000
2022-11-20 16:00:00,4.25000000,4.37000000,3.94000000,4.16000000,450368.46000000
2022-11-21 16:00:00,4.16000000,4.39000000,4.02000000,4.24000000,369152.75000000
2022-11-22 16:00:00,4.24000000,4.42000000,4.08000000,4.24000000,231451.46000000
2022-11-23 16:00:00,4.24000000,4.34000000,4.14000000,4.22000000,177777.37000000
2022-11-24 16:00:00,4.21000000,4.33000000,4.07000000,4.27000000,180436.74000000
2022-11-25 16:00:00,4.27000000,4.42000000,4.17000000,4.19000000,187444.21000000
2022-11-26 16:00:00,4.19000000,4.24000000,4.15000000,4.16000000,96631.61000000
2022-11-27 16:00:00,4.16000000,4.23000000,4.01000000,4.14000000,175511.24000000
2022-11-28 16:00:00,4.14000000,4.34000000,4.04000000,4.12000000,212982.74000000
2022-11-29 16:00:00,4.13000000,4.23000000,4.10000000,4.19000000,124308.82000000
2022-11-30 16:00:00,4.19000000,4.19000000,4.11000000,4.17000000,119737.19000000
2022-12-01 16:00:00,4.16000000,4.26000000,4.11000000,4.24000000,165940.15000000
2022-12-02 16:00:00,4.24000000,4.31000000,4.12000000,4.13000000,115566.29000000
2022-12-03 16:00:00,4.14000000,4.73000000,4.06000000,4.21000000,642573.34000000
2022-12-04 16:00:00,4.22000000,4.27000000,4.10000000,4.13000000,152461.14000000
2022-12-05 16:00:00,4.14000000,4.26000000,4.09000000,4.17000000,257676.64000000
2022-12-06 16:00:00,4.17000000,4.20000000,4.00000000,4.06000000,116206.85000000
2022-12-07 16:00:00,4.06000000,4.21000000,3.98000000,4.10000000,327203.13000000
2022-12-08 16:00:00,4.10000000,4.21000000,4.02000000,4.10000000,358798.74000000
2022-12-09 16:00:00,4.10000000,4.20000000,4.03000000,4.09000000,315175.27000000
2022-12-10 16:00:00,4.10000000,4.14000000,4.04000000,4.05000000,42165.98000000
2022-12-11 16:00:00,4.05000000,4.06000000,3.89000000,3.98000000,115210.38000000
2022-12-12 16:00:00,3.99000000,4.02000000,3.78000000,3.94000000,154961.89000000
2022-12-13 16:00:00,3.95000000,4.24000000,3.88000000,4.19000000,327177.84000000
2022-12-14 16:00:00,4.19000000,4.51000000,4.07000000,4.10000000,564400.63000000
2022-12-15 16:00:00,4.11000000,4.20000000,3.76000000,3.89000000,358778.38000000
2022-12-16 16:00:00,3.90000000,4.11000000,3.83000000,3.96000000,174060.02000000
2022-12-17 16:00:00,3.97000000,4.29000000,3.93000000,4.02000000,256816.45000000
2022-12-18 16:00:00,4.02000000,4.06000000,3.86000000,3.86000000,73814.65000000
2022-12-19 16:00:00,3.87000000,4.05000000,3.87000000,4.00000000,51623.59000000
2022-12-20 16:00:00,4.00000000,4.04000000,3.95000000,3.99000000,46322.02000000
2022-12-21 16:00:00,3.99000000,4.05000000,3.96000000,4.00000000,26525.73000000
2022-12-22 16:00:00,4.01000000,4.08000000,3.96000000,4.04000000,41495.79000000
2022-12-23 16:00:00,4.04000000,4.08000000,4.02000000,4.06000000,32334.12000000
2022-12-24 16:00:00,4.06000000,4.19000000,4.06000000,4.07000000,64034.24000000
2022-12-25 16:00:00,4.08000000,4.25000000,4.05000000,4.13000000,62019.91000000
2022-12-26 16:00:00,4.13000000,4.18000000,4.06000000,4.11000000,39394.94000000
2022-12-27 16:00:00,4.10000000,4.11000000,4.00000000,4.03000000,44030.47000000
2022-12-28 16:00:00,4.03000000,4.10000000,4.00000000,4.05000000,42203.45000000
2022-12-29 16:00:00,4.04000000,4.10000000,3.96000000,4.02000000,56812.21000000
2022-12-30 16:00:00,4.02000000,4.17000000,3.99000000,4.00000000,120980.47000000
2022-12-31 16:00:00,4.00000000,4.04000000,3.98000000,4.02000000,42356.21000000
2023-01-01 16:00:00,4.02000000,4.06000000,3.99000000,4.04000000,71000.85000000
2023-01-02 16:00:00,4.04000000,4.14000000,4.00000000,4.14000000,59943.13000000
2023-01-03 16:00:00,4.14000000,4.19000000,4.08000000,4.11000000,61897.88000000
2023-01-04 16:00:00,4.12000000,5.03000000,4.10000000,4.47000000,1475358.16000000
2023-01-05 16:00:00,4.47000000,4.49000000,4.22000000,4.29000000,256151.32000000
2023-01-06 16:00:00,4.30000000,4.31000000,4.25000000,4.28000000,55531.08000000
2023-01-07 16:00:00,4.28000000,4.34000000,4.23000000,4.27000000,101279.01000000
2023-01-08 16:00:00,4.27000000,4.37000000,4.23000000,4.31000000,177408.61000000
2023-01-09 16:00:00,4.31000000,4.45000000,4.31000000,4.40000000,173039.19000000
2023-01-10 16:00:00,4.40000000,4.43000000,4.33000000,4.38000000,92208.84000000
2023-01-11 16:00:00,4.39000000,4.46000000,4.32000000,4.41000000,103567.84000000
2023-01-12 16:00:00,4.42000000,4.62000000,4.39000000,4.55000000,149113.32000000
2023-01-13 16:00:00,4.55000000,5.00000000,4.42000000,4.68000000,775530.99000000
2023-01-14 16:00:00,4.68000000,4.77000000,4.49000000,4.62000000,302745.81000000
2023-01-15 16:00:00,4.61000000,4.69000000,4.52000000,4.59000000,150990.51000000
2023-01-16 16:00:00,4.58000000,4.73000000,4.53000000,4.65000000,97865.59000000
2023-01-17 16:00:00,4.67000000,4.70000000,4.28000000,4.33000000,165164.66000000
2023-01-18 16:00:00,4.33000000,4.58000000,4.32000000,4.51000000,187283.82000000
2023-01-19 16:00:00,4.51000000,4.74000000,4.46000000,4.67000000,208312.78000000
2023-01-20 16:00:00,4.67000000,4.80000000,4.57000000,4.60000000,143659.38000000
2023-01-21 16:00:00,4.59000000,4.81000000,4.55000000,4.60000000,190411.43000000
2023-01-22 16:00:00,4.61000000,4.71000000,4.56000000,4.65000000,94515.78000000
2023-01-23 16:00:00,4.66000000,4.69000000,4.37000000,4.41000000,124755.27000000
2023-01-24 16:00:00,4.41000000,4.65000000,4.32000000,4.55000000,161333.90000000
2023-01-25 16:00:00,4.55000000,4.63000000,4.51000000,4.57000000,80128.68000000
2023-01-26 16:00:00,4.59000000,4.68000000,4.48000000,4.60000000,121045.69000000
2023-01-27 16:00:00,4.59000000,4.67000000,4.55000000,4.57000000,104413.65000000
2023-01-28 16:00:00,4.56000000,4.66000000,4.55000000,4.59000000,80819.56000000
2023-01-29 16:00:00,4.59000000,4.65000000,4.34000000,4.41000000,160074.72000000
2023-01-30 16:00:00,4.41000000,4.47000000,4.24000000,4.26000000,289058.58000000
2023-01-31 16:00:00,4.26000000,4.38000000,4.16000000,4.32000000,253004.66000000
2023-02-01 16:00:00,4.32000000,4.47000000,4.27000000,4.34000000,152134.15000000
2023-02-02 16:00:00,4.34000000,4.49000000,4.30000000,4.44000000,130659.20000000
2023-02-03 16:00:00,4.46000000,4.68000000,4.44000000,4.51000000,181253.50000000
2023-02-04 16:00:00,4.51000000,4.62000000,4.30000000,4.34000000,156595.45000000
2023-02-05 16:00:00,4.34000000,4.41000000,4.26000000,4.29000000,105165.83000000
2023-02-06 16:00:00,4.31000000,4.58000000,4.29000000,4.53000000,195066.59000000
2023-02-07 16:00:00,4.54000000,5.53000000,4.50000000,4.94000000,1166746.24000000
2023-02-08 16:00:00,4.94000000,5.51000000,4.54000000,4.57000000,713199.68000000
2023-02-09 16:00:00,4.58000000,4.92000000,4.53000000,4.64000000,222529.87000000
2023-02-10 16:00:00,4.66000000,5.12000000,4.64000000,5.04000000,284600.83000000
2023-02-11 16:00:00,5.02000000,5.90000000,4.93000000,5.20000000,809958.97000000
2023-02-12 16:00:00,5.22000000,5.31000000,4.86000000,4.96000000,304511.40000000
2023-02-13 16:00:00,4.96000000,5.04000000,4.77000000,4.95000000,301981.21000000
2023-02-14 16:00:00,4.95000000,5.45000000,4.88000000,5.28000000,529619.19000000
2023-02-15 16:00:00,5.26000000,5.34000000,5.06000000,5.11000000,291206.42000000
2023-02-16 16:00:00,5.13000000,5.61000000,5.11000000,5.50000000,200699.89000000
2023-02-17 16:00:00,5.47000000,5.69000000,5.11000000,5.23000000,340176.73000000
2023-02-18 16:00:00,5.21000000,5.30000000,5.10000000,5.14000000,158036.37000000
2023-02-19 16:00:00,5.14000000,5.24000000,5.00000000,5.14000000,200395.69000000
2023-02-20 16:00:00,5.14000000,5.25000000,5.03000000,5.09000000,187621.95000000
2023-02-21 16:00:00,5.10000000,5.18000000,4.93000000,4.98000000,215529.03000000
2023-02-22 16:00:00,4.98000000,5.01000000,4.85000000,4.90000000,166465.15000000
2023-02-23 16:00:00,4.90000000,4.97000000,4.71000000,4.86000000,162785.05000000
2023-02-24 16:00:00,4.87000000,5.09000000,4.71000000,4.80000000,251329.04000000
2023-02-25 16:00:00,4.80000000,4.83000000,4.73000000,4.80000000,54811.05000000
2023-02-26 16:00:00,4.78000000,4.82000000,4.70000000,4.73000000,53254.93000000
2023-02-27 16:00:00,4.74000000,4.79000000,4.64000000,4.68000000,71972.51000000
2023-02-28 16:00:00,4.68000000,4.81000000,4.65000000,4.74000000,76719.75000000
2023-03-01 16:00:00,4.74000000,4.76000000,4.63000000,4.64000000,56368.55000000
2023-03-02 16:00:00,4.65000000,4.65000000,4.32000000,4.53000000,130253.77000000
2023-03-03 16:00:00,4.51000000,4.87000000,4.40000000,4.45000000,368001.80000000
2023-03-04 16:00:00,4.45000000,4.50000000,4.40000000,4.40000000,82507.58000000
2023-03-05 16:00:00,4.40000000,4.49000000,4.36000000,4.44000000,77669.27000000
2023-03-06 16:00:00,4.45000000,4.66000000,4.39000000,4.60000000,171092.72000000
2023-03-07 16:00:00,4.58000000,4.82000000,4.47000000,4.55000000,437621.56000000
2023-03-08 16:00:00,4.54000000,4.78000000,4.21000000,4.40000000,218151.41000000
2023-03-09 16:00:00,4.40000000,4.50000000,4.27000000,4.44000000,155719.82000000
2023-03-10 16:00:00,4.46000000,4.65000000,4.33000000,4.52000000,148359.71000000
2023-03-11 16:00:00,4.51000000,4.63000000,4.43000000,4.59000000,130808.21000000
2023-03-12 17:00:00,4.58000000,4.72000000,4.52000000,4.65000000,246751.81000000
2023-03-13 17:00:00,4.65000000,4.86000000,4.63000000,4.75000000,259249.60000000
2023-03-14 17:00:00,4.75000000,4.79000000,4.50000000,4.53000000,178215.27000000
2023-03-15 17:00:00,4.53000000,4.60000000,4.30000000,4.58000000,97134.71000000
2023-03-16 17:00:00,4.58000000,4.74000000,4.52000000,4.65000000,166776.43000000
2023-03-17 17:00:00,4.64000000,4.70000000,4.54000000,4.57000000,107812.53000000
2023-03-18 17:00:00,4.57000000,4.63000000,4.49000000,4.50000000,116662.76000000
2023-03-19 17:00:00,4.50000000,4.56000000,4.43000000,4.45000000,117559.18000000
2023-03-20 17:00:00,4.45000000,4.54000000,4.40000000,4.42000000,89256.11000000
2023-03-21 17:00:00,4.42000000,4.47000000,4.25000000,4.35000000,105019.56000000
2023-03-22 17:00:00,4.35000000,4.52000000,4.32000000,4.42000000,78302.85000000
2023-03-23 17:00:00,4.43000000,4.53000000,4.35000000,4.47000000,123140.98000000
2023-03-24 17:00:00,4.46000000,4.50000000,4.36000000,4.39000000,66065.44000000
2023-03-25 17:00:00,4.39000000,4.46000000,4.37000000,4.42000000,35805.48000000
2023-03-26 17:00:00,4.43000000,4.45000000,4.30000000,4.35000000,67994.92000000
2023-03-27 17:00:00,4.35000000,4.42000000,4.31000000,4.37000000,41994.12000000
2023-03-28 17:00:00,4.36000000,4.50000000,4.36000000,4.46000000,59135.52000000
2023-03-29 17:00:00,4.46000000,4.63000000,4.42000000,4.54000000,249453.89000000
2023-03-30 17:00:00,4.54000000,4.58000000,4.44000000,4.53000000,106803.89000000
2023-03-31 17:00:00,4.54000000,4.59000000,4.47000000,4.51000000,105361.95000000
2023-04-01 17:00:00,4.51000000,4.58000000,4.47000000,4.57000000,113918.19000000
2023-04-02 17:00:00,4.56000000,4.61000000,4.42000000,4.53000000,127469.17000000
2023-04-03 17:00:00,4.53000000,4.69000000,4.46000000,4.59000000,91604.47000000
2023-04-04 17:00:00,4.60000000,4.71000000,4.57000000,4.68000000,67482.12000000
2023-04-05 17:00:00,4.68000000,4.79000000,4.64000000,4.74000000,89416.25000000
2023-04-06 17:00:00,4.74000000,5.03000000,4.69000000,4.93000000,277480.91000000
2023-04-07 17:00:00,4.93000000,6.39000000,4.92000000,5.23000000,3457879.25000000
2023-04-08 17:00:00,5.23000000,5.77000000,5.03000000,5.31000000,1483500.20000000
2023-04-09 17:00:00,5.31000000,6.91000000,5.19000000,5.81000000,3781683.82000000
2023-04-10 17:00:00,5.80000000,6.27000000,5.64000000,5.69000000,2092008.15000000
2023-04-11 17:00:00,5.69000000,5.73000000,5.39000000,5.46000000,705985.46000000
2023-04-12 17:00:00,5.47000000,6.05000000,5.46000000,5.74000000,565696.03000000
2023-04-13 17:00:00,5.74000000,5.86000000,5.64000000,5.74000000,388016.05000000
2023-04-14 17:00:00,5.74000000,5.90000000,5.67000000,5.79000000,268497.17000000
2023-04-15 17:00:00,5.79000000,6.23000000,5.77000000,6.13000000,672754.86000000
2023-04-16 17:00:00,6.14000000,7.11000000,6.05000000,6.61000000,2126380.88000000
2023-04-17 17:00:00,6.60000000,6.77000000,6.41000000,6.68000000,530158.33000000
2023-04-18 17:00:00,6.68000000,6.86000000,5.97000000,6.08000000,954150.57000000
2023-04-19 17:00:00,6.07000000,6.33000000,5.88000000,6.15000000,425047.37000000
2023-04-20 17:00:00,6.15000000,6.50000000,5.93000000,6.30000000,705072.98000000
2023-04-21 17:00:00,6.31000000,6.98000000,6.17000000,6.43000000,1081276.18000000
2023-04-22 17:00:00,6.45000000,6.79000000,6.39000000,6.54000000,577971.74000000
2023-04-23 17:00:00,6.56000000,7.41000000,6.47000000,7.28000000,1050174.94000000
2023-04-24 17:00:00,7.28000000,7.61000000,6.85000000,7.07000000,1007696.91000000
2023-04-25 17:00:00,7.08000000,7.55000000,6.90000000,7.06000000,951423.35000000
2023-04-26 17:00:00,7.06000000,7.22000000,6.77000000,6.89000000,400201.01000000
2023-04-27 17:00:00,6.89000000,6.94000000,6.57000000,6.67000000,387297.81000000
2023-04-28 17:00:00,6.66000000,6.95000000,6.66000000,6.80000000,222388.11000000
2023-04-29 17:00:00,6.79000000,7.20000000,6.66000000,6.70000000,571926.57000000
2023-04-30 17:00:00,6.71000000,6.82000000,6.58000000,6.69000000,227528.84000000
2023-05-01 17:00:00,6.69000000,6.78000000,6.59000000,6.65000000,210588.64000000
2023-05-02 17:00:00,6.65000000,6.82000000,6.46000000,6.57000000,298867.83000000
2023-05-03 17:00:00,6.58000000,6.77000000,6.49000000,6.75000000,204810.34000000
2023-05-04 17:00:00,6.74000000,6.87000000,6.60000000,6.67000000,208916.18000000
2023-05-05 17:00:00,6.67000000,6.85000000,6.45000000,6.57000000,365350.14000000
2023-05-06 17:00:00,6.56000000,6.73000000,6.42000000,6.51000000,206609.82000000
2023-05-07 17:00:00,6.53000000,6.58000000,5.94000000,6.18000000,370811.15000000
2023-05-08 17:00:00,6.19000000,6.48000000,5.79000000,5.82000000,731227.76000000
2023-05-09 17:00:00,5.82000000,5.85000000,5.42000000,5.63000000,468362.18000000
2023-05-10 17:00:00,5.63000000,5.65000000,5.18000000,5.25000000,277154.19000000
2023-05-11 17:00:00,5.25000000,5.53000000,4.91000000,5.46000000,356812.75000000
2023-05-12 17:00:00,5.46000000,5.51000000,5.32000000,5.44000000,148519.61000000
2023-05-13 17:00:00,5.44000000,5.77000000,5.38000000,5.51000000,337348.53000000
2023-05-14 17:00:00,5.51000000,5.84000000,5.49000000,5.80000000,203351.15000000
2023-05-15 17:00:00,5.82000000,5.83000000,5.49000000,5.75000000,312981.42000000
2023-05-16 17:00:00,5.75000000,5.86000000,5.49000000,5.52000000,735670.63000000
2023-05-17 17:00:00,5.53000000,5.53000000,5.19000000,5.28000000,434478.67000000
2023-05-18 17:00:00,5.29000000,5.79000000,5.25000000,5.66000000,541836.47000000
2023-05-19 17:00:00,5.66000000,6.00000000,5.31000000,5.37000000,744118.35000000
2023-05-20 17:00:00,5.37000000,5.60000000,5.08000000,5.34000000,449961.92000000
2023-05-21 17:00:00,5.34000000,5.34000000,5.14000000,5.22000000,244242.48000000
2023-05-22 17:00:00,5.21000000,5.53000000,5.15000000,5.43000000,395159.15000000
2023-05-23 17:00:00,5.44000000,6.20000000,5.21000000,5.31000000,1687856.28000000
2023-05-24 17:00:00,5.31000000,5.57000000,5.26000000,5.32000000,495202.98000000
2023-05-25 17:00:00,5.32000000,5.43000000,5.30000000,5.32000000,270759.01000000
2023-05-26 17:00:00,5.31000000,5.36000000,5.23000000,5.24000000,203214.32000000
2023-05-27 17:00:00,5.24000000,5.39000000,5.22000000,5.31000000,302250.16000000
2023-05-28 17:00:00,5.31000000,5.36000000,5.12000000,5.18000000,263747.90000000
2023-05-29 17:00:00,5.18000000,5.25000000,5.03000000,5.18000000,346944.18000000
2023-05-30 17:00:00,5.17000000,5.23000000,5.01000000,5.04000000,360550.78000000
2023-05-31 17:00:00,5.04000000,5.21000000,5.01000000,5.12000000,453923.44000000
2023-06-01 17:00:00,5.11000000,5.39000000,5.08000000,5.32000000,416454.04000000
2023-06-02 17:00:00,5.32000000,5.37000000,5.14000000,5.21000000,347533.48000000
2023-06-03 17:00:00,5.21000000,5.37000000,5.18000000,5.29000000,359038.96000000
2023-06-04 17:00:00,5.28000000,5.95000000,4.96000000,5.40000000,2417668.11000000
2023-06-05 17:00:00,5.40000000,5.66000000,5.27000000,5.41000000,864607.97000000
2023-06-06 17:00:00,5.40000000,5.41000000,5.01000000,5.11000000,532143.71000000
2023-06-07 17:00:00,5.11000000,5.46000000,5.01000000,5.35000000,824475.56000000
2023-06-08 17:00:00,5.35000000,5.64000000,5.15000000,5.29000000,1046953.92000000
2023-06-09 17:00:00,5.29000000,5.31000000,3.63000000,3.86000000,4223223.97000000
2023-06-10 17:00:00,3.86000000,3.91000000,3.58000000,3.64000000,1162001.53000000
2023-06-11 17:00:00,3.64000000,3.68000000,3.31000000,3.41000000,1020587.84000000
2023-06-12 17:00:00,3.41000000,3.61000000,3.33000000,3.44000000,1251861.43000000
2023-06-13 17:00:00,3.43000000,3.50000000,3.10000000,3.17000000,781221.31000000
2023-06-14 17:00:00,3.17000000,3.21000000,3.11000000,3.14000000,477886.88000000
2023-06-15 17:00:00,3.14000000,3.21000000,3.09000000,3.16000000,530479.03000000
2023-06-16 17:00:00,3.16000000,3.23000000,3.13000000,3.16000000,264291.09000000
2023-06-17 17:00:00,3.16000000,3.24000000,3.04000000,3.06000000,451117.54000000
2023-06-18 17:00:00,3.05000000,3.13000000,3.01000000,3.06000000,392627.15000000
2023-06-19 17:00:00,3.06000000,3.25000000,3.04000000,3.13000000,488424.73000000
2023-06-20 17:00:00,3.12000000,3.20000000,3.11000000,3.18000000,469885.77000000
2023-06-21 17:00:00,3.19000000,3.27000000,3.01000000,3.02000000,641140.80000000
2023-06-22 17:00:00,3.02000000,3.13000000,3.02000000,3.07000000,448852.89000000
2023-06-23 17:00:00,3.08000000,3.20000000,3.05000000,3.10000000,586128.62000000
2023-06-24 17:00:00,3.09000000,3.18000000,3.06000000,3.08000000,307300.13000000
2023-06-25 17:00:00,3.08000000,3.36000000,3.04000000,3.13000000,1386157.47000000
2023-06-26 17:00:00,3.12000000,3.15000000,3.06000000,3.11000000,273677.81000000
2023-06-27 17:00:00,3.12000000,3.12000000,2.59000000,2.95000000,565367.29000000
2023-06-28 17:00:00,2.94000000,3.14000000,2.94000000,2.99000000,419032.60000000
2023-06-29 17:00:00,2.99000000,3.08000000,2.86000000,3.00000000,368640.99000000
2023-06-30 17:00:00,2.99000000,3.04000000,2.96000000,3.04000000,199113.33000000
2023-07-01 17:00:00,3.04000000,3.04000000,2.98000000,3.02000000,167292.96000000
2023-07-02 17:00:00,3.03000000,3.08000000,3.01000000,3.03000000,220360.76000000
2023-07-03 17:00:00,3.03000000,3.09000000,3.02000000,3.04000000,206634.40000000
2023-07-04 17:00:00,3.04000000,3.07000000,2.95000000,2.98000000,179916.45000000
2023-07-05 17:00:00,2.98000000,3.04000000,2.93000000,2.94000000,188187.24000000
2023-07-06 17:00:00,2.94000000,3.26000000,2.93000000,3.13000000,1450744.21000000
2023-07-07 17:00:00,3.13000000,3.25000000,3.06000000,3.08000000,452558.32000000
2023-07-08 17:00:00,3.08000000,3.11000000,3.05000000,3.09000000,175504.20000000
2023-07-09 17:00:00,3.09000000,3.09000000,3.01000000,3.05000000,190124.57000000
2023-07-10 17:00:00,3.05000000,3.06000000,3.03000000,3.05000000,128979.92000000
2023-07-11 17:00:00,3.05000000,3.13000000,3.02000000,3.05000000,162926.40000000
2023-07-12 17:00:00,3.05000000,3.13000000,3.03000000,3.11000000,304683.54000000
2023-07-13 17:00:00,3.11000000,3.15000000,3.01000000,3.07000000,261846.92000000
2023-07-14 17:00:00,3.07000000,3.17000000,3.02000000,3.07000000,232464.48000000
2023-07-15 17:00:00,3.06000000,3.09000000,3.02000000,3.04000000,122874.61000000
2023-07-16 17:00:00,3.03000000,3.07000000,2.99000000,3.04000000,217140.24000000
2023-07-17 17:00:00,3.03000000,3.08000000,2.95000000,2.96000000,240468.61000000
2023-07-18 17:00:00,2.96000000,3.00000000,2.94800000,2.94900000,161645.36000000
2023-07-19 17:00:00,2.95000000,2.99700000,2.94400000,2.97500000,142957.18000000
2023-07-20 17:00:00,2.97500000,3.05900000,2.96400000,2.99900000,235722.70000000
2023-07-21 17:00:00,2.99900000,3.14000000,2.97400000,3.12600000,257238.41000000
2023-07-22 17:00:00,3.13000000,3.43500000,3.00500000,3.08200000,1377570.68000000
2023-07-23 17:00:00,3.08500000,3.29000000,3.07000000,3.15800000,1174209.84000000
2023-07-24 17:00:00,3.15700000,3.20700000,3.09000000,3.19400000,436791.42000000
2023-07-25 17:00:00,3.19400000,3.20400000,3.09000000,3.11800000,250092.35000000
2023-07-26 17:00:00,3.12000000,3.57700000,3.08800000,3.41100000,1722136.92000000
2023-07-27 17:00:00,3.41100000,3.53900000,3.25000000,3.28400000,573846.24000000
2023-07-28 17:00:00,3.28200000,3.37800000,3.25100000,3.28300000,244163.54000000
2023-07-29 17:00:00,3.28300000,3.60000000,3.25300000,3.38100000,1120327.91000000
2023-07-30 17:00:00,3.38300000,3.51000000,3.34800000,3.40100000,604285.00000000
2023-07-31 17:00:00,3.40100000,3.48800000,3.37300000,3.41900000,205768.10000000
2023-08-01 17:00:00,3.41900000,3.43100000,3.34600000,3.39200000,240744.28000000
2023-08-02 17:00:00,3.38800000,3.45000000,3.37700000,3.43500000,257933.06000000
2023-08-03 17:00:00,3.43100000,3.58100000,3.42100000,3.45600000,400605.79000000
2023-08-04 17:00:00,3.45500000,3.46100000,3.29100000,3.33700000,251761.65000000
2023-08-05 17:00:00,3.33300000,3.40200000,3.31100000,3.36000000,213053.13000000
2023-08-06 17:00:00,3.35100000,3.44100000,3.28000000,3.34300000,304539.57000000
2023-08-07 17:00:00,3.34100000,3.41300000,3.32800000,3.35600000,135166.30000000
2023-08-08 17:00:00,3.35200000,3.42400000,3.32200000,3.34700000,174603.74000000
2023-08-09 17:00:00,3.35000000,3.40500000,3.33200000,3.36200000,217159.69000000
2023-08-10 17:00:00,3.36700000,3.39200000,3.34100000,3.35700000,92340.37000000
2023-08-11 17:00:00,3.36300000,3.37300000,3.33500000,3.34200000,74423.12000000
2023-08-12 17:00:00,3.34200000,3.53400000,3.31500000,3.36800000,298120.03000000
2023-08-13 17:00:00,3.36600000,3.62400000,3.31600000,3.42100000,750330.36000000
2023-08-14 17:00:00,3.42100000,3.44900000,3.28800000,3.29400000,344648.41000000
2023-08-15 17:00:00,3.29000000,3.31400000,3.08700000,3.11600000,292345.31000000
2023-08-16 17:00:00,3.12100000,3.37900000,2.85100000,3.02800000,935757.19000000
2023-08-17 17:00:00,3.03500000,3.15800000,2.94900000,3.05000000,361914.26000000
2023-08-18 17:00:00,3.05000000,3.20200000,3.03400000,3.13200000,406118.45000000
2023-08-19 17:00:00,3.13600000,3.21800000,3.09800000,3.12000000,243297.62000000
2023-08-20 17:00:00,3.12000000,3.14100000,3.06400000,3.09500000,133190.82000000
2023-08-21 17:00:00,3.09700000,3.11100000,2.98300000,3.06300000,142741.96000000
2023-08-22 17:00:00,3.05800000,3.12100000,3.01500000,3.06700000,132607.41000000
2023-08-23 17:00:00,3.06900000,3.20700000,3.04500000,3.09400000,178674.96000000
2023-08-24 17:00:00,3.09400000,3.22100000,3.04000000,3.09500000,424534.70000000
2023-08-25 17:00:00,3.09500000,3.13100000,3.08100000,3.09800000,78544.48000000
2023-08-26 17:00:00,3.10100000,3.11700000,3.05000000,3.06600000,63756.01000000
2023-08-27 17:00:00,3.06400000,3.07600000,3.01200000,3.05100000,99846.26000000
2023-08-28 17:00:00,3.05300000,3.13200000,3.01800000,3.07500000,181998.50000000
2023-08-29 17:00:00,3.07700000,3.10200000,3.05000000,3.08100000,92368.95000000
2023-08-30 17:00:00,3.08100000,3.10100000,3.00700000,3.02300000,123015.01000000
2023-08-31 17:00:00,3.01800000,3.06900000,2.94700000,2.96600000,97644.84000000
2023-09-01 17:00:00,2.97000000,3.02900000,2.95900000,3.00500000,120130.93000000
2023-09-02 17:00:00,3.00500000,3.01100000,2.96000000,2.97200000,61541.57000000
