2021-04-22 17:00:00,35.51000000,59.00000000,33.45100000,45.14500000,1850819.11600000
2021-04-23 17:00:00,45.14600000,45.99800000,36.81600000,38.07200000,947967.50000000
2021-04-24 17:00:00,38.07200000,38.48900000,32.10200000,33.82500000,379811.26100000
2021-04-25 17:00:00,33.96400000,38.00000000,33.67800000,35.94800000,355692.69600000
2021-04-26 17:00:00,35.91300000,39.00000000,34.27600000,34.99400000,455940.23600000
2021-04-27 17:00:00,34.92100000,38.00800000,31.80000000,33.45800000,819319.60100000
2021-04-28 17:00:00,33.43800000,37.30000000,32.40000000,36.40100000,556896.26300000
2021-04-29 17:00:00,36.40100000,48.43600000,36.29500000,43.73700000,1089045.80400000
2021-04-30 17:00:00,43.72600000,44.90000000,40.20700000,41.33400000,309650.06100000
2021-05-01 17:00:00,41.33400000,46.66600000,40.70000000,43.72600000,389770.05200000
2021-05-02 17:00:00,43.72600000,47.00000000,41.17300000,41.95800000,401729.27400000
2021-05-03 17:00:00,41.96100000,42.39900000,36.95000000,37.09700000,298587.26300000
2021-05-04 17:00:00,37.02000000,41.00000000,36.82900000,37.62200000,277486.81000000
2021-05-05 17:00:00,37.55300000,38.06100000,35.22700000,35.44200000,312507.31400000
2021-05-06 17:00:00,35.46800000,41.79200000,34.56200000,36.11800000,368389.88300000
2021-05-07 17:00:00,36.11800000,38.00400000,35.55500000,36.33600000,181513.26500000
2021-05-08 17:00:00,36.39300000,40.50000000,34.17700000,35.81000000,284714.06400000
2021-05-09 17:00:00,35.81000000,39.32000000,31.00100000,32.49700000,304826.32600000
2021-05-10 17:00:00,32.46900000,37.56400000,30.03300000,33.14100000,339429.68300000
2021-05-11 17:00:00,33.22600000,34.98700000,27.55500000,27.95000000,261118.83300000
2021-05-12 17:00:00,27.67300000,34.90000000,27.50000000,30.22400000,380061.14200000
2021-05-13 17:00:00,30.20700000,33.18100000,29.96500000,30.70000000,214245.57600000
2021-05-14 17:00:00,30.72500000,30.86600000,28.28000000,29.27700000,213672.48200000
2021-05-15 17:00:00,29.28200000,36.18700000,27.72300000,29.79100000,362254.52800000
2021-05-16 17:00:00,29.65900000,33.00000000,28.01400000,30.59600000,335715.22900000
2021-05-17 17:00:00,30.67900000,31.13100000,28.66000000,28.90300000,165430.79400000
2021-05-18 17:00:00,28.95200000,29.19300000,7.09900000,19.23500000,479273.16900000
2021-05-19 17:00:00,19.45600000,24.88800000,16.50200000,21.32000000,517336.76100000
2021-05-20 17:00:00,21.46100000,22.56100000,18.00000000,19.54600000,282674.42300000
2021-05-21 17:00:00,19.51200000,20.42400000,18.00000000,19.05500000,184332.87400000
2021-05-22 17:00:00,19.05500000,19.17100000,14.00000000,15.96700000,189611.73900000
2021-05-23 17:00:00,15.96700000,19.73200000,15.10200000,19.05700000,169865.45900000
2021-05-24 17:00:00,19.05700000,19.88900000,16.00000000,18.01100000,123959.67200000
2021-05-25 17:00:00,18.06800000,21.00000000,17.86800000,19.67300000,157369.44300000
2021-05-26 17:00:00,19.67300000,25.88000000,17.95900000,23.38200000,328082.06200000
2021-05-27 17:00:00,23.20000000,24.90000000,18.41200000,19.36700000,278955.27600000
2021-05-28 17:00:00,19.36500000,27.00000000,19.11000000,22.80100000,702585.41700000
2021-05-29 17:00:00,22.80200000,22.80400000,20.38200000,21.98900000,280081.37900000
2021-05-30 17:00:00,21.98000000,24.39300000,20.50000000,23.55900000,223051.75800000
2021-05-31 17:00:00,23.50300000,23.74400000,21.53800000,21.96700000,95155.14100000
2021-06-01 17:00:00,21.96800000,22.63900000,21.00000000,21.83000000,101600.24500000
2021-06-02 17:00:00,21.83100000,23.00000000,21.64600000,22.23400000,124427.29600000
2021-06-03 17:00:00,22.22600000,22.22600000,19.58300000,20.55700000,107978.37700000
2021-06-04 17:00:00,20.57000000,21.78100000,19.72400000,19.95100000,92543.29400000
2021-06-05 17:00:00,19.96100000,20.43800000,19.85700000,19.99700000,41681.92600000
2021-06-06 17:00:00,19.99700000,20.51100000,17.50000000,17.50600000,77256.22700000
2021-06-07 17:00:00,17.61500000,18.91000000,16.00100000,17.78700000,169064.81600000
2021-06-08 17:00:00,17.80700000,18.87900000,16.53200000,17.68200000,112679.78300000
2021-06-09 17:00:00,17.73100000,21.20700000,16.19600000,16.50000000,395687.15000000
2021-06-10 17:00:00,16.50000000,17.45800000,14.65800000,14.83400000,147788.98900000
2021-06-11 17:00:00,14.76700000,18.34000000,14.01000000,15.70900000,368797.15000000
2021-06-12 17:00:00,15.78700000,16.96000000,15.48600000,16.39900000,90395.82900000
2021-06-13 17:00:00,16.37500000,17.20000000,16.22300000,16.59400000,74517.69700000
2021-06-14 17:00:00,16.59500000,17.17400000,16.25000000,16.40000000,88387.89200000
2021-06-15 17:00:00,16.40000000,18.90000000,15.84400000,16.00300000,167546.47400000
2021-06-16 17:00:00,16.03100000,17.50000000,15.84200000,16.13100000,76627.71300000
2021-06-17 17:00:00,16.13200000,16.20100000,14.57300000,14.90100000,64878.66500000
2021-06-18 17:00:00,14.86300000,17.10200000,14.31900000,15.11400000,182634.04000000
2021-06-19 17:00:00,15.10000000,15.55500000,13.99300000,15.03800000,106765.75600000
2021-06-20 17:00:00,15.01200000,15.02400000,11.31900000,11.37300000,139895.61700000
2021-06-21 17:00:00,11.39000000,12.26600000,9.62600000,10.70400000,146929.19400000
2021-06-22 17:00:00,10.67800000,12.46600000,10.26200000,11.51000000,103110.80300000
2021-06-23 17:00:00,11.56100000,13.00000000,11.03800000,11.63300000,92450.50700000
2021-06-24 17:00:00,11.65900000,11.84600000,10.21700000,10.35800000,80030.56000000
2021-06-25 17:00:00,10.35500000,17.47000000,9.70000000,13.31700000,1770135.28900000
2021-06-26 17:00:00,13.38700000,24.62700000,12.74500000,19.01400000,5302910.60600000
2021-06-27 17:00:00,19.00000000,19.17800000,16.00000000,17.16400000,1189659.72200000
2021-06-28 17:00:00,17.12800000,17.98000000,16.40100000,16.46600000,489662.49200000
2021-06-29 17:00:00,16.46300000,16.59900000,14.43500000,15.50000000,304845.09600000
2021-06-30 17:00:00,15.49900000,15.56700000,13.50100000,14.17900000,411833.38700000
2021-07-01 17:00:00,14.14800000,20.00000000,13.64500000,17.99100000,2490424.32900000
2021-07-02 17:00:00,18.00600000,18.80000000,16.85100000,17.06600000,718992.03000000
2021-07-03 17:00:00,17.06600000,17.71000000,16.53000000,16.92300000,385882.23500000
2021-07-04 17:00:00,16.89900000,16.89900000,16.00000000,16.23700000,232244.89100000
2021-07-05 17:00:00,16.19700000,17.40000000,16.07200000,16.45200000,256035.01000000
2021-07-06 17:00:00,16.45700000,19.79900000,16.25400000,17.89100000,762575.64800000
2021-07-07 17:00:00,17.88800000,23.70000000,17.58000000,18.52500000,2287089.60500000
2021-07-08 17:00:00,18.47200000,19.85000000,17.40300000,18.32900000,707971.45800000
2021-07-09 17:00:00,18.33000000,21.00000000,18.28000000,19.57100000,639254.65800000
2021-07-10 17:00:00,19.57000000,20.50000000,18.90000000,19.11900000,291667.32700000
2021-07-11 17:00:00,19.11800000,19.24600000,17.55100000,18.11100000,279823.31300000
2021-07-12 17:00:00,18.11000000,18.60000000,16.92100000,17.18000000,242808.18400000
2021-07-13 17:00:00,17.16100000,18.60000000,16.16100000,17.38600000,325213.58600000
2021-07-14 17:00:00,17.34100000,17.41600000,15.21500000,15.74600000,374702.84700000
2021-07-15 17:00:00,15.73300000,15.87500000,13.97700000,14.10000000,297536.39200000
2021-07-16 17:00:00,14.08900000,17.00000000,13.49400000,15.50700000,599087.34800000
2021-07-17 17:00:00,15.48500000,16.50000000,14.20000000,14.43700000,511012.05400000
2021-07-18 17:00:00,14.45500000,14.80600000,13.32900000,13.61000000,149719.10000000
2021-07-19 17:00:00,13.64000000,13.74600000,12.66000000,12.77000000,316477.47100000
2021-07-20 17:00:00,12.78900000,14.35700000,12.60600000,13.84500000,246002.23700000
2021-07-21 17:00:00,13.85000000,14.82700000,13.68000000,14.36000000,215028.96100000
2021-07-22 17:00:00,14.37100000,17.18000000,14.28500000,15.73000000,888891.06400000
2021-07-23 17:00:00,15.78300000,16.82300000,15.42400000,15.90700000,366443.98500000
2021-07-24 17:00:00,15.94900000,16.60000000,15.32800000,16.45900000,222343.60100000
2021-07-25 17:00:00,16.45900000,17.70000000,15.51500000,15.65900000,392438.13300000
2021-07-26 17:00:00,15.65700000,16.76400000,14.95400000,16.30900000,300393.88000000
2021-07-27 17:00:00,16.30700000,16.30800000,15.14200000,15.68700000,295213.10000000
2021-07-28 17:00:00,15.70300000,15.81800000,15.03500000,15.50200000,153387.80700000
2021-07-29 17:00:00,15.51600000,15.94000000,14.54800000,15.68800000,242292.50800000
2021-07-30 17:00:00,15.67600000,16.13300000,15.30000000,15.72800000,159141.97900000
2021-07-31 17:00:00,15.75800000,16.30000000,15.00000000,15.13100000,201321.75900000
2021-08-01 17:00:00,15.11600000,15.37500000,14.77000000,15.03500000,122858.76600000
2021-08-02 17:00:00,15.04000000,16.90000000,15.00000000,15.10500000,569472.91200000
2021-08-03 17:00:00,15.10000000,15.89000000,14.94600000,15.42500000,147855.24500000
2021-08-04 17:00:00,15.42500000,16.53300000,15.14900000,16.44600000,357689.61400000
2021-08-05 17:00:00,16.44600000,18.80000000,15.94100000,17.17400000,1059635.41600000
2021-08-06 17:00:00,17.23000000,19.50000000,17.00300000,18.22200000,726261.83100000
2021-08-07 17:00:00,18.21000000,18.21200000,16.74100000,16.79300000,267915.29500000
2021-08-08 17:00:00,16.82600000,17.88000000,16.28300000,17.37000000,229540.36500000
2021-08-09 17:00:00,17.42100000,18.37900000,17.10300000,17.60700000,278264.79200000
2021-08-10 17:00:00,17.60700000,18.62200000,17.29000000,17.36100000,404462.36100000
2021-08-11 17:00:00,17.38800000,18.18400000,16.09100000,16.50800000,300236.32400000
2021-08-12 17:00:00,16.51100000,19.10000000,16.39800000,18.32800000,539658.50300000
2021-08-13 17:00:00,18.32100000,18.73200000,17.34500000,17.95300000,391340.57400000
2021-08-14 17:00:00,17.95300000,18.92400000,17.68700000,18.28100000,385129.57400000
2021-08-15 17:00:00,18.28400000,20.95000000,18.05500000,18.53300000,717948.31400000
2021-08-16 17:00:00,18.62700000,18.84600000,16.80500000,17.09600000,480788.54400000
2021-08-17 17:00:00,17.14000000,17.65000000,16.10000000,16.25700000,334334.63900000
2021-08-18 17:00:00,16.31900000,17.80000000,16.10000000,17.61700000,312719.21200000
2021-08-19 17:00:00,17.61700000,17.99800000,17.33300000,17.79000000,202646.93500000
2021-08-20 17:00:00,17.80000000,18.25000000,16.99300000,17.06900000,263518.25500000
2021-08-21 17:00:00,17.07600000,17.88000000,16.90800000,17.35000000,158081.33700000
2021-08-22 17:00:00,17.35000000,19.32000000,17.30400000,18.79500000,509895.60400000
2021-08-23 17:00:00,18.79600000,19.80000000,17.61000000,17.62400000,528625.69900000
2021-08-24 17:00:00,17.62400000,23.50000000,17.27200000,20.63500000,1303471.67100000
2021-08-25 17:00:00,20.61900000,21.97300000,18.09000000,19.23000000,590349.92400000
2021-08-26 17:00:00,19.23000000,20.56000000,18.30000000,20.09000000,387728.92900000
2021-08-27 17:00:00,20.08000000,20.11000000,18.80000000,19.10000000,267634.22000000
2021-08-28 17:00:00,19.11000000,19.48000000,18.28000000,18.65000000,261122.35000000
2021-08-29 17:00:00,18.67000000,19.02000000,17.61000000,17.74000000,250294.88100000
2021-08-30 17:00:00,17.74000000,19.15000000,17.53000000,17.90000000,263300.49800000
2021-08-31 17:00:00,17.89000000,18.48000000,17.13000000,18.33000000,207820.11200000
2021-09-01 17:00:00,18.33000000,19.58000000,18.10000000,18.19000000,232956.57000000
2021-09-02 17:00:00,18.18000000,18.70000000,17.81000000,18.20000000,180001.97000000
2021-09-03 17:00:00,18.22000000,18.31000000,17.80000000,18.12000000,162799.08000000
2021-09-04 17:00:00,18.14000000,19.28000000,17.80000000,18.90000000,327076.40000000
2021-09-05 17:00:00,18.91000000,19.80000000,18.23000000,18.37000000,366605.01000000
2021-09-06 17:00:00,18.39000000,18.79000000,14.00000000,15.42000000,427973.06300000
2021-09-07 17:00:00,15.42000000,16.27000000,13.89000000,15.33000000,307863.14300000
2021-09-08 17:00:00,15.33000000,16.35000000,14.83000000,16.02000000,255697.21000000
2021-09-09 17:00:00,16.00000000,16.61000000,14.02000000,14.40000000,182010.19000000
2021-09-10 17:00:00,14.43000000,15.44000000,14.33000000,14.60000000,93422.00000000
2021-09-11 17:00:00,14.59000000,16.07000000,14.33000000,15.49000000,272807.84000000
2021-09-12 17:00:00,15.49000000,15.57000000,13.66000000,14.54000000,219081.13500000
2021-09-13 17:00:00,14.54000000,15.90000000,14.48000000,15.24000000,226824.91000000
2021-09-14 17:00:00,15.24000000,15.84000000,14.80000000,15.78000000,177423.63000000
2021-09-15 17:00:00,15.78000000,16.00000000,14.51000000,14.74000000,183371.69000000
2021-09-16 17:00:00,14.74000000,15.00000000,14.13000000,14.54000000,187786.34000000
2021-09-17 17:00:00,14.55000000,15.78000000,14.41000000,14.82000000,265700.22000000
2021-09-18 17:00:00,14.83000000,18.68000000,14.48000000,14.99000000,1320338.60000000
2021-09-19 17:00:00,14.99000000,15.57000000,12.52000000,13.30000000,489894.72100000
2021-09-20 17:00:00,13.28000000,13.69000000,11.91000000,12.30000000,190523.26300000
2021-09-21 17:00:00,12.32000000,14.54000000,12.04000000,13.67000000,512128.38000000
2021-09-22 17:00:00,13.66000000,14.75000000,13.46000000,13.90000000,396955.79000000
2021-09-23 17:00:00,13.90000000,13.96000000,11.76000000,12.67000000,245188.39000000
2021-09-24 17:00:00,12.65000000,13.95000000,12.09000000,12.74000000,370400.16000000
2021-09-25 17:00:00,12.75000000,12.75000000,11.22000000,12.22000000,311778.19000000
2021-09-26 17:00:00,12.22000000,12.80000000,11.91000000,12.02000000,149463.88000000
2021-09-27 17:00:00,12.02000000,14.38000000,11.92000000,12.57000000,457113.29000000
2021-09-28 17:00:00,12.57000000,13.29000000,12.06000000,12.30000000,172270.13000000
2021-09-29 17:00:00,12.30000000,12.81000000,12.24000000,12.52000000,107031.48000000
2021-09-30 17:00:00,12.55000000,13.81000000,12.42000000,13.29000000,146647.83000000
2021-10-01 17:00:00,13.28000000,13.85000000,13.03000000,13.26000000,159615.09000000
2021-10-02 17:00:00,13.26000000,13.82000000,13.09000000,13.34000000,205499.09000000
2021-10-03 17:00:00,13.33000000,13.33000000,12.72000000,13.00000000,160223.89000000
2021-10-04 17:00:00,12.99000000,14.60000000,12.96000000,13.67000000,206294.51000000
2021-10-05 17:00:00,13.69000000,14.20000000,13.09000000,13.59000000,200416.22000000
2021-10-06 17:00:00,13.61000000,14.90000000,13.23000000,13.86000000,274539.12000000
2021-10-07 17:00:00,13.87000000,14.99000000,13.56000000,13.75000000,218757.99000000
2021-10-08 17:00:00,13.79000000,14.55000000,13.65000000,13.88000000,140569.01000000
2021-10-09 17:00:00,13.88000000,14.50000000,13.10000000,13.20000000,150835.26000000
2021-10-10 17:00:00,13.19000000,13.71000000,12.79000000,13.65000000,117639.75000000
2021-10-11 17:00:00,13.61000000,13.85000000,12.51000000,12.91000000,122819.28000000
2021-10-12 17:00:00,12.92000000,13.59000000,12.13000000,12.89000000,214210.14000000
2021-10-13 17:00:00,12.89000000,13.43000000,12.89000000,13.35000000,107310.92000000
2021-10-14 17:00:00,13.35000000,21.35000000,13.00000000,14.99000000,2977302.99900000
2021-10-15 17:00:00,15.00000000,15.51000000,14.11000000,14.92000000,401710.79000000
2021-10-16 17:00:00,14.95000000,14.97000000,13.63000000,14.00000000,253763.88000000
2021-10-17 17:00:00,14.00000000,20.22000000,13.85000000,17.20000000,4481856.88000000
2021-10-18 17:00:00,17.22000000,18.03000000,15.61000000,16.13000000,881087.98000000
2021-10-19 17:00:00,16.18000000,16.31000000,15.39000000,15.71000000,267097.58000000
2021-10-20 17:00:00,15.71000000,17.53000000,15.62000000,15.87000000,406781.66000000
2021-10-21 17:00:00,15.86000000,16.57000000,15.32000000,15.47000000,164114.16000000
2021-10-22 17:00:00,15.47000000,16.21000000,15.30000000,15.48000000,125805.12000000
2021-10-23 17:00:00,15.51000000,15.99000000,14.79000000,15.05000000,375611.31000000
2021-10-24 17:00:00,15.08000000,15.90000000,15.06000000,15.58000000,150571.28000000
2021-10-25 17:00:00,15.60000000,17.45000000,15.48000000,15.77000000,371141.21000000
2021-10-26 17:00:00,15.78000000,16.04000000,14.34000000,14.71000000,258480.78000000
2021-10-27 17:00:00,14.72000000,15.40000000,14.00000000,15.08000000,218463.59000000
2021-10-28 17:00:00,15.08000000,15.65000000,14.58000000,15.14000000,183544.36000000
2021-10-29 17:00:00,15.14000000,16.50000000,14.72000000,15.15000000,240390.01000000
2021-10-30 17:00:00,15.15000000,22.38000000,14.96000000,16.39000000,1813068.41400000
2021-10-31 17:00:00,16.41000000,18.66000000,15.96000000,16.83000000,898385.97000000
2021-11-01 17:00:00,16.80000000,18.87000000,16.48000000,17.06000000,444347.50000000
2021-11-02 17:00:00,17.06000000,17.95000000,16.70000000,16.99000000,178182.30000000
2021-11-03 17:00:00,16.98000000,17.01000000,15.70000000,15.99000000,297813.12000000
2021-11-04 17:00:00,15.99000000,16.29000000,15.78000000,15.87000000,134958.82000000
2021-11-05 17:00:00,15.87000000,16.20000000,15.41000000,15.99000000,116790.97000000
2021-11-06 17:00:00,15.97000000,17.70000000,15.65000000,16.77000000,395578.21000000
2021-11-07 16:00:00,16.77000000,17.43000000,16.40000000,17.40000000,260891.23000000
2021-11-08 16:00:00,17.39000000,18.00000000,16.77000000,17.08000000,200996.92000000
2021-11-09 16:00:00,17.09000000,18.00000000,15.85000000,16.10000000,380276.51000000
2021-11-10 16:00:00,16.10000000,16.61000000,15.90000000,16.38000000,144588.06000000
2021-11-11 16:00:00,16.37000000,16.75000000,15.63000000,16.07000000,221522.07000000
2021-11-12 16:00:00,16.06000000,16.50000000,15.59000000,15.89000000,234117.17000000
2021-11-13 16:00:00,15.90000000,16.31000000,15.73000000,16.02000000,143998.93000000
2021-11-14 16:00:00,16.05000000,16.26000000,15.68000000,15.85000000,135135.09000000
2021-11-15 16:00:00,15.87000000,15.90000000,14.00000000,14.55000000,182507.61000000
2021-11-16 16:00:00,14.51000000,14.56000000,13.59000000,13.89000000,150005.33000000
2021-11-17 16:00:00,13.89000000,14.05000000,12.78000000,12.93000000,125861.51000000
2021-11-18 16:00:00,13.00000000,13.78000000,12.70000000,13.58000000,98458.89000000
2021-11-19 16:00:00,13.58000000,14.23000000,13.35000000,13.95000000,118888.98000000
2021-11-20 16:00:00,13.95000000,15.63000000,13.70000000,14.01000000,437118.19000000
2021-11-21 16:00:00,14.01000000,14.20000000,13.23000000,13.64000000,107574.16000000
2021-11-22 16:00:00,13.63000000,14.98000000,13.49000000,14.54000000,271909.72000000
2021-11-23 16:00:00,14.58000000,14.65000000,13.53000000,13.81000000,120035.56000000
2021-11-24 16:00:00,13.81000000,14.37000000,13.67000000,14.03000000,132792.77000000
2021-11-25 16:00:00,14.04000000,16.20000000,12.91000000,15.77000000,380348.51000000
2021-11-26 16:00:00,15.78000000,17.49000000,13.94000000,14.44000000,681664.66000000
2021-11-27 16:00:00,14.38000000,14.63000000,13.20000000,13.90000000,158284.22000000
2021-11-28 16:00:00,13.91000000,14.60000000,13.85000000,14.19000000,86361.07000000
2021-11-29 16:00:00,14.21000000,14.76000000,13.97000000,14.14000000,151107.23000000
2021-11-30 16:00:00,14.14000000,14.71000000,13.73000000,13.81000000,117807.45000000
2021-12-01 16:00:00,13.82000000,14.20000000,13.32000000,13.80000000,193796.08000000
2021-12-02 16:00:00,13.79000000,14.30000000,12.93000000,13.18000000,200285.12000000
2021-12-03 16:00:00,13.18000000,13.33000000,10.81000000,11.84000000,281877.92000000
2021-12-04 16:00:00,11.86000000,11.95000000,10.79000000,11.06000000,279684.54000000
2021-12-05 16:00:00,11.06000000,12.00000000,10.29000000,11.29000000,490685.77300000
2021-12-06 16:00:00,11.28000000,11.88000000,11.25000000,11.28000000,160270.22000000
2021-12-07 16:00:00,11.29000000,11.50000000,10.74000000,11.32000000,101082.75000000
2021-12-08 16:00:00,11.33000000,11.46000000,10.20000000,10.40000000,145568.06000000
2021-12-09 16:00:00,10.39000000,10.79000000,9.94000000,9.99000000,90814.33400000
2021-12-10 16:00:00,9.98000000,10.71000000,9.87000000,10.45000000,110812.02000000
2021-12-11 16:00:00,10.47000000,11.46000000,10.22000000,10.57000000,506282.87000000
2021-12-12 16:00:00,10.56000000,10.57000000,9.59000000,9.73000000,102664.81000000
2021-12-13 16:00:00,9.73000000,10.21000000,9.63000000,10.04000000,74807.43000000
2021-12-14 16:00:00,10.05000000,10.14000000,9.23000000,9.86000000,149902.27000000
2021-12-15 16:00:00,9.87000000,10.41000000,9.63000000,9.63000000,126869.61000000
2021-12-16 16:00:00,9.64000000,9.75000000,9.12000000,9.63000000,98212.63000000
2021-12-17 16:00:00,9.59000000,10.07000000,9.33000000,9.52000000,111704.93000000
2021-12-18 16:00:00,9.50000000,10.40000000,9.48000000,9.51000000,177401.79000000
2021-12-19 16:00:00,9.51000000,9.54000000,8.71000000,9.06000000,98006.49000000
2021-12-20 16:00:00,9.07000000,9.47000000,8.98000000,9.37000000,91574.84000000
2021-12-21 16:00:00,9.34000000,9.82000000,9.25000000,9.53000000,114328.70000000
2021-12-22 16:00:00,9.53000000,10.00000000,9.16000000,9.92000000,115114.37000000
2021-12-23 16:00:00,9.93000000,10.20000000,9.70000000,9.85000000,130636.62000000
2021-12-24 16:00:00,9.85000000,12.80000000,9.78000000,11.02000000,1015713.47000000
2021-12-25 16:00:00,11.05000000,11.05000000,10.43000000,10.75000000,182201.38000000
2021-12-26 16:00:00,10.77000000,11.03000000,10.60000000,10.64000000,144065.21000000
2021-12-27 16:00:00,10.61000000,10.64000000,9.56000000,9.69000000,314139.74000000
2021-12-28 16:00:00,9.69000000,9.85000000,9.20000000,9.28000000,99258.03000000
2021-12-29 16:00:00,9.28000000,10.45000000,9.21000000,9.53000000,193619.75000000
2021-12-30 16:00:00,9.51000000,9.69000000,9.00000000,9.08000000,77274.83000000
2021-12-31 16:00:00,9.09000000,9.50000000,9.08000000,9.36000000,96649.28000000
2022-01-01 16:00:00,9.34000000,9.60000000,9.27000000,9.36000000,70291.73000000
2022-01-02 16:00:00,9.34000000,9.54000000,9.02000000,9.26000000,100389.58000000
2022-01-03 16:00:00,9.27000000,10.00000000,9.14000000,9.37000000,163879.04000000
2022-01-04 16:00:00,9.34000000,9.69000000,8.57000000,8.76000000,154349.51000000
2022-01-05 16:00:00,8.77000000,9.29000000,8.30000000,8.54000000,99437.40000000
2022-01-06 16:00:00,8.57000000,8.57000000,7.96000000,8.13000000,136245.08000000
2022-01-07 16:00:00,8.14000000,8.31000000,7.60000000,7.82000000,105032.24000000
2022-01-08 16:00:00,7.83000000,8.09000000,7.57000000,7.86000000,123974.74000000
2022-01-09 16:00:00,7.85000000,8.14000000,6.94000000,7.27000000,235516.16000000
2022-01-10 16:00:00,7.27000000,7.63000000,7.17000000,7.51000000,78896.54000000
2022-01-11 16:00:00,7.51000000,7.91000000,7.41000000,7.74000000,97004.50000000
2022-01-12 16:00:00,7.75000000,7.90000000,7.42000000,7.49000000,118579.29000000
2022-01-13 16:00:00,7.50000000,8.65000000,7.39000000,7.83000000,313615.83000000
2022-01-14 16:00:00,7.83000000,8.20000000,7.73000000,7.94000000,103494.60000000
2022-01-15 16:00:00,7.96000000,7.98000000,7.66000000,7.73000000,67976.41000000
2022-01-16 16:00:00,7.72000000,7.72000000,7.22000000,7.33000000,76292.45000000
2022-01-17 16:00:00,7.33000000,7.49000000,6.92000000,7.25000000,113859.54000000
2022-01-18 16:00:00,7.24000000,7.25000000,6.82000000,7.03000000,81179.18000000
2022-01-19 16:00:00,7.03000000,7.39000000,6.72000000,6.72000000,98047.56000000
2022-01-20 16:00:00,6.74000000,6.87000000,5.49000000,5.69000000,255377.43300000
2022-01-21 16:00:00,5.67000000,6.41000000,4.73000000,5.27000000,571181.08000000
2022-01-22 16:00:00,5.27000000,5.60000000,5.12000000,5.38000000,185859.59000000
2022-01-23 16:00:00,5.40000000,5.40000000,4.45000000,5.10000000,260480.28000000
2022-01-24 16:00:00,5.11000000,5.33000000,4.97000000,5.12000000,128386.86000000
2022-01-25 16:00:00,5.12000000,6.88000000,5.07000000,5.47000000,964542.89000000
2022-01-26 16:00:00,5.47000000,5.60000000,4.92000000,5.22000000,343132.32000000
2022-01-27 16:00:00,5.21000000,5.40000000,5.07000000,5.28000000,124879.02000000
2022-01-28 16:00:00,5.27000000,5.42000000,5.19000000,5.34000000,90210.02000000
2022-01-29 16:00:00,5.34000000,5.45000000,5.06000000,5.13000000,81610.15000000
2022-01-30 16:00:00,5.12000000,5.32000000,4.93000000,5.28000000,65940.33000000
2022-01-31 16:00:00,5.32000000,5.65000000,5.20000000,5.24000000,153334.12000000
2022-02-01 16:00:00,5.25000000,9.38000000,5.18000000,7.25000000,4527778.78000000
2022-02-02 16:00:00,7.24000000,12.39000000,6.61000000,8.37000000,10309845.12000000
2022-02-03 16:00:00,8.37000000,8.83000000,7.67000000,8.31000000,1787535.41000000
2022-02-04 16:00:00,8.33000000,8.34000000,7.49000000,7.69000000,883393.33000000
2022-02-05 16:00:00,7.68000000,7.98000000,7.15000000,7.43000000,455974.53000000
2022-02-06 16:00:00,7.43000000,8.29000000,7.23000000,7.58000000,669496.96000000
2022-02-07 16:00:00,7.57000000,7.86000000,6.90000000,7.18000000,546520.66000000
2022-02-08 16:00:00,7.18000000,8.34000000,7.10000000,7.50000000,1236660.35000000
2022-02-09 16:00:00,7.50000000,7.96000000,7.10000000,7.43000000,619533.62000000
2022-02-10 16:00:00,7.43000000,7.64000000,6.54000000,6.70000000,429196.89000000
2022-02-11 16:00:00,6.70000000,7.04000000,6.26000000,6.72000000,785869.91000000
2022-02-12 16:00:00,6.73000000,8.32000000,6.73000000,7.12000000,2149281.14000000
2022-02-13 16:00:00,7.12000000,7.58000000,6.77000000,6.92000000,806035.18000000
2022-02-14 16:00:00,6.92000000,7.46000000,6.91000000,7.35000000,924785.57000000
2022-02-15 16:00:00,7.33000000,7.87000000,6.98000000,7.20000000,835386.38000000
2022-02-16 16:00:00,7.18000000,7.43000000,6.54000000,6.69000000,488398.88000000
2022-02-17 16:00:00,6.69000000,7.01000000,6.55000000,6.68000000,263042.11000000
2022-02-18 16:00:00,6.68000000,6.70000000,6.31000000,6.57000000,217718.22000000
2022-02-19 16:00:00,6.57000000,6.57000000,5.84000000,6.02000000,333287.77000000
2022-02-20 16:00:00,6.02000000,6.35000000,5.48000000,5.54000000,421628.79000000
2022-02-21 16:00:00,5.54000000,8.80000000,5.29000000,7.51000000,4897069.01000000
2022-02-22 16:00:00,7.51000000,8.08000000,6.30000000,6.41000000,2473791.67000000
2022-02-23 16:00:00,6.40000000,6.42000000,5.32000000,5.92000000,1138481.37000000
2022-02-24 16:00:00,5.92000000,7.07000000,5.78000000,6.46000000,1380792.72000000
2022-02-25 16:00:00,6.45000000,6.75000000,6.16000000,6.24000000,353062.31000000
2022-02-26 16:00:00,6.23000000,6.35000000,5.86000000,5.91000000,271585.88000000
2022-02-27 16:00:00,5.91000000,6.37000000,5.90000000,6.33000000,253377.53000000
2022-02-28 16:00:00,6.33000000,8.65000000,6.18000000,7.37000000,2531304.84000000
2022-03-01 16:00:00,7.38000000,7.70000000,6.77000000,6.84000000,908835.90000000
2022-03-02 16:00:00,6.85000000,7.01000000,6.53000000,6.63000000,198704.11000000
2022-03-03 16:00:00,6.63000000,6.64000000,6.01000000,6.08000000,218034.79000000
2022-03-04 16:00:00,6.08000000,7.32000000,6.00000000,6.86000000,1165701.30000000
2022-03-05 16:00:00,6.87000000,7.15000000,6.25000000,6.27000000,619165.74000000
2022-03-06 16:00:00,6.26000000,6.56000000,6.16000000,6.20000000,146232.33000000
2022-03-07 16:00:00,6.21000000,6.83000000,6.18000000,6.34000000,267125.40000000
2022-03-08 16:00:00,6.34000000,6.99000000,6.32000000,6.74000000,418702.62000000
2022-03-09 16:00:00,6.73000000,6.73000000,6.33000000,6.45000000,228680.85000000
2022-03-10 16:00:00,6.46000000,7.65000000,6.42000000,6.88000000,1485036.31000000
2022-03-11 16:00:00,6.88000000,7.40000000,6.64000000,6.66000000,445666.28000000
2022-03-12 16:00:00,6.66000000,6.87000000,6.41000000,6.43000000,222830.41000000
2022-03-13 17:00:00,6.42000000,7.07000000,6.37000000,6.73000000,337023.55000000
2022-03-14 17:00:00,6.73000000,6.82000000,6.35000000,6.49000000,541888.79000000
2022-03-15 17:00:00,6.48000000,6.76000000,6.38000000,6.68000000,353326.68000000
2022-03-16 17:00:00,6.68000000,6.90000000,6.55000000,6.59000000,259476.85000000
2022-03-17 17:00:00,6.59000000,6.93000000,6.48000000,6.76000000,348613.50000000
2022-03-18 17:00:00,6.76000000,7.70000000,6.73000000,7.14000000,521029.14000000
2022-03-19 17:00:00,7.14000000,7.59000000,6.86000000,7.00000000,952218.96000000
2022-03-20 17:00:00,7.00000000,7.19000000,6.80000000,7.00000000,228278.78000000
2022-03-21 17:00:00,6.99000000,7.33000000,6.94000000,7.14000000,190231.36000000
2022-03-22 17:00:00,7.14000000,7.33000000,6.98000000,7.22000000,193217.14000000
2022-03-23 17:00:00,7.21000000,7.48000000,7.11000000,7.20000000,255649.07000000
2022-03-24 17:00:00,7.20000000,7.27000000,6.97000000,7.01000000,255952.54000000
2022-03-25 17:00:00,7.02000000,7.90000000,6.99000000,7.67000000,645552.55000000
2022-03-26 17:00:00,7.66000000,7.80000000,7.34000000,7.75000000,203532.59000000
2022-03-27 17:00:00,7.78000000,7.90000000,7.55000000,7.58000000,263325.74000000
2022-03-28 17:00:00,7.57000000,7.78000000,7.47000000,7.60000000,174555.00000000
2022-03-29 17:00:00,7.59000000,7.66000000,7.28000000,7.65000000,208791.83000000
2022-03-30 17:00:00,7.64000000,7.82000000,7.20000000,7.34000000,264929.48000000
2022-03-31 17:00:00,7.32000000,8.00000000,7.10000000,7.70000000,705188.92000000
2022-04-01 17:00:00,7.70000000,7.94000000,7.48000000,7.56000000,402010.35000000
2022-04-02 17:00:00,7.58000000,8.60000000,7.51000000,7.94000000,868586.94000000
2022-04-03 17:00:00,7.94000000,8.47000000,7.60000000,7.99000000,358103.77000000
2022-04-04 17:00:00,7.99000000,8.30000000,7.78000000,7.82000000,377168.10000000
2022-04-05 17:00:00,7.82000000,8.01000000,7.03000000,7.06000000,478754.80000000
2022-04-06 17:00:00,7.04000000,7.47000000,6.82000000,7.20000000,210689.91000000
2022-04-07 17:00:00,7.18000000,7.40000000,6.86000000,6.91000000,219244.62000000
2022-04-08 17:00:00,6.91000000,6.96000000,6.71000000,6.93000000,124582.46000000
2022-04-09 17:00:00,6.94000000,6.95000000,6.58000000,6.59000000,134062.99000000
2022-04-10 17:00:00,6.59000000,6.61000000,5.68000000,5.79000000,189708.92000000
2022-04-11 17:00:00,5.79000000,6.66000000,5.76000000,6.21000000,396735.78000000
2022-04-12 17:00:00,6.21000000,6.40000000,6.08000000,6.37000000,121323.70000000
2022-04-13 17:00:00,6.36000000,6.76000000,6.14000000,6.23000000,281903.62000000
2022-04-14 17:00:00,6.22000000,6.37000000,6.22000000,6.29000000,73445.43000000
2022-04-15 17:00:00,6.29000000,6.30000000,6.18000000,6.20000000,70294.37000000
2022-04-16 17:00:00,6.21000000,6.25000000,5.98000000,6.02000000,101362.67000000
2022-04-17 17:00:00,6.02000000,6.15000000,5.73000000,6.04000000,210981.02000000
2022-04-18 17:00:00,6.05000000,6.25000000,6.02000000,6.17000000,151971.08000000
2022-04-19 17:00:00,6.18000000,6.34000000,6.12000000,6.22000000,144204.80000000
2022-04-20 17:00:00,6.25000000,6.31000000,5.89000000,5.96000000,137602.82000000
2022-04-21 17:00:00,5.96000000,6.04000000,5.79000000,5.91000000,79606.29000000
2022-04-22 17:00:00,5.92000000,6.35000000,5.72000000,5.74000000,264235.08000000
2022-04-23 17:00:00,5.73000000,5.87000000,5.68000000,5.68000000,81493.27000000
2022-04-24 17:00:00,5.68000000,5.68000000,5.28000000,5.60000000,117570.54000000
2022-04-25 17:00:00,5.60000000,5.72000000,5.00000000,5.15000000,200508.69000000
2022-04-26 17:00:00,5.15000000,5.31000000,5.10000000,5.24000000,112149.12000000
2022-04-27 17:00:00,5.24000000,5.35000000,5.12000000,5.26000000,96812.81000000
2022-04-28 17:00:00,5.26000000,5.26000000,4.80000000,4.85000000,122657.72000000
2022-04-29 17:00:00,4.85000000,5.00000000,4.31000000,4.35000000,110458.90000000
2022-04-30 17:00:00,4.36000000,4.70000000,4.27000000,4.62000000,77475.17000000
2022-05-01 17:00:00,4.62000000,4.66000000,4.26000000,4.37000000,120002.37000000
2022-05-02 17:00:00,4.37000000,4.43000000,4.16000000,4.25000000,104345.94000000
2022-05-03 17:00:00,4.25000000,4.81000000,4.24000000,4.59000000,206373.83000000
2022-05-04 17:00:00,4.59000000,4.67000000,4.12000000,4.21000000,205332.22000000
2022-05-05 17:00:00,4.21000000,4.21000000,3.97000000,4.10000000,116738.61000000
2022-05-06 17:00:00,4.09000000,4.12000000,3.94000000,3.98000000,51095.65000000
2022-05-07 17:00:00,3.98000000,5.41000000,3.91000000,4.63000000,2782379.63000000
2022-05-08 17:00:00,4.64000000,7.20000000,4.26000000,4.91000000,10570710.20000000
2022-05-09 17:00:00,4.93000000,5.50000000,3.98000000,4.20000000,2380152.00000000
2022-05-10 17:00:00,4.21000000,4.26000000,2.60000000,2.67000000,1199464.64000000
2022-05-11 17:00:00,2.69000000,2.85000000,1.96000000,2.30000000,545539.94000000
2022-05-12 17:00:00,2.30000000,2.97000000,2.25000000,2.57000000,362677.10000000
2022-05-13 17:00:00,2.58000000,2.90000000,2.47000000,2.79000000,207378.53000000
2022-05-14 17:00:00,2.79000000,3.97000000,2.61000000,3.20000000,961397.80000000
2022-05-15 17:00:00,3.20000000,4.77000000,3.04000000,3.40000000,3628251.51000000
2022-05-16 17:00:00,3.40000000,4.17000000,3.38000000,3.83000000,952078.77000000
2022-05-17 17:00:00,3.83000000,4.11000000,3.29000000,3.31000000,494868.68000000
2022-05-18 17:00:00,3.30000000,3.86000000,3.24000000,3.48000000,370559.55000000
2022-05-19 17:00:00,3.48000000,3.64000000,3.26000000,3.39000000,206352.20000000
2022-05-20 17:00:00,3.39000000,3.48000000,3.26000000,3.34000000,183401.79000000
2022-05-21 17:00:00,3.34000000,3.52000000,3.27000000,3.48000000,153815.54000000
2022-05-22 17:00:00,3.48000000,3.58000000,3.22000000,3.26000000,187966.38000000
2022-05-23 17:00:00,3.26000000,3.44000000,3.20000000,3.38000000,124478.31000000
2022-05-24 17:00:00,3.39000000,3.47000000,3.31000000,3.40000000,100162.18000000
2022-05-25 17:00:00,3.41000000,3.41000000,3.02000000,3.02000000,118331.17000000
2022-05-26 17:00:00,3.03000000,3.10000000,2.82000000,2.84000000,120775.18000000
2022-05-27 17:00:00,2.85000000,4.28000000,2.82000000,3.66000000,1276005.06000000
2022-05-28 17:00:00,3.66000000,4.40000000,3.40000000,3.50000000,1901669.74000000
2022-05-29 17:00:00,3.50000000,3.79000000,3.46000000,3.58000000,382959.97000000
2022-05-30 17:00:00,3.58000000,3.62000000,3.39000000,3.48000000,225343.41000000
2022-05-31 17:00:00,3.48000000,3.55000000,3.14000000,3.17000000,161046.55000000
2022-06-01 17:00:00,3.16000000,3.99000000,3.10000000,3.53000000,814352.93000000
2022-06-02 17:00:00,3.54000000,3.55000000,3.28000000,3.43000000,108694.86000000
2022-06-03 17:00:00,3.44000000,3.49000000,3.32000000,3.40000000,111889.04000000
2022-06-04 17:00:00,3.40000000,3.80000000,3.29000000,3.38000000,500339.44000000
2022-06-05 17:00:00,3.38000000,3.55000000,3.31000000,3.42000000,233341.09000000
2022-06-06 17:00:00,3.42000000,3.61000000,3.23000000,3.52000000,265937.67000000
2022-06-07 17:00:00,3.52000000,3.58000000,3.31000000,3.40000000,312879.53000000
2022-06-08 17:00:00,3.40000000,3.49000000,3.36000000,3.45000000,106249.84000000
2022-06-09 17:00:00,3.45000000,4.73000000,3.36000000,4.38000000,2836947.03000000
2022-06-10 17:00:00,4.37000000,4.38000000,3.30000000,3.38000000,1124449.41000000
2022-06-11 17:00:00,3.38000000,3.55000000,3.07000000,3.07000000,599955.90000000
2022-06-12 17:00:00,3.07000000,3.11000000,2.61000000,2.90000000,379671.49000000
2022-06-13 17:00:00,2.90000000,3.20000000,2.72000000,2.99000000,416342.39000000
2022-06-14 17:00:00,2.99000000,3.12000000,2.59000000,3.01000000,440967.08000000
2022-06-15 17:00:00,3.01000000,3.24000000,2.71000000,2.72000000,322391.20000000
2022-06-16 17:00:00,2.74000000,2.97000000,2.73000000,2.83000000,189868.58000000
2022-06-17 17:00:00,2.82000000,2.87000000,2.31000000,2.54000000,257285.04000000
2022-06-18 17:00:00,2.54000000,2.79000000,2.43000000,2.66000000,231952.74000000
2022-06-19 17:00:00,2.66000000,3.13000000,2.57000000,2.89000000,540750.95000000
2022-06-20 17:00:00,2.89000000,3.01000000,2.80000000,2.82000000,192559.52000000
2022-06-21 17:00:00,2.81000000,2.91000000,2.72000000,2.79000000,120722.40000000
2022-06-22 17:00:00,2.78000000,3.37000000,2.78000000,3.00000000,466061.72000000
2022-06-23 17:00:00,3.00000000,3.10000000,2.90000000,3.06000000,181995.08000000
2022-06-24 17:00:00,3.07000000,3.60000000,3.03000000,3.18000000,627548.83000000
2022-06-25 17:00:00,3.17000000,3.26000000,3.02000000,3.02000000,167002.54000000
2022-06-26 17:00:00,3.02000000,3.15000000,2.95000000,2.98000000,101257.86000000
2022-06-27 17:00:00,2.98000000,3.10000000,2.80000000,2.81000000,114315.51000000
2022-06-28 17:00:00,2.81000000,2.98000000,2.77000000,2.87000000,233735.39000000
2022-06-29 17:00:00,2.87000000,2.91000000,2.64000000,2.85000000,227740.72000000
2022-06-30 17:00:00,2.85000000,2.92000000,2.74000000,2.78000000,155175.51000000
2022-07-01 17:00:00,2.78000000,5.08000000,2.73000000,3.96000000,7265394.39000000
2022-07-02 17:00:00,3.96000000,4.65000000,3.35000000,3.37000000,3416071.41000000
2022-07-03 17:00:00,3.38000000,3.39000000,3.24000000,3.33000000,412201.44000000
2022-07-04 17:00:00,3.33000000,3.48000000,3.17000000,3.25000000,541850.73000000
2022-07-05 17:00:00,3.24000000,4.41000000,3.21000000,3.41000000,3154699.48000000
2022-07-06 17:00:00,3.42000000,3.61000000,3.32000000,3.52000000,677018.35000000
2022-07-07 17:00:00,3.52000000,3.88000000,3.42000000,3.53000000,707367.12000000
2022-07-08 17:00:00,3.53000000,3.84000000,3.50000000,3.58000000,467689.28000000
2022-07-09 17:00:00,3.57000000,3.58000000,3.20000000,3.29000000,323276.90000000
2022-07-10 17:00:00,3.28000000,4.06000000,3.21000000,3.63000000,1580006.78000000
2022-07-11 17:00:00,3.63000000,3.94000000,3.32000000,3.37000000,1607257.79000000
2022-07-12 17:00:00,3.38000000,3.64000000,3.17000000,3.49000000,656505.38000000
2022-07-13 17:00:00,3.49000000,3.56000000,3.27000000,3.49000000,474258.80000000
2022-07-14 17:00:00,3.48000000,3.59000000,3.40000000,3.53000000,271831.26000000
2022-07-15 17:00:00,3.52000000,3.66000000,3.43000000,3.58000000,378227.70000000
2022-07-16 17:00:00,3.56000000,3.78000000,3.48000000,3.58000000,610133.84000000
2022-07-17 17:00:00,3.58000000,3.77000000,3.54000000,3.64000000,402060.68000000
2022-07-18 17:00:00,3.64000000,3.72000000,3.55000000,3.66000000,279552.08000000
2022-07-19 17:00:00,3.67000000,3.93000000,3.44000000,3.48000000,597039.86000000
2022-07-20 17:00:00,3.48000000,3.59000000,3.37000000,3.57000000,233548.82000000
2022-07-21 17:00:00,3.55000000,3.67000000,3.40000000,3.44000000,182954.21000000
2022-07-22 17:00:00,3.44000000,3.69000000,3.42000000,3.58000000,281142.67000000
2022-07-23 17:00:00,3.58000000,3.94000000,3.54000000,3.54000000,539677.75000000
2022-07-24 17:00:00,3.54000000,3.57000000,3.42000000,3.44000000,128016.74000000
2022-07-25 17:00:00,3.42000000,3.48000000,3.35000000,3.43000000,81079.85000000
2022-07-26 17:00:00,3.43000000,3.64000000,3.42000000,3.60000000,273302.03000000
2022-07-27 17:00:00,3.61000000,3.90000000,3.56000000,3.79000000,639138.30000000
2022-07-28 17:00:00,3.80000000,12.50000000,3.75000000,7.28000000,18895082.12000000
2022-07-29 17:00:00,7.28000000,10.60000000,5.47000000,5.76000000,10471338.30000000
2022-07-30 17:00:00,5.75000000,6.57000000,5.50000000,5.60000000,2319434.39000000
2022-07-31 17:00:00,5.59000000,5.83000000,5.12000000,5.45000000,894308.17000000
2022-08-01 17:00:00,5.45000000,6.45000000,5.12000000,6.18000000,2674109.39000000
2022-08-02 17:00:00,6.18000000,6.50000000,5.50000000,5.56000000,1049060.12000000
2022-08-03 17:00:00,5.57000000,5.90000000,5.25000000,5.43000000,419224.69000000
2022-08-04 17:00:00,5.43000000,5.76000000,5.29000000,5.50000000,589008.08000000
2022-08-05 17:00:00,5.50000000,6.31000000,5.41000000,5.67000000,1587133.75000000
2022-08-06 17:00:00,5.69000000,5.80000000,5.60000000,5.64000000,267169.86000000
2022-08-07 17:00:00,5.64000000,5.82000000,5.61000000,5.65000000,326893.01000000
2022-08-08 17:00:00,5.65000000,5.71000000,5.31000000,5.46000000,318032.19000000
2022-08-09 17:00:00,5.46000000,5.74000000,5.37000000,5.63000000,423526.84000000
2022-08-10 17:00:00,5.63000000,5.82000000,5.41000000,5.52000000,411440.91000000
2022-08-11 17:00:00,5.51000000,6.09000000,5.47000000,5.76000000,477627.30000000
2022-08-12 17:00:00,5.76000000,6.75000000,5.64000000,5.86000000,1909602.87000000
2022-08-13 17:00:00,5.87000000,5.90000000,5.54000000,5.64000000,528876.86000000
2022-08-14 17:00:00,5.64000000,5.82000000,5.51000000,5.62000000,292940.26000000
2022-08-15 17:00:00,5.62000000,5.79000000,5.56000000,5.68000000,228682.22000000
2022-08-16 17:00:00,5.67000000,5.75000000,5.17000000,5.22000000,303375.67000000
2022-08-17 17:00:00,5.23000000,5.59000000,5.10000000,5.16000000,302611.89000000
2022-08-18 17:00:00,5.17000000,5.20000000,4.38000000,4.44000000,423898.47000000
2022-08-19 17:00:00,4.43000000,5.31000000,4.43000000,4.70000000,921576.01000000
2022-08-20 17:00:00,4.70000000,4.95000000,4.64000000,4.73000000,247697.83000000
2022-08-21 17:00:00,4.74000000,4.90000000,4.54000000,4.70000000,602203.82000000
2022-08-22 17:00:00,4.71000000,6.42000000,4.70000000,5.24000000,5497658.56000000
2022-08-23 17:00:00,5.23000000,5.76000000,4.92000000,5.01000000,1738628.32000000
2022-08-24 17:00:00,5.01000000,5.83000000,4.98000000,5.19000000,1254783.15000000
2022-08-25 17:00:00,5.19000000,5.19000000,4.60000000,4.66000000,612073.76000000
2022-08-26 17:00:00,4.66000000,5.25000000,4.66000000,4.81000000,831588.35000000
2022-08-27 17:00:00,4.81000000,5.04000000,4.78000000,4.80000000,346298.81000000
2022-08-28 17:00:00,4.80000000,5.03000000,4.80000000,4.95000000,325618.31000000
2022-08-29 17:00:00,4.95000000,5.21000000,4.70000000,4.81000000,464310.92000000
2022-08-30 17:00:00,4.83000000,4.95000000,4.74000000,4.78000000,172579.89000000
2022-08-31 17:00:00,4.80000000,4.83000000,4.56000000,4.77000000,234481.00000000
2022-09-01 17:00:00,4.77000000,5.84000000,4.74000000,4.74000000,2213590.76000000
2022-09-02 17:00:00,4.76000000,4.95000000,4.74000000,4.85000000,238584.76000000
2022-09-03 17:00:00,4.85000000,4.91000000,4.75000000,4.85000000,240989.08000000
2022-09-04 17:00:00,4.86000000,4.88000000,4.71000000,4.79000000,171290.71000000
2022-09-05 17:00:00,4.78000000,4.85000000,4.44000000,4.44000000,348684.32000000
2022-09-06 17:00:00,4.44000000,4.65000000,4.27000000,4.57000000,229718.84000000
2022-09-07 17:00:00,4.56000000,5.40000000,4.50000000,4.71000000,1199609.31000000
2022-09-08 17:00:00,4.73000000,5.02000000,4.68000000,4.91000000,475223.55000000
2022-09-09 17:00:00,4.91000000,5.05000000,4.86000000,4.93000000,271987.17000000
2022-09-10 17:00:00,4.94000000,5.49000000,4.86000000,4.96000000,1170320.28000000
2022-09-11 17:00:00,4.96000000,5.04000000,4.61000000,4.76000000,484257.86000000
2022-09-12 17:00:00,4.77000000,4.90000000,4.56000000,4.67000000,251055.90000000
2022-09-13 17:00:00,4.67000000,4.80000000,4.56000000,4.69000000,244060.90000000
2022-09-14 17:00:00,4.69000000,4.92000000,4.58000000,4.64000000,276297.42000000
2022-09-15 17:00:00,4.64000000,4.73000000,4.55000000,4.62000000,144322.37000000
2022-09-16 17:00:00,4.63000000,4.87000000,4.62000000,4.84000000,263954.98000000
2022-09-17 17:00:00,4.85000000,5.73000000,4.60000000,4.66000000,1410931.40000000
2022-09-18 17:00:00,4.66000000,4.83000000,4.50000000,4.68000000,332997.62000000
2022-09-19 17:00:00,4.68000000,4.79000000,4.56000000,4.60000000,193434.19000000
2022-09-20 17:00:00,4.61000000,4.73000000,4.50000000,4.54000000,225916.29000000
2022-09-21 17:00:00,4.55000000,4.80000000,4.53000000,4.73000000,227905.48000000
2022-09-22 17:00:00,4.73000000,4.90000000,4.61000000,4.73000000,202048.27000000
2022-09-23 17:00:00,4.74000000,4.83000000,4.65000000,4.78000000,150439.80000000
2022-09-24 17:00:00,4.78000000,4.79000000,4.61000000,4.64000000,134812.00000000
2022-09-25 17:00:00,4.65000000,4.79000000,4.63000000,4.69000000,151182.97000000
2022-09-26 17:00:00,4.69000000,4.82000000,4.64000000,4.71000000,152629.48000000
2022-09-27 17:00:00,4.71000000,4.73000000,4.52000000,4.68000000,147612.48000000
2022-09-28 17:00:00,4.67000000,4.79000000,4.58000000,4.68000000,172129.50000000
2022-09-29 17:00:00,4.69000000,4.78000000,4.62000000,4.70000000,123379.44000000
2022-09-30 17:00:00,4.70000000,4.89000000,4.65000000,4.68000000,211214.73000000
2022-10-01 17:00:00,4.68000000,4.74000000,4.54000000,4.58000000,146688.79000000
2022-10-02 17:00:00,4.57000000,4.74000000,4.53000000,4.68000000,114546.11000000
2022-10-03 17:00:00,4.68000000,4.96000000,4.65000000,4.75000000,310269.17000000
2022-10-04 17:00:00,4.76000000,4.87000000,4.67000000,4.76000000,224085.17000000
2022-10-05 17:00:00,4.76000000,4.86000000,4.67000000,4.70000000,138013.20000000
2022-10-06 17:00:00,4.71000000,4.74000000,4.66000000,4.72000000,72145.15000000
2022-10-07 17:00:00,4.72000000,5.29000000,4.64000000,4.66000000,1887507.51000000
2022-10-08 17:00:00,4.66000000,4.71000000,4.52000000,4.59000000,192942.29000000
2022-10-09 17:00:00,4.60000000,4.65000000,4.42000000,4.45000000,78623.21000000
2022-10-10 17:00:00,4.45000000,4.45000000,4.29000000,4.31000000,101167.17000000
2022-10-11 17:00:00,4.31000000,4.60000000,4.25000000,4.30000000,151147.58000000
2022-10-12 17:00:00,4.30000000,4.31000000,3.76000000,4.12000000,219131.22000000
2022-10-13 17:00:00,4.12000000,4.32000000,4.06000000,4.11000000,101407.33000000
2022-10-14 17:00:00,4.11000000,4.26000000,4.06000000,4.13000000,69645.12000000
2022-10-15 17:00:00,4.15000000,4.59000000,4.13000000,4.26000000,440501.55000000
2022-10-16 17:00:00,4.26000000,4.47000000,4.00000000,4.19000000,334205.54000000
2022-10-17 17:00:00,4.17000000,4.35000000,4.10000000,4.13000000,185063.08000000
2022-10-18 17:00:00,4.15000000,4.15000000,4.05000000,4.05000000,71231.36000000
2022-10-19 17:00:00,4.07000000,4.13000000,3.94000000,3.96000000,111927.11000000
2022-10-20 17:00:00,3.96000000,4.12000000,3.81000000,4.02000000,115822.56000000
2022-10-21 17:00:00,4.01000000,4.58000000,3.98000000,4.01000000,480539.10000000
2022-10-22 17:00:00,4.01000000,4.13000000,3.99000000,4.12000000,104247.18000000
2022-10-23 17:00:00,4.12000000,4.17000000,4.00000000,4.04000000,67510.63000000
2022-10-24 17:00:00,4.03000000,4.21000000,4.03000000,4.17000000,100915.26000000
2022-10-25 17:00:00,4.17000000,4.26000000,4.17000000,4.20000000,94797.98000000
2022-10-26 17:00:00,4.19000000,4.35000000,4.05000000,4.07000000,152093.07000000
2022-10-27 17:00:00,4.07000000,4.24000000,4.00000000,4.15000000,122664.92000000
2022-10-28 17:00:00,4.14000000,4.24000000,4.08000000,4.15000000,108599.39000000
2022-10-29 17:00:00,4.15000000,4.21000000,4.05000000,4.13000000,79608.73000000
2022-10-30 17:00:00,4.13000000,4.23000000,4.10000000,4.21000000,126682.89000000
2022-10-31 17:00:00,4.21000000,4.35000000,4.06000000,4.11000000,184230.76000000
2022-11-01 17:00:00,4.11000000,4.11000000,3.91000000,3.97000000,124534.47000000
2022-11-02 17:00:00,3.97000000,4.17000000,3.96000000,4.08000000,152887.96000000
2022-11-03 17:00:00,4.08000000,4.26000000,4.05000000,4.23000000,137099.20000000
2022-11-04 17:00:00,4.24000000,4.32000000,4.23000000,4.31000000,114858.36000000
2022-11-05 17:00:00,4.31000000,4.31000000,4.15000000,4.16000000,126497.52000000
2022-11-06 16:00:00,4.16000000,4.16000000,4.00000000,4.06000000,124654.72000000
2022-11-07 16:00:00,4.07000000,4.07000000,3.00000000,3.19000000,570379.55000000
2022-11-08 16:00:00,3.19000000,3.23000000,2.56000000,2.65000000,239828.08000000
2022-11-09 16:00:00,2.65000000,3.19000000,2.63000000,3.11000000,198885.95000000
2022-11-10 16:00:00,3.11000000,3.15000000,2.85000000,3.00000000,156198.77000000
2022-11-11 16:00:00,2.98000000,3.03000000,2.82000000,2.98000000,94233.71000000
2022-11-12 16:00:00,2.99000000,3.02000000,2.77000000,2.95000000,127986.04000000
2022-11-13 16:00:00,2.95000000,3.05000000,2.77000000,2.97000000,133383.39000000
2022-11-14 16:00:00,2.97000000,3.08000000,2.94000000,2.99000000,120219.90000000
2022-11-15 16:00:00,2.98000000,3.03000000,2.85000000,2.98000000,99164.29000000
2022-11-16 16:00:00,2.98000000,3.13000000,2.88000000,2.95000000,147165.33000000
2022-11-17 16:00:00,2.94000000,3.03000000,2.88000000,2.91000000,93579.94000000
2022-11-18 16:00:00,2.90000000,2.95000000,2.85000000,2.92000000,47338.91000000
2022-11-19 16:00:00,2.91000000,3.28000000,2.82000000,2.88000000,402451.78000000
2022-11-20 16:00:00,2.87000000,2.93000000,2.71000000,2.83000000,166177.10000000
2022-11-21 16:00:00,2.83000000,2.96000000,2.72000000,2.91000000,97954.14000000
2022-11-22 16:00:00,2.90000000,3.06000000,2.85000000,2.97000000,135226.97000000
2022-11-23 16:00:00,2.98000000,2.99000000,2.88000000,2.92000000,112772.42000000
2022-11-24 16:00:00,2.93000000,3.09000000,2.88000000,2.95000000,178170.39000000
2022-11-25 16:00:00,2.95000000,3.17000000,2.93000000,3.00000000,170111.81000000
2022-11-26 16:00:00,3.00000000,3.39000000,2.99000000,3.01000000,318005.07000000
2022-11-27 16:00:00,3.01000000,3.06000000,2.86000000,2.92000000,123574.72000000
2022-11-28 16:00:00,2.93000000,3.10000000,2.90000000,3.03000000,160576.69000000
2022-11-29 16:00:00,3.02000000,3.64000000,3.00000000,3.16000000,714035.09000000
2022-11-30 16:00:00,3.15000000,3.28000000,3.07000000,3.17000000,252092.05000000
2022-12-01 16:00:00,3.17000000,3.90000000,3.09000000,3.43000000,1329872.16000000
2022-12-02 16:00:00,3.42000000,3.85000000,3.20000000,3.28000000,1075240.80000000
2022-12-03 16:00:00,3.27000000,3.84000000,3.26000000,3.60000000,943827.52000000
2022-12-04 16:00:00,3.60000000,3.93000000,3.43000000,3.50000000,813107.64000000
2022-12-05 16:00:00,3.50000000,3.90000000,3.47000000,3.76000000,641446.70000000
2022-12-06 16:00:00,3.76000000,4.01000000,3.57000000,3.77000000,849521.91000000
2022-12-07 16:00:00,3.77000000,3.89000000,3.60000000,3.77000000,429607.39000000
2022-12-08 16:00:00,3.77000000,3.81000000,3.61000000,3.64000000,259850.21000000
2022-12-09 16:00:00,3.63000000,4.03000000,3.56000000,3.71000000,646562.82000000
2022-12-10 16:00:00,3.73000000,3.94000000,3.68000000,3.69000000,236831.35000000
2022-12-11 16:00:00,3.69000000,3.69000000,3.26000000,3.54000000,299295.46000000
2022-12-12 16:00:00,3.53000000,3.71000000,3.35000000,3.61000000,325609.72000000
2022-12-13 16:00:00,3.62000000,3.67000000,3.44000000,3.49000000,119628.36000000
2022-12-14 16:00:00,3.49000000,3.54000000,3.28000000,3.29000000,151048.77000000
2022-12-15 16:00:00,3.30000000,3.38000000,2.84000000,2.98000000,214790.77000000
2022-12-16 16:00:00,2.97000000,3.30000000,2.88000000,3.05000000,621369.49000000
2022-12-17 16:00:00,3.06000000,3.08000000,2.96000000,3.02000000,72812.73000000
2022-12-18 16:00:00,3.02000000,3.03000000,2.75000000,2.81000000,125518.80000000
2022-12-19 16:00:00,2.81000000,2.96000000,2.80000000,2.91000000,52046.47000000
2022-12-20 16:00:00,2.91000000,2.93000000,2.81000000,2.85000000,53978.29000000
2022-12-21 16:00:00,2.84000000,2.87000000,2.65000000,2.79000000,121212.84000000
2022-12-22 16:00:00,2.79000000,2.79000000,2.66000000,2.69000000,68033.07000000
2022-12-23 16:00:00,2.68000000,3.33000000,2.67000000,2.92000000,996842.69000000
2022-12-24 16:00:00,2.92000000,3.57000000,2.88000000,3.02000000,1271992.27000000
2022-12-25 16:00:00,3.03000000,3.14000000,2.86000000,2.95000000,319114.81000000
2022-12-26 16:00:00,2.95000000,3.03000000,2.84000000,2.87000000,146332.43000000
2022-12-27 16:00:00,2.87000000,2.95000000,2.78000000,2.83000000,177079.15000000
2022-12-28 16:00:00,2.83000000,3.10000000,2.78000000,2.88000000,306891.41000000
2022-12-29 16:00:00,2.88000000,2.95000000,2.84000000,2.90000000,90988.09000000
2022-12-30 16:00:00,2.90000000,2.98000000,2.88000000,2.93000000,71865.44000000
2022-12-31 16:00:00,2.92000000,2.92000000,2.85000000,2.87000000,43833.76000000
2023-01-01 16:00:00,2.87000000,2.97000000,2.83000000,2.88000000,97230.20000000
2023-01-02 16:00:00,2.87000000,2.96000000,2.87000000,2.91000000,96216.06000000
2023-01-03 16:00:00,2.91000000,2.99000000,2.90000000,2.94000000,102895.78000000
2023-01-04 16:00:00,2.94000000,2.94000000,2.88000000,2.90000000,61568.50000000
2023-01-05 16:00:00,2.90000000,2.95000000,2.85000000,2.94000000,49517.54000000
2023-01-06 16:00:00,2.95000000,3.08000000,2.90000000,2.93000000,163045.69000000
2023-01-07 16:00:00,2.91000000,2.97000000,2.90000000,2.96000000,60380.28000000
2023-01-08 16:00:00,2.97000000,3.15000000,2.96000000,3.02000000,157554.19000000
2023-01-09 16:00:00,3.03000000,3.08000000,2.98000000,3.04000000,89951.25000000
2023-01-10 16:00:00,3.04000000,3.09000000,2.99000000,3.06000000,110010.60000000
2023-01-11 16:00:00,3.06000000,3.15000000,3.00000000,3.13000000,132020.77000000
2023-01-12 16:00:00,3.13000000,3.20000000,3.07000000,3.18000000,109308.17000000
2023-01-13 16:00:00,3.19000000,3.42000000,3.13000000,3.36000000,312800.01000000
2023-01-14 16:00:00,3.36000000,3.37000000,3.20000000,3.31000000,141474.43000000
2023-01-15 16:00:00,3.31000000,3.40000000,3.19000000,3.28000000,133268.33000000
2023-01-16 16:00:00,3.29000000,3.39000000,3.22000000,3.29000000,142840.68000000
2023-01-17 16:00:00,3.30000000,3.41000000,3.06000000,3.21000000,248891.41000000
2023-01-18 16:00:00,3.21000000,3.28000000,2.98000000,3.15000000,231277.94000000
2023-01-19 16:00:00,3.15000000,3.29000000,3.06000000,3.27000000,217894.40000000
2023-01-20 16:00:00,3.28000000,3.85000000,3.23000000,3.46000000,800176.53000000
2023-01-21 16:00:00,3.46000000,3.64000000,3.30000000,3.42000000,569405.79000000
2023-01-22 16:00:00,3.41000000,3.51000000,3.33000000,3.44000000,185598.24000000
2023-01-23 16:00:00,3.44000000,3.70000000,3.35000000,3.40000000,419499.31000000
2023-01-24 16:00:00,3.40000000,3.47000000,3.33000000,3.44000000,182254.78000000
2023-01-25 16:00:00,3.45000000,3.60000000,3.38000000,3.55000000,278519.55000000
2023-01-26 16:00:00,3.55000000,3.65000000,3.45000000,3.57000000,245129.14000000
2023-01-27 16:00:00,3.55000000,3.60000000,3.46000000,3.50000000,134383.87000000
2023-01-28 16:00:00,3.50000000,3.63000000,3.48000000,3.58000000,162369.39000000
2023-01-29 16:00:00,3.57000000,3.60000000,3.31000000,3.38000000,194071.31000000
2023-01-30 16:00:00,3.36000000,3.50000000,3.34000000,3.42000000,90951.58000000
2023-01-31 16:00:00,3.43000000,3.55000000,3.22000000,3.51000000,235561.68000000
2023-02-01 16:00:00,3.51000000,3.58000000,3.43000000,3.45000000,246523.11000000
2023-02-02 16:00:00,3.45000000,3.59000000,3.44000000,3.56000000,137592.85000000
2023-02-03 16:00:00,3.58000000,3.74000000,3.52000000,3.65000000,332205.14000000
2023-02-04 16:00:00,3.65000000,4.00000000,3.59000000,3.69000000,583550.38000000
2023-02-05 16:00:00,3.70000000,3.94000000,3.58000000,3.86000000,178562.36000000
2023-02-06 16:00:00,3.87000000,4.20000000,3.81000000,4.08000000,424551.29000000
2023-02-07 16:00:00,4.09000000,4.37000000,3.96000000,4.32000000,304117.36000000
2023-02-08 16:00:00,4.32000000,5.00000000,3.83000000,3.89000000,926261.82000000
2023-02-09 16:00:00,3.88000000,3.93000000,3.71000000,3.74000000,106940.68000000
2023-02-10 16:00:00,3.74000000,3.83000000,3.70000000,3.83000000,41501.07000000
2023-02-11 16:00:00,3.83000000,3.90000000,3.76000000,3.78000000,60954.62000000
2023-02-12 16:00:00,3.79000000,3.85000000,3.56000000,3.80000000,206293.26000000
2023-02-13 16:00:00,3.80000000,4.00000000,3.76000000,3.86000000,151721.27000000
2023-02-14 16:00:00,3.86000000,4.08000000,3.81000000,4.04000000,124712.32000000
2023-02-15 16:00:00,4.04000000,4.23000000,3.89000000,3.91000000,197037.41000000
2023-02-16 16:00:00,3.92000000,4.64000000,3.90000000,4.55000000,289152.61000000
2023-02-17 16:00:00,4.55000000,4.65000000,4.26000000,4.32000000,159137.25000000
2023-02-18 16:00:00,4.32000000,4.60000000,4.01000000,4.09000000,284634.30000000
2023-02-19 16:00:00,4.09000000,4.93000000,4.04000000,4.59000000,406680.78000000
2023-02-20 16:00:00,4.58000000,5.39000000,4.47000000,4.66000000,851130.41000000
2023-02-21 16:00:00,4.64000000,4.70000000,4.32000000,4.49000000,147420.40000000
2023-02-22 16:00:00,4.50000000,4.70000000,4.36000000,4.59000000,208505.53000000
2023-02-23 16:00:00,4.59000000,4.68000000,4.34000000,4.37000000,95075.74000000
2023-02-24 16:00:00,4.38000000,4.44000000,4.24000000,4.36000000,47603.28000000
2023-02-25 16:00:00,4.36000000,4.51000000,4.33000000,4.44000000,50544.23000000
2023-02-26 16:00:00,4.43000000,4.54000000,4.37000000,4.49000000,54409.14000000
2023-02-27 16:00:00,4.50000000,4.52000000,4.38000000,4.39000000,49611.24000000
2023-02-28 16:00:00,4.39000000,4.63000000,4.37000000,4.57000000,115257.50000000
2023-03-01 16:00:00,4.57000000,4.58000000,4.40000000,4.45000000,46316.41000000
2023-03-02 16:00:00,4.45000000,4.46000000,4.03000000,4.04000000,102456.04000000
2023-03-03 16:00:00,4.04000000,4.27000000,4.02000000,4.07000000,64588.18000000
2023-03-04 16:00:00,4.07000000,4.14000000,4.01000000,4.06000000,65542.53000000
2023-03-05 16:00:00,4.06000000,4.11000000,3.91000000,3.92000000,57561.81000000
2023-03-06 16:00:00,3.92000000,3.98000000,3.65000000,3.71000000,80224.23000000
2023-03-07 16:00:00,3.72000000,3.74000000,3.45000000,3.50000000,63059.08000000
2023-03-08 16:00:00,3.49000000,3.58000000,3.16000000,3.24000000,84767.95000000
2023-03-09 16:00:00,3.24000000,3.27000000,3.01000000,3.25000000,88296.64000000
2023-03-10 16:00:00,3.25000000,3.33000000,2.96000000,3.19000000,136045.40000000
2023-03-11 16:00:00,3.18000000,3.49000000,3.17000000,3.45000000,95733.56000000
2023-03-12 17:00:00,3.46000000,3.64000000,3.32000000,3.57000000,132468.34000000
2023-03-13 17:00:00,3.57000000,3.73000000,3.42000000,3.58000000,185152.46000000
2023-03-14 17:00:00,3.58000000,3.73000000,3.36000000,3.42000000,103048.18000000
2023-03-15 17:00:00,3.42000000,3.55000000,3.40000000,3.54000000,80278.27000000
2023-03-16 17:00:00,3.53000000,3.78000000,3.52000000,3.77000000,109441.10000000
2023-03-17 17:00:00,3.78000000,3.83000000,3.59000000,3.59000000,205124.92000000
2023-03-18 17:00:00,3.60000000,3.66000000,3.45000000,3.50000000,291056.42000000
2023-03-19 17:00:00,3.50000000,3.52000000,3.32000000,3.33000000,110357.77000000
2023-03-20 17:00:00,3.34000000,3.45000000,3.19000000,3.41000000,84106.84000000
2023-03-21 17:00:00,3.42000000,3.42000000,3.16000000,3.27000000,81675.10000000
2023-03-22 17:00:00,3.27000000,3.50000000,3.25000000,3.41000000,105273.72000000
2023-03-23 17:00:00,3.40000000,3.43000000,3.18000000,3.25000000,63088.93000000
2023-03-24 17:00:00,3.25000000,3.27000000,3.18000000,3.21000000,42267.25000000
2023-03-25 17:00:00,3.20000000,3.33000000,3.19000000,3.31000000,40323.42000000
2023-03-26 17:00:00,3.31000000,3.44000000,3.09000000,3.22000000,175088.13000000
2023-03-27 17:00:00,3.21000000,3.35000000,3.16000000,3.31000000,57672.24000000
2023-03-28 17:00:00,3.32000000,3.48000000,3.30000000,3.42000000,122356.00000000
2023-03-29 17:00:00,3.42000000,3.47000000,3.28000000,3.32000000,56314.28000000
2023-03-30 17:00:00,3.32000000,3.42000000,3.27000000,3.39000000,42771.51000000
2023-03-31 17:00:00,3.40000000,3.65000000,3.37000000,3.47000000,177060.93000000
2023-04-01 17:00:00,3.47000000,4.68000000,3.47000000,3.94000000,2936448.09000000
2023-04-02 17:00:00,3.95000000,4.21000000,3.51000000,3.59000000,780268.27000000
2023-04-03 17:00:00,3.60000000,3.72000000,3.57000000,3.62000000,226135.64000000
2023-04-04 17:00:00,3.63000000,3.68000000,3.51000000,3.59000000,195143.42000000
2023-04-05 17:00:00,3.59000000,3.64000000,3.53000000,3.58000000,96845.60000000
2023-04-06 17:00:00,3.58000000,3.58000000,3.43000000,3.56000000,114936.27000000
2023-04-07 17:00:00,3.56000000,3.69000000,3.44000000,3.52000000,332459.23000000
2023-04-08 17:00:00,3.52000000,4.30000000,3.50000000,3.56000000,899689.68000000
2023-04-09 17:00:00,3.55000000,3.66000000,3.50000000,3.58000000,189570.20000000
2023-04-10 17:00:00,3.59000000,3.78000000,3.55000000,3.62000000,201507.73000000
2023-04-11 17:00:00,3.62000000,4.16000000,3.52000000,3.75000000,1344974.82000000
2023-04-12 17:00:00,3.75000000,3.97000000,3.69000000,3.74000000,382035.89000000
2023-04-13 17:00:00,3.74000000,3.89000000,3.68000000,3.77000000,199315.59000000
2023-04-14 17:00:00,3.78000000,3.84000000,3.73000000,3.75000000,85876.78000000
2023-04-15 17:00:00,3.76000000,3.87000000,3.73000000,3.82000000,133111.28000000
2023-04-16 17:00:00,3.81000000,3.83000000,3.66000000,3.72000000,105238.57000000
2023-04-17 17:00:00,3.73000000,4.11000000,3.66000000,3.93000000,689065.99000000
2023-04-18 17:00:00,3.93600000,4.26000000,3.72000000,3.78900000,863203.83000000
2023-04-19 17:00:00,3.78800000,3.80500000,3.49800000,3.55100000,256625.94000000
2023-04-20 17:00:00,3.54900000,3.65600000,3.33700000,3.35800000,142268.09000000
2023-04-21 17:00:00,3.36500000,3.46200000,3.33200000,3.45000000,77840.52000000
2023-04-22 17:00:00,3.46200000,3.63900000,3.30000000,3.34400000,169354.79000000
2023-04-23 17:00:00,3.34400000,3.40000000,3.30000000,3.36000000,65243.22000000
2023-04-24 17:00:00,3.36600000,3.49000000,3.29800000,3.42900000,151382.10000000
2023-04-25 17:00:00,3.42900000,3.55000000,3.25100000,3.40400000,172565.44000000
2023-04-26 17:00:00,3.39700000,3.47000000,3.37600000,3.43000000,62431.59000000
2023-04-27 17:00:00,3.43200000,3.49300000,3.35200000,3.36400000,43911.69000000
2023-04-28 17:00:00,3.36500000,3.47600000,3.35500000,3.46000000,45881.15000000
2023-04-29 17:00:00,3.47000000,3.84900000,3.42200000,3.67800000,1106895.77000000
2023-04-30 17:00:00,3.66800000,3.73900000,3.38200000,3.43900000,250919.60000000
2023-05-01 17:00:00,3.43900000,3.55400000,3.39000000,3.47000000,178593.64000000
2023-05-02 17:00:00,3.47000000,3.48900000,3.30000000,3.42600000,163121.62000000
2023-05-03 17:00:00,3.43300000,3.46300000,3.34000000,3.36400000,75079.04000000
2023-05-04 17:00:00,3.36200000,3.45000000,3.33300000,3.36900000,144598.57000000
2023-05-05 17:00:00,3.36900000,3.39700000,3.20200000,3.24900000,124930.17000000
2023-05-06 17:00:00,3.24500000,3.29900000,3.15300000,3.15400000,103314.59000000
2023-05-07 17:00:00,3.15400000,3.17700000,2.86500000,2.93600000,147923.53000000
2023-05-08 17:00:00,2.93600000,2.97800000,2.90000000,2.95500000,72416.31000000
2023-05-09 17:00:00,2.94900000,3.07700000,2.93600000,3.01200000,106249.82000000
2023-05-10 17:00:00,3.01200000,3.01200000,2.74500000,2.79600000,104909.03000000
2023-05-11 17:00:00,2.79300000,2.88200000,2.68700000,2.86300000,108864.84000000
2023-05-12 17:00:00,2.85800000,2.90000000,2.79800000,2.80000000,58113.52000000
2023-05-13 17:00:00,2.79900000,2.88700000,2.78500000,2.88100000,36484.40000000
2023-05-14 17:00:00,2.88100000,2.98800000,2.85800000,2.90700000,55533.68000000
2023-05-15 17:00:00,2.90600000,2.92600000,2.87000000,2.90400000,25108.33000000
2023-05-16 17:00:00,2.91500000,3.02600000,2.82800000,2.95100000,96395.55000000
2023-05-17 17:00:00,2.94500000,2.98200000,2.85100000,2.91600000,57577.50000000
2023-05-18 17:00:00,2.91400000,2.97500000,2.87200000,2.94700000,61480.59000000
2023-05-19 17:00:00,2.94800000,2.97600000,2.92300000,2.93600000,21211.61000000
2023-05-20 17:00:00,2.93600000,2.94900000,2.87700000,2.88700000,17060.35000000
2023-05-21 17:00:00,2.89600000,2.94900000,2.79500000,2.81500000,82067.23000000
2023-05-22 17:00:00,2.81500000,2.97000000,2.81500000,2.88100000,89038.98000000
2023-05-23 17:00:00,2.88100000,2.91200000,2.75800000,2.79400000,67841.19000000
2023-05-24 17:00:00,2.79200000,2.85400000,2.71900000,2.82600000,74916.52000000
2023-05-25 17:00:00,2.82800000,2.89100000,2.82300000,2.84900000,39249.13000000
2023-05-26 17:00:00,2.84900000,2.85600000,2.78000000,2.82700000,49105.34000000
2023-05-27 17:00:00,2.82300000,2.92700000,2.82300000,2.90000000,109634.28000000
2023-05-28 17:00:00,2.89600000,2.91000000,2.84700000,2.87100000,32050.71000000
2023-05-29 17:00:00,2.87400000,2.88200000,2.79300000,2.82800000,84686.02000000
2023-05-30 17:00:00,2.83000000,2.83200000,2.73300000,2.75700000,43991.16000000
2023-05-31 17:00:00,2.75700000,2.91000000,2.75500000,2.84900000,99377.03000000
2023-06-01 17:00:00,2.85500000,2.94000000,2.84500000,2.87500000,80212.09000000
2023-06-02 17:00:00,2.87500000,3.23000000,2.85900000,2.93200000,359713.84000000
2023-06-03 17:00:00,2.93200000,2.96000000,2.89000000,2.92000000,94333.24000000
2023-06-04 17:00:00,2.92500000,2.93100000,2.58000000,2.61800000,115530.64000000
2023-06-05 17:00:00,2.61900000,2.68900000,2.53600000,2.65100000,112653.14000000
2023-06-06 17:00:00,2.65200000,2.65200000,2.43400000,2.46000000,88210.46000000
2023-06-07 17:00:00,2.46100000,2.62800000,2.42600000,2.57600000,67895.55000000
2023-06-08 17:00:00,2.57700000,2.65400000,2.50500000,2.51000000,72452.29000000
2023-06-09 17:00:00,2.51000000,2.64800000,2.17700000,2.23300000,554764.62000000
2023-06-10 17:00:00,2.23000000,2.31700000,2.17700000,2.20200000,166086.91000000
2023-06-11 17:00:00,2.20100000,2.26000000,2.16500000,2.20500000,49239.34000000
2023-06-12 17:00:00,2.20200000,2.25400000,2.19100000,2.21100000,46780.36000000
2023-06-13 17:00:00,2.21200000,2.28300000,2.10800000,2.11700000,117938.95000000
2023-06-14 17:00:00,2.12100000,2.15400000,2.08000000,2.13700000,50004.14000000
2023-06-15 17:00:00,2.13600000,2.19900000,2.11800000,2.19000000,38346.85000000
2023-06-16 17:00:00,2.19000000,2.51900000,2.19000000,2.27000000,259867.36000000
2023-06-17 17:00:00,2.27700000,2.28800000,2.17300000,2.17800000,100131.68000000
2023-06-18 17:00:00,2.17900000,2.23200000,2.16500000,2.21000000,48070.36000000
2023-06-19 17:00:00,2.22000000,2.28000000,2.17800000,2.27800000,36999.81000000
2023-06-20 17:00:00,2.28300000,2.38100000,2.27600000,2.35800000,101033.62000000
2023-06-21 17:00:00,2.35500000,2.68400000,2.32900000,2.41000000,450003.70000000
2023-06-22 17:00:00,2.41000000,2.63600000,2.40300000,2.51000000,243665.46000000
2023-06-23 17:00:00,2.51300000,2.61000000,2.50700000,2.58700000,119539.43000000
2023-06-24 17:00:00,2.58700000,2.71700000,2.55500000,2.57800000,155704.74000000
2023-06-25 17:00:00,2.57400000,2.57600000,2.43600000,2.44700000,99358.91000000
2023-06-26 17:00:00,2.44700000,2.47000000,2.42500000,2.44900000,77311.94000000
2023-06-27 17:00:00,2.44500000,2.44800000,2.29000000,2.30600000,45943.50000000
2023-06-28 17:00:00,2.30000000,2.59900000,2.29100000,2.40200000,237087.06000000
2023-06-29 17:00:00,2.40100000,2.55000000,2.29400000,2.50300000,169037.23000000
2023-06-30 17:00:00,2.51100000,2.83900000,2.49100000,2.53000000,421801.10000000
2023-07-01 17:00:00,2.53000000,2.53200000,2.43500000,2.47400000,79468.86000000
2023-07-02 17:00:00,2.47400000,2.55200000,2.45000000,2.52200000,100729.70000000
2023-07-03 17:00:00,2.52300000,2.79000000,2.46100000,2.51400000,436774.17000000
2023-07-04 17:00:00,2.51200000,2.63900000,2.42000000,2.49400000,218874.05000000
2023-07-05 17:00:00,2.49300000,2.73000000,2.46100000,2.47700000,196983.38000000
2023-07-06 17:00:00,2.47900000,2.78000000,2.45000000,2.54600000,355366.22000000
2023-07-07 17:00:00,2.54800000,2.61800000,2.53700000,2.59000000,51816.11000000
2023-07-08 17:00:00,2.59100000,2.68900000,2.55000000,2.56700000,157456.81000000
2023-07-09 17:00:00,2.56900000,2.59100000,2.49100000,2.52800000,82278.70000000
2023-07-10 17:00:00,2.52800000,2.67800000,2.51300000,2.55200000,102526.25000000
2023-07-11 17:00:00,2.55200000,2.59200000,2.53900000,2.56400000,44392.94000000
2023-07-12 17:00:00,2.56500000,2.68600000,2.52400000,2.67600000,94355.41000000
2023-07-13 17:00:00,2.67600000,2.75000000,2.53500000,2.58600000,219681.20000000
2023-07-14 17:00:00,2.59200000,2.60700000,2.54600000,2.57400000,65984.78000000
2023-07-15 17:00:00,2.57400000,2.59500000,2.50700000,2.51200000,56033.27000000
2023-07-16 17:00:00,2.51700000,2.77000000,2.47800000,2.60500000,279463.20000000
2023-07-17 17:00:00,2.60400000,3.78800000,2.59800000,2.98400000,7244369.27000000
2023-07-18 17:00:00,2.98200000,2.98700000,2.74900000,2.77500000,963426.55000000
2023-07-19 17:00:00,2.77500000,2.97100000,2.64600000,2.75800000,633081.37000000
2023-07-20 17:00:00,2.75800000,2.95400000,2.71000000,2.76400000,503803.02000000
2023-07-21 17:00:00,2.76400000,2.85500000,2.65100000,2.66900000,149061.20000000
2023-07-22 17:00:00,2.66800000,2.69100000,2.60000000,2.65800000,131064.23000000
2023-07-23 17:00:00,2.65600000,2.85800000,2.60600000,2.71900000,563174.09000000
2023-07-24 17:00:00,2.71900000,2.79700000,2.68300000,2.70600000,192839.12000000
2023-07-25 17:00:00,2.70800000,2.74100000,2.65000000,2.69400000,79230.70000000
2023-07-26 17:00:00,2.69800000,3.41600000,2.68000000,2.81400000,1829235.04000000
2023-07-27 17:00:00,2.80700000,2.87000000,2.68900000,2.80600000,264345.60000000
2023-07-28 17:00:00,2.80600000,4.36000000,2.80000000,3.83300000,8405170.08000000
2023-07-29 17:00:00,3.83600000,4.28800000,3.15000000,3.23200000,4645599.40000000
2023-07-30 17:00:00,3.23200000,3.41000000,2.91900000,2.94200000,910493.27000000
2023-07-31 17:00:00,2.93800000,3.22000000,2.91500000,3.11000000,1317407.11000000
2023-08-01 17:00:00,3.11500000,3.14300000,2.90500000,2.99100000,434490.69000000
2023-08-02 17:00:00,2.99500000,3.35200000,2.95700000,2.98000000,1496332.12000000
2023-08-03 17:00:00,2.98100000,3.02600000,2.85500000,2.86600000,297596.30000000
2023-08-04 17:00:00,2.86600000,3.35000000,2.85700000,3.10500000,1141871.06000000
2023-08-05 17:00:00,3.10700000,3.10700000,2.95800000,3.00400000,420343.96000000
2023-08-06 17:00:00,3.00300000,3.02900000,2.92100000,2.97500000,252834.35000000
2023-08-07 17:00:00,2.97500000,3.06600000,2.90500000,2.97700000,201596.63000000
2023-08-08 17:00:00,2.97400000,3.05900000,2.90400000,2.95400000,245304.57000000
2023-08-09 17:00:00,2.95300000,2.95300000,2.79800000,2.87200000,203346.14000000
2023-08-10 17:00:00,2.87200000,2.98900000,2.81800000,2.89600000,221602.36000000
2023-08-11 17:00:00,2.89200000,3.04000000,2.86700000,2.92900000,477770.20000000
2023-08-12 17:00:00,2.92900000,3.02500000,2.90100000,2.95400000,211687.75000000
2023-08-13 17:00:00,2.95300000,3.01600000,2.89000000,2.90300000,180587.51000000
2023-08-14 17:00:00,2.90200000,2.99800000,2.82000000,2.93000000,334730.52000000
2023-08-15 17:00:00,2.92200000,2.99300000,2.64600000,2.69200000,381875.09000000
2023-08-16 17:00:00,2.69100000,2.84900000,2.46500000,2.59900000,261135.17000000
2023-08-17 17:00:00,2.58900000,2.63300000,2.52100000,2.59500000,143309.64000000
2023-08-18 17:00:00,2.61000000,2.67400000,2.59500000,2.66200000,86226.63000000
2023-08-19 17:00:00,2.66400000,2.67400000,2.59100000,2.60500000,71408.52000000
2023-08-20 17:00:00,2.61300000,2.61300000,2.50100000,2.53200000,90669.65000000
2023-08-21 17:00:00,2.52500000,2.56700000,2.42400000,2.51400000,117361.93000000
2023-08-22 17:00:00,2.50300000,2.56600000,2.44500000,2.55000000,87103.75000000
2023-08-23 17:00:00,2.55000000,2.79000000,2.52100000,2.60300000,920504.39000000
2023-08-24 17:00:00,2.60200000,2.76900000,2.58200000,2.70700000,664102.61000000
2023-08-25 17:00:00,2.70900000,2.75900000,2.54700000,2.56300000,288958.71000000
2023-08-26 17:00:00,2.56400000,2.59900000,2.52100000,2.54600000,120515.41000000
2023-08-27 17:00:00,2.55000000,2.55600000,2.47100000,2.51800000,98005.58000000
2023-08-28 17:00:00,2.51500000,2.58200000,2.42900000,2.55000000,185734.94000000
2023-08-29 17:00:00,2.55200000,2.62600000,2.51900000,2.59000000,159534.98000000
2023-08-30 17:00:00,2.58500000,2.61700000,2.48000000,2.51100000,163352.39000000
2023-08-31 17:00:00,2.50500000,2.66400000,2.46500000,2.48000000,371817.35000000
2023-09-01 17:00:00,2.47900000,2.53500000,2.46500000,2.52000000,134585.20000000
2023-09-02 17:00:00,2.52400000,2.64800000,2.47800000,2.61400000,372238.69000000
