2021-04-08 17:00:00,7.03000000,9.69900000,5.20100000,5.52900000,33814111.15400000
2021-04-09 17:00:00,5.52900000,5.67000000,4.32400000,4.77400000,20726687.08500000
2021-04-10 17:00:00,4.76700000,4.80000000,3.86200000,4.47000000,14587275.17800000
2021-04-11 17:00:00,4.47500000,5.60000000,4.43100000,4.67300000,20031416.00500000
2021-04-12 17:00:00,4.66300000,4.74000000,4.22100000,4.53200000,9383892.56400000
2021-04-13 17:00:00,4.54600000,4.78900000,3.82000000,4.14700000,11219570.05100000
2021-04-14 17:00:00,4.14500000,4.55000000,4.04000000,4.31400000,8806478.40800000
2021-04-15 17:00:00,4.31000000,4.31500000,3.60000000,3.83500000,10420074.23100000
2021-04-16 17:00:00,3.84100000,4.24100000,3.66100000,3.91800000,9594438.18700000
2021-04-17 17:00:00,3.90200000,3.91600000,2.83000000,3.38900000,8908028.50800000
2021-04-18 17:00:00,3.39000000,3.80000000,2.98000000,3.12900000,8359358.62100000
2021-04-19 17:00:00,3.13000000,3.54000000,2.70000000,3.19000000,9426138.58500000
2021-04-20 17:00:00,3.18900000,3.73500000,3.13500000,3.19500000,12862959.60000000
2021-04-21 17:00:00,3.19600000,3.30000000,2.66400000,2.69200000,7371226.89400000
2021-04-22 17:00:00,2.69500000,2.78800000,1.75900000,2.65800000,15456619.17100000
2021-04-23 17:00:00,2.65400000,2.94700000,2.36400000,2.42200000,8209767.62800000
2021-04-24 17:00:00,2.42100000,2.71000000,2.20000000,2.51100000,6289239.80400000
2021-04-25 17:00:00,2.50900000,3.60000000,2.44500000,3.39800000,19758960.31700000
2021-04-26 17:00:00,3.39700000,3.60000000,3.18000000,3.54900000,8233951.83500000
2021-04-27 17:00:00,3.54900000,3.55000000,3.03400000,3.32500000,5468903.22800000
2021-04-28 17:00:00,3.32900000,3.46300000,3.07500000,3.23900000,4530239.18200000
2021-04-29 17:00:00,3.23800000,3.42100000,3.13000000,3.36600000,5093134.84900000
2021-04-30 17:00:00,3.36900000,3.36900000,3.20800000,3.30900000,3502336.20600000
2021-05-01 17:00:00,3.30700000,3.40000000,3.08000000,3.31100000,5056773.79100000
2021-05-02 17:00:00,3.31200000,3.57900000,3.30200000,3.37100000,7779576.52700000
2021-05-03 17:00:00,3.36500000,3.37300000,2.86900000,2.92800000,7887571.63000000
2021-05-04 17:00:00,2.93000000,3.15900000,2.83600000,3.13000000,6600952.34400000
2021-05-05 17:00:00,3.13000000,3.19000000,2.90000000,2.99300000,6166649.53300000
2021-05-06 17:00:00,2.99300000,3.20200000,2.74600000,3.01100000,6735403.53100000
2021-05-07 17:00:00,3.01100000,3.30900000,2.93300000,3.02600000,8204538.40800000
2021-05-08 17:00:00,3.02900000,3.14200000,2.86500000,3.03900000,4628969.42500000
2021-05-09 17:00:00,3.04000000,3.04000000,2.34000000,2.61900000,6097645.79400000
2021-05-10 17:00:00,2.61800000,2.90500000,2.49000000,2.80500000,6036767.24400000
2021-05-11 17:00:00,2.80400000,3.05700000,2.20000000,2.24800000,5999106.22000000
2021-05-12 17:00:00,2.24300000,2.58000000,2.12500000,2.40600000,6241459.13600000
2021-05-13 17:00:00,2.40500000,2.59900000,2.33600000,2.56900000,3837831.60800000
2021-05-14 17:00:00,2.56400000,2.67800000,2.30000000,2.36100000,4574831.32700000
2021-05-15 17:00:00,2.36200000,2.50400000,2.16500000,2.34900000,4594226.30700000
2021-05-16 17:00:00,2.34900000,2.35300000,1.99100000,2.14800000,7965230.70500000
2021-05-17 17:00:00,2.14800000,2.37800000,2.06300000,2.20500000,7944330.65700000
2021-05-18 17:00:00,2.20600000,2.24400000,1.05600000,1.40100000,11416766.64000000
2021-05-19 17:00:00,1.41100000,1.73000000,1.24000000,1.69700000,5380965.25400000
2021-05-20 17:00:00,1.69600000,1.98600000,1.40000000,1.80200000,10438323.06500000
2021-05-21 17:00:00,1.80100000,1.94400000,1.54400000,1.78800000,6095885.91100000
2021-05-22 17:00:00,1.78700000,1.78800000,1.12600000,1.45700000,6406443.14900000
2021-05-23 17:00:00,1.45600000,1.97400000,1.25600000,1.76100000,11798300.90200000
2021-05-24 17:00:00,1.76100000,1.87000000,1.51800000,1.69200000,4600181.98400000
2021-05-25 17:00:00,1.69400000,1.82900000,1.62300000,1.81200000,3738198.96600000
2021-05-26 17:00:00,1.80700000,1.81000000,1.63000000,1.75000000,2780781.42400000
2021-05-27 17:00:00,1.75200000,1.80300000,1.52700000,1.79500000,5599481.57700000
2021-05-28 17:00:00,1.79500000,1.79500000,1.59300000,1.67900000,2918450.77200000
2021-05-29 17:00:00,1.68200000,1.69800000,1.53900000,1.65600000,1807537.41300000
2021-05-30 17:00:00,1.65500000,1.74800000,1.55500000,1.70700000,2333450.00400000
2021-05-31 17:00:00,1.70600000,1.71400000,1.60000000,1.64000000,1760332.75500000
2021-06-01 17:00:00,1.64000000,1.71500000,1.61100000,1.69000000,3616188.98700000
2021-06-02 17:00:00,1.69000000,1.75300000,1.64400000,1.75000000,2365862.86200000
2021-06-03 17:00:00,1.75000000,1.75600000,1.51100000,1.59400000,2883059.24000000
2021-06-04 17:00:00,1.59200000,1.64500000,1.49200000,1.55400000,1798170.34100000
2021-06-05 17:00:00,1.55600000,1.77300000,1.53500000,1.62400000,4777742.15000000
2021-06-06 17:00:00,1.62400000,1.70900000,1.45300000,1.47600000,2113325.73100000
2021-06-07 17:00:00,1.47800000,1.50700000,1.27700000,1.42300000,2796363.61600000
2021-06-08 17:00:00,1.41900000,1.56900000,1.31400000,1.51700000,3707702.78300000
2021-06-09 17:00:00,1.51700000,1.52600000,1.45000000,1.50500000,2038494.80100000
2021-06-10 17:00:00,1.50200000,1.76000000,1.33800000,1.37500000,6404469.72700000
2021-06-11 17:00:00,1.37500000,1.37800000,1.20000000,1.25500000,2717533.14000000
2021-06-12 17:00:00,1.25400000,1.33300000,1.21800000,1.31500000,2539926.06500000
2021-06-13 17:00:00,1.31400000,1.33100000,1.27100000,1.32800000,2307739.49700000
2021-06-14 17:00:00,1.32600000,1.33200000,1.28100000,1.30500000,1731433.21400000
2021-06-15 17:00:00,1.30300000,1.39500000,1.24500000,1.26800000,3840158.46600000
2021-06-16 17:00:00,1.26700000,1.28000000,1.22500000,1.24600000,1666677.87000000
2021-06-17 17:00:00,1.24600000,1.24700000,1.09400000,1.13200000,1889031.30500000
2021-06-18 17:00:00,1.13100000,1.14200000,1.08500000,1.09000000,1600395.54800000
2021-06-19 17:00:00,1.09000000,1.10900000,0.96900000,1.05300000,3448264.30300000
2021-06-20 17:00:00,1.05400000,1.05900000,0.77500000,0.78000000,6206297.46900000
2021-06-21 17:00:00,0.77800000,0.79600000,0.57800000,0.67800000,7627761.25100000
2021-06-22 17:00:00,0.68000000,0.78400000,0.66400000,0.75600000,3749910.37600000
2021-06-23 17:00:00,0.75600000,0.83000000,0.72100000,0.81200000,3197618.61600000
2021-06-24 17:00:00,0.81300000,0.86100000,0.72500000,0.73300000,4198801.07200000
2021-06-25 17:00:00,0.73300000,0.76200000,0.69300000,0.74800000,2875811.21800000
2021-06-26 17:00:00,0.74800000,0.86500000,0.73500000,0.83100000,5342517.98900000
2021-06-27 17:00:00,0.82900000,0.93800000,0.79700000,0.90600000,5035494.49900000
2021-06-28 17:00:00,0.90500000,1.08300000,0.89600000,1.01000000,7858005.44000000
2021-06-29 17:00:00,1.00800000,1.19000000,0.97300000,1.16600000,7646302.16500000
2021-06-30 17:00:00,1.16600000,1.19900000,1.02000000,1.09400000,5406005.79300000
2021-07-01 17:00:00,1.09400000,1.10000000,1.00000000,1.06900000,3163058.26000000
2021-07-02 17:00:00,1.07000000,1.12200000,1.03300000,1.11400000,1973188.99400000
2021-07-03 17:00:00,1.11500000,1.18300000,1.07100000,1.15200000,3970394.70500000
2021-07-04 17:00:00,1.15300000,1.16700000,1.06400000,1.11400000,3698992.18100000
2021-07-05 17:00:00,1.11600000,1.17000000,1.10300000,1.16900000,3228583.59300000
2021-07-06 17:00:00,1.17000000,1.33000000,1.13700000,1.27800000,6310728.90600000
2021-07-07 17:00:00,1.27600000,1.27900000,1.07500000,1.11900000,5786588.16100000
2021-07-08 17:00:00,1.11600000,1.15200000,1.01500000,1.11300000,3957776.60800000
2021-07-09 17:00:00,1.11300000,1.13600000,1.05500000,1.07100000,2378227.92400000
2021-07-10 17:00:00,1.06900000,1.12800000,1.04700000,1.12500000,2467907.82200000
2021-07-11 17:00:00,1.12500000,1.33700000,1.09500000,1.33100000,10109803.82000000
2021-07-12 17:00:00,1.33100000,1.33300000,1.15900000,1.20300000,7004521.55200000
2021-07-13 17:00:00,1.20700000,1.24700000,1.03800000,1.15100000,5218463.64400000
2021-07-14 17:00:00,1.15000000,1.15600000,1.03800000,1.07400000,4040037.95900000
2021-07-15 17:00:00,1.07400000,1.08700000,0.95600000,0.96600000,3612313.90600000
2021-07-16 17:00:00,0.96600000,1.31200000,0.96000000,1.30400000,17896100.30800000
2021-07-17 17:00:00,1.30500000,1.40900000,1.10500000,1.12700000,7837174.26400000
2021-07-18 17:00:00,1.12500000,1.13300000,0.97500000,0.99900000,3869707.31000000
2021-07-19 17:00:00,0.99900000,1.00900000,0.85600000,0.91600000,5109065.33300000
2021-07-20 17:00:00,0.91500000,0.99800000,0.87500000,0.97900000,3686446.47800000
2021-07-21 17:00:00,0.97800000,0.99800000,0.93700000,0.99400000,2652608.85700000
2021-07-22 17:00:00,0.99400000,1.03500000,0.95600000,1.02200000,3046172.60200000
2021-07-23 17:00:00,1.02300000,1.16000000,1.00200000,1.10400000,4684486.98900000
2021-07-24 17:00:00,1.10100000,1.10700000,1.02700000,1.10200000,2005078.90700000
2021-07-25 17:00:00,1.10300000,1.27000000,1.10100000,1.13400000,8032422.00100000
2021-07-26 17:00:00,1.13400000,1.17900000,1.08700000,1.17500000,2684281.13600000
2021-07-27 17:00:00,1.17200000,1.24000000,1.15400000,1.20800000,3849151.33900000
2021-07-28 17:00:00,1.20700000,1.28000000,1.16500000,1.27200000,4810159.83600000
2021-07-29 17:00:00,1.27100000,1.55000000,1.23500000,1.41800000,9693724.37400000
2021-07-30 17:00:00,1.41500000,1.52500000,1.34400000,1.47800000,4984207.35800000
2021-07-31 17:00:00,1.47800000,1.67900000,1.43500000,1.43900000,7691034.97100000
2021-08-01 17:00:00,1.43700000,1.47400000,1.36000000,1.44600000,4013765.14600000
2021-08-02 17:00:00,1.44500000,1.62000000,1.42600000,1.57500000,7817510.56100000
2021-08-03 17:00:00,1.57700000,1.61800000,1.45300000,1.58600000,3730687.51000000
2021-08-04 17:00:00,1.58600000,1.58900000,1.48000000,1.55300000,3502216.80000000
2021-08-05 17:00:00,1.55100000,1.64000000,1.55100000,1.60900000,4202928.30700000
2021-08-06 17:00:00,1.61100000,1.75000000,1.59300000,1.66100000,4437829.58400000
2021-08-07 17:00:00,1.66400000,1.66500000,1.54100000,1.56900000,2694192.75800000
2021-08-08 17:00:00,1.57100000,1.62900000,1.47800000,1.61500000,2469588.98000000
2021-08-09 17:00:00,1.61500000,1.63500000,1.55900000,1.62500000,2306063.11100000
2021-08-10 17:00:00,1.62300000,1.74800000,1.59500000,1.68500000,4991190.71700000
2021-08-11 17:00:00,1.68500000,1.91000000,1.67100000,1.74000000,7195718.58100000
2021-08-12 17:00:00,1.74000000,1.87900000,1.69800000,1.85200000,2801561.48000000
2021-08-13 17:00:00,1.85200000,1.86300000,1.74000000,1.84500000,2726348.17700000
2021-08-14 17:00:00,1.84100000,1.84500000,1.73300000,1.82700000,2328198.42400000
2021-08-15 17:00:00,1.82700000,2.07100000,1.81500000,1.86400000,5071074.99200000
2021-08-16 17:00:00,1.86300000,1.86400000,1.69200000,1.71200000,3602566.43200000
2021-08-17 17:00:00,1.71600000,1.74000000,1.60600000,1.66200000,3251135.93600000
2021-08-18 17:00:00,1.66200000,1.74300000,1.59400000,1.72500000,2966633.19100000
2021-08-19 17:00:00,1.72800000,1.79300000,1.72100000,1.78700000,2371157.09900000
2021-08-20 17:00:00,1.78900000,1.86000000,1.73800000,1.77200000,3361511.16700000
2021-08-21 17:00:00,1.76900000,1.93600000,1.75100000,1.81400000,3564425.75800000
2021-08-22 17:00:00,1.81500000,1.94700000,1.81300000,1.91100000,3446772.27600000
2021-08-23 17:00:00,1.91200000,2.06500000,1.78000000,1.87500000,5719063.88300000
2021-08-24 17:00:00,1.87300000,1.93000000,1.74100000,1.92900000,2738199.35600000
2021-08-25 17:00:00,1.92900000,2.10000000,1.74000000,1.76200000,3607821.00500000
2021-08-26 17:00:00,1.76400000,1.85800000,1.63700000,1.85400000,2573009.66400000
2021-08-27 17:00:00,1.85400000,1.85600000,1.76200000,1.78500000,1262785.70000000
2021-08-28 17:00:00,1.78400000,1.79700000,1.70000000,1.76700000,1546912.40000000
2021-08-29 17:00:00,1.76900000,1.76900000,1.68600000,1.69500000,1335414.50000000
2021-08-30 17:00:00,1.69500000,1.82800000,1.66100000,1.75400000,1767296.50000000
2021-08-31 17:00:00,1.75400000,1.81200000,1.68300000,1.81200000,1795440.70000000
2021-09-01 17:00:00,1.80900000,1.88200000,1.79000000,1.81600000,4339767.28600000
2021-09-02 17:00:00,1.81600000,1.94500000,1.77200000,1.90600000,5573821.96300000
2021-09-03 17:00:00,1.90300000,2.16900000,1.88100000,2.04600000,6675418.81100000
2021-09-04 17:00:00,2.04400000,2.24500000,1.98700000,2.10000000,5506653.59400000
2021-09-05 17:00:00,2.10300000,2.18800000,2.00100000,2.11100000,2892122.90000000
2021-09-06 17:00:00,2.11300000,2.11300000,1.40100000,1.65300000,4842424.98100000
2021-09-07 17:00:00,1.65900000,1.77900000,1.43900000,1.65200000,3823186.20000000
2021-09-08 17:00:00,1.65200000,1.72600000,1.61200000,1.69900000,2346401.20000000
2021-09-09 17:00:00,1.69800000,1.75000000,1.51200000,1.56600000,2513258.90000000
2021-09-10 17:00:00,1.56600000,1.63400000,1.52800000,1.60800000,1555247.70000000
2021-09-11 17:00:00,1.60700000,1.62800000,1.54600000,1.62200000,1207919.70000000
2021-09-12 17:00:00,1.61900000,1.62200000,1.42900000,1.51300000,2111201.80000000
2021-09-13 17:00:00,1.51100000,1.56700000,1.49400000,1.56600000,1054650.80000000
2021-09-14 17:00:00,1.56600000,1.62800000,1.54000000,1.62000000,1214811.30000000
2021-09-15 17:00:00,1.62000000,1.62300000,1.55600000,1.59400000,1108600.20000000
2021-09-16 17:00:00,1.59400000,1.61100000,1.53700000,1.56100000,1270760.40000000
2021-09-17 17:00:00,1.55900000,1.71400000,1.55200000,1.64200000,2767569.90000000
2021-09-18 17:00:00,1.64100000,1.74900000,1.62300000,1.64000000,2483616.80000000
2021-09-19 17:00:00,1.63900000,1.64100000,1.29300000,1.37200000,4842407.36200000
2021-09-20 17:00:00,1.36900000,1.37900000,1.17500000,1.23600000,3763935.74000000
2021-09-21 17:00:00,1.23400000,1.36200000,1.18500000,1.35500000,2339197.60000000
2021-09-22 17:00:00,1.35500000,1.39200000,1.29800000,1.38900000,1489412.90000000
2021-09-23 17:00:00,1.38900000,1.38900000,1.17300000,1.27300000,2902607.60000000
2021-09-24 17:00:00,1.27500000,1.30400000,1.21000000,1.26400000,2041284.40000000
2021-09-25 17:00:00,1.26600000,1.33800000,1.16500000,1.28200000,4414300.80000000
2021-09-26 17:00:00,1.28200000,1.30300000,1.20800000,1.21000000,3767690.00000000
2021-09-27 17:00:00,1.20800000,1.22000000,1.10400000,1.11400000,2363601.13400000
2021-09-28 17:00:00,1.11500000,1.18100000,1.11500000,1.17400000,2849086.20000000
2021-09-29 17:00:00,1.17400000,1.33400000,1.15800000,1.23700000,3744387.50000000
2021-09-30 17:00:00,1.23500000,1.58200000,1.22000000,1.44400000,7933411.20000000
2021-10-01 17:00:00,1.44400000,1.49000000,1.40100000,1.44600000,2839979.90000000
2021-10-02 17:00:00,1.44600000,1.58000000,1.44400000,1.51700000,2984889.60000000
2021-10-03 17:00:00,1.51400000,1.51800000,1.38700000,1.47100000,2945731.20000000
2021-10-04 17:00:00,1.46900000,1.58200000,1.42800000,1.55900000,3698938.00000000
2021-10-05 17:00:00,1.55800000,1.73700000,1.47400000,1.67500000,5824411.10000000
2021-10-06 17:00:00,1.67400000,1.72700000,1.58100000,1.65200000,3192832.10000000
2021-10-07 17:00:00,1.65200000,1.90000000,1.65000000,1.74500000,5762489.60000000
2021-10-08 17:00:00,1.74800000,1.90900000,1.65400000,1.72600000,6560372.80000000
2021-10-09 17:00:00,1.72300000,1.87000000,1.68700000,1.72400000,3425210.90000000
2021-10-10 17:00:00,1.72100000,1.72100000,1.62100000,1.67000000,1901163.80000000
2021-10-11 17:00:00,1.67000000,1.75000000,1.50500000,1.67100000,3182317.10000000
2021-10-12 17:00:00,1.66600000,1.71500000,1.58700000,1.70100000,2526475.90000000
2021-10-13 17:00:00,1.70300000,1.70800000,1.65500000,1.68700000,1859397.20000000
2021-10-14 17:00:00,1.68700000,1.71300000,1.50000000,1.54200000,2988998.50000000
2021-10-15 17:00:00,1.54400000,1.55900000,1.50300000,1.51800000,1830904.50000000
2021-10-16 17:00:00,1.51900000,1.53000000,1.42600000,1.46500000,1769299.90000000
2021-10-17 17:00:00,1.46600000,1.48800000,1.42500000,1.48300000,1504630.40000000
2021-10-18 17:00:00,1.48300000,1.49700000,1.44700000,1.49700000,1063060.90000000
2021-10-19 17:00:00,1.49700000,1.54200000,1.45100000,1.53900000,1171570.90000000
2021-10-20 17:00:00,1.53600000,1.55000000,1.45600000,1.47400000,1714043.20000000
2021-10-21 17:00:00,1.47400000,1.52100000,1.46300000,1.50200000,1230228.70000000
2021-10-22 17:00:00,1.50000000,1.54900000,1.46000000,1.50100000,1034462.90000000
2021-10-23 17:00:00,1.50100000,1.61400000,1.46600000,1.51800000,2449107.10000000
2021-10-24 17:00:00,1.52000000,1.54400000,1.49400000,1.53200000,2882292.80000000
2021-10-25 17:00:00,1.53200000,1.54100000,1.49400000,1.49900000,1427351.70000000
2021-10-26 17:00:00,1.49900000,1.51200000,1.29400000,1.31900000,3210957.50000000
2021-10-27 17:00:00,1.31800000,1.42800000,1.29800000,1.40800000,2361576.90000000
2021-10-28 17:00:00,1.40800000,1.49700000,1.40300000,1.45200000,2246106.90000000
2021-10-29 17:00:00,1.45300000,1.51000000,1.42100000,1.50200000,2046116.60000000
2021-10-30 17:00:00,1.50200000,1.65900000,1.46900000,1.56900000,4390680.30000000
2021-10-31 17:00:00,1.56700000,1.95000000,1.46400000,1.54000000,5709079.90000000
2021-11-01 17:00:00,1.53800000,1.70200000,1.49900000,1.59200000,6529802.00000000
2021-11-02 17:00:00,1.59300000,1.62800000,1.52500000,1.58300000,2852093.90000000
2021-11-03 17:00:00,1.58600000,1.63300000,1.52600000,1.60200000,3013605.00000000
2021-11-04 17:00:00,1.60400000,1.69000000,1.56300000,1.58700000,2768803.80000000
2021-11-05 17:00:00,1.58700000,1.59200000,1.49200000,1.56500000,1606225.40000000
2021-11-06 17:00:00,1.56700000,1.57800000,1.54100000,1.55500000,1292930.40000000
2021-11-07 16:00:00,1.55900000,1.63300000,1.55300000,1.61500000,2583215.50000000
2021-11-08 16:00:00,1.61800000,1.61900000,1.56500000,1.58800000,1900556.80000000
2021-11-09 16:00:00,1.58800000,1.59900000,1.43200000,1.49400000,2810974.40000000
2021-11-10 16:00:00,1.49400000,1.55100000,1.47200000,1.51000000,1430078.30000000
2021-11-11 16:00:00,1.51000000,1.51600000,1.44100000,1.47900000,1503333.50000000
2021-11-12 16:00:00,1.47800000,1.50000000,1.46700000,1.49400000,726474.90000000
2021-11-13 16:00:00,1.49300000,1.50200000,1.45100000,1.50200000,980241.90000000
2021-11-14 16:00:00,1.50200000,1.52500000,1.48000000,1.50000000,1546519.70000000
2021-11-15 16:00:00,1.50300000,1.50300000,1.33800000,1.41500000,2171819.90000000
2021-11-16 16:00:00,1.41500000,1.60000000,1.39800000,1.52900000,3952061.20000000
2021-11-17 16:00:00,1.52900000,1.64900000,1.20000000,1.39100000,3621387.20000000
2021-11-18 16:00:00,1.38900000,1.44700000,1.34200000,1.44700000,1210640.70000000
2021-11-19 16:00:00,1.44400000,1.51000000,1.41500000,1.48600000,1966737.70000000
2021-11-20 16:00:00,1.48500000,1.50200000,1.43700000,1.47500000,2320917.60000000
2021-11-21 16:00:00,1.47500000,1.47500000,1.39000000,1.40900000,2062752.40000000
2021-11-22 16:00:00,1.40700000,1.46100000,1.37000000,1.44000000,1329641.60000000
2021-11-23 16:00:00,1.43600000,1.43900000,1.38100000,1.41000000,1592986.50000000
2021-11-24 16:00:00,1.41000000,1.49600000,1.39400000,1.48400000,2174507.20000000
2021-11-25 16:00:00,1.48700000,1.51400000,1.31000000,1.36000000,3429299.40000000
2021-11-26 16:00:00,1.36000000,1.41700000,1.35300000,1.37800000,1040819.00000000
2021-11-27 16:00:00,1.37600000,1.37700000,1.28100000,1.36600000,1318250.70000000
2021-11-28 16:00:00,1.36600000,1.40700000,1.35100000,1.39400000,934892.60000000
2021-11-29 16:00:00,1.39400000,1.40800000,1.35900000,1.38200000,1258146.00000000
2021-11-30 16:00:00,1.37900000,1.41400000,1.36600000,1.38400000,1034622.10000000
2021-12-01 16:00:00,1.38200000,1.41800000,1.36200000,1.40100000,1668358.60000000
2021-12-02 16:00:00,1.40100000,1.40700000,1.27500000,1.29800000,2049285.40000000
2021-12-03 16:00:00,1.29700000,1.30000000,0.83200000,1.11500000,3544833.64100000
2021-12-04 16:00:00,1.11100000,1.14000000,0.99400000,1.04500000,1450540.90000000
2021-12-05 16:00:00,1.04300000,1.28000000,0.96200000,1.14900000,10723438.80000000
2021-12-06 16:00:00,1.14900000,1.24600000,1.11100000,1.15400000,4057879.70000000
2021-12-07 16:00:00,1.15400000,1.22500000,1.09300000,1.15800000,3504631.20000000
2021-12-08 16:00:00,1.15900000,1.16700000,1.04900000,1.05200000,1617061.70000000
2021-12-09 16:00:00,1.05300000,1.28400000,1.04300000,1.15800000,11440649.60000000
2021-12-10 16:00:00,1.16000000,1.19700000,1.09800000,1.13300000,2414316.20000000
2021-12-11 16:00:00,1.13600000,1.14900000,1.07300000,1.10600000,1456207.90000000
2021-12-12 16:00:00,1.10400000,1.10900000,0.97800000,0.98900000,1959216.70000000
2021-12-13 16:00:00,0.98600000,1.07300000,0.96500000,1.01200000,3997627.60000000
2021-12-14 16:00:00,1.01400000,1.12800000,0.96300000,1.03700000,2447519.40000000
2021-12-15 16:00:00,1.03700000,1.06300000,1.00700000,1.00700000,1188541.30000000
2021-12-16 16:00:00,1.00900000,1.03900000,0.96700000,1.00400000,1711655.90000000
2021-12-17 16:00:00,1.00400000,1.04000000,0.99400000,1.02600000,729859.70000000
2021-12-18 16:00:00,1.02700000,1.16300000,1.02700000,1.05100000,3308510.60000000
2021-12-19 16:00:00,1.05200000,1.05800000,0.98100000,1.01400000,1452446.40000000
2021-12-20 16:00:00,1.01400000,1.26000000,0.99700000,1.08700000,6210526.10000000
2021-12-21 16:00:00,1.08900000,1.11700000,1.06500000,1.08600000,1512468.70000000
2021-12-22 16:00:00,1.08400000,1.15200000,1.07100000,1.12800000,1346699.40000000
2021-12-23 16:00:00,1.13100000,1.18800000,1.12300000,1.13900000,1414961.40000000
2021-12-24 16:00:00,1.13900000,1.17000000,1.13200000,1.15400000,510235.10000000
2021-12-25 16:00:00,1.15200000,1.15400000,1.11000000,1.14000000,1360004.70000000
2021-12-26 16:00:00,1.14000000,1.17400000,1.13300000,1.16000000,801093.40000000
2021-12-27 16:00:00,1.16100000,1.18800000,1.04200000,1.06200000,2032204.00000000
2021-12-28 16:00:00,1.06200000,1.07100000,1.00600000,1.01000000,980080.80000000
2021-12-29 16:00:00,1.01000000,1.08800000,1.00100000,1.03800000,1365508.30000000
2021-12-30 16:00:00,1.03700000,1.06600000,0.99000000,1.01800000,1060577.30000000
2021-12-31 16:00:00,1.01600000,1.05100000,1.01600000,1.04000000,583874.40000000
2022-01-01 16:00:00,1.04000000,1.10500000,1.02800000,1.07900000,1157092.10000000
2022-01-02 16:00:00,1.08200000,1.12200000,1.04100000,1.07500000,932702.60000000
2022-01-03 16:00:00,1.07700000,1.12400000,1.04200000,1.06300000,914359.20000000
2022-01-04 16:00:00,1.06200000,1.12800000,0.95500000,0.99400000,1972164.80000000
2022-01-05 16:00:00,0.99500000,1.05700000,0.94400000,0.97900000,1934298.30000000
2022-01-06 16:00:00,0.97900000,0.98100000,0.88000000,0.91400000,1722647.80000000
2022-01-07 16:00:00,0.91400000,0.93400000,0.87400000,0.89700000,1061051.50000000
2022-01-08 16:00:00,0.89900000,0.92300000,0.88400000,0.91000000,1039438.70000000
2022-01-09 16:00:00,0.90900000,0.92300000,0.81000000,0.86900000,1495741.30000000
2022-01-10 16:00:00,0.87000000,0.90900000,0.84200000,0.89100000,2039560.40000000
2022-01-11 16:00:00,0.89000000,0.93300000,0.88000000,0.93000000,1795656.60000000
2022-01-12 16:00:00,0.93000000,1.01900000,0.91500000,0.92100000,2637513.50000000
2022-01-13 16:00:00,0.92100000,0.93600000,0.88900000,0.92700000,1093023.20000000
2022-01-14 16:00:00,0.92700000,0.94100000,0.91800000,0.93500000,511051.40000000
2022-01-15 16:00:00,0.93500000,1.00800000,0.92300000,0.93700000,1903944.70000000
2022-01-16 16:00:00,0.93900000,0.94400000,0.89700000,0.91500000,1236512.40000000
2022-01-17 16:00:00,0.91400000,0.91600000,0.86900000,0.90000000,790690.70000000
2022-01-18 16:00:00,0.89800000,0.90000000,0.85600000,0.86700000,713923.00000000
2022-01-19 16:00:00,0.86700000,0.89900000,0.82700000,0.83100000,908629.40000000
2022-01-20 16:00:00,0.82900000,0.85900000,0.74400000,0.76600000,3872598.80000000
2022-01-21 16:00:00,0.76800000,1.00500000,0.63400000,0.74300000,10840732.70000000
2022-01-22 16:00:00,0.74300000,0.79400000,0.71500000,0.75700000,2793482.70000000
2022-01-23 16:00:00,0.75700000,0.82800000,0.65000000,0.73000000,5206979.90000000
2022-01-24 16:00:00,0.72700000,0.73100000,0.66100000,0.71100000,3903532.80000000
2022-01-25 16:00:00,0.71400000,0.77000000,0.69400000,0.72500000,2996292.50000000
2022-01-26 16:00:00,0.72500000,0.73900000,0.68800000,0.73600000,1087407.60000000
2022-01-27 16:00:00,0.73600000,0.75500000,0.71400000,0.75300000,789101.70000000
2022-01-28 16:00:00,0.75300000,0.81500000,0.75300000,0.78200000,1466025.20000000
2022-01-29 16:00:00,0.78000000,0.78000000,0.75300000,0.77300000,685081.10000000
2022-01-30 16:00:00,0.77500000,0.80800000,0.72900000,0.78400000,1738762.70000000
2022-01-31 16:00:00,0.78400000,0.81200000,0.76600000,0.78600000,998984.60000000
2022-02-01 16:00:00,0.78400000,0.80000000,0.75400000,0.77900000,768830.60000000
2022-02-02 16:00:00,0.77700000,0.81600000,0.76100000,0.79700000,1135213.70000000
2022-02-03 16:00:00,0.80000000,0.85300000,0.78400000,0.84700000,1225242.30000000
2022-02-04 16:00:00,0.84600000,0.87100000,0.83100000,0.85700000,958140.70000000
2022-02-05 16:00:00,0.85800000,0.87000000,0.82300000,0.86800000,694019.10000000
2022-02-06 16:00:00,0.86600000,0.89900000,0.83900000,0.88800000,1106617.40000000
2022-02-07 16:00:00,0.89100000,0.89800000,0.82700000,0.85900000,1239933.00000000
2022-02-08 16:00:00,0.86000000,0.87200000,0.83200000,0.87200000,886846.30000000
2022-02-09 16:00:00,0.87200000,0.87200000,0.81500000,0.83900000,908056.70000000
2022-02-10 16:00:00,0.84200000,1.17700000,0.81600000,0.89700000,18613875.60000000
2022-02-11 16:00:00,0.89500000,0.91900000,0.83100000,0.85300000,3504407.50000000
2022-02-12 16:00:00,0.85200000,0.85400000,0.79800000,0.82000000,1131342.90000000
2022-02-13 16:00:00,0.82000000,0.82500000,0.77600000,0.80000000,939052.80000000
2022-02-14 16:00:00,0.80100000,0.84300000,0.79100000,0.83800000,1246516.80000000
2022-02-15 16:00:00,0.83800000,0.84100000,0.81200000,0.82500000,748730.90000000
2022-02-16 16:00:00,0.82600000,0.82900000,0.75500000,0.75600000,951836.70000000
2022-02-17 16:00:00,0.75700000,0.81000000,0.74000000,0.76600000,3219637.80000000
2022-02-18 16:00:00,0.76800000,0.78200000,0.73300000,0.75100000,1364492.30000000
2022-02-19 16:00:00,0.75100000,0.80600000,0.71900000,0.73300000,1952200.90000000
2022-02-20 16:00:00,0.73400000,0.77500000,0.69600000,0.70000000,2839748.20000000
2022-02-21 16:00:00,0.70100000,0.82600000,0.66500000,0.73200000,6135726.10000000
2022-02-22 16:00:00,0.73300000,0.76400000,0.70700000,0.72400000,1858221.10000000
2022-02-23 16:00:00,0.72200000,0.73100000,0.63500000,0.70900000,3345535.00000000
2022-02-24 16:00:00,0.70900000,0.76000000,0.68300000,0.76000000,1922658.40000000
2022-02-25 16:00:00,0.76100000,0.79600000,0.74600000,0.77000000,1548051.80000000
2022-02-26 16:00:00,0.77100000,0.91500000,0.72700000,0.75200000,10843129.80000000
2022-02-27 16:00:00,0.75100000,0.83000000,0.72100000,0.81300000,3696387.10000000
2022-02-28 16:00:00,0.81300000,0.82000000,0.78200000,0.81100000,2355444.70000000
2022-03-01 16:00:00,0.81100000,0.81100000,0.77100000,0.78800000,1384952.40000000
2022-03-02 16:00:00,0.78800000,0.80300000,0.74400000,0.77300000,1269182.20000000
2022-03-03 16:00:00,0.77300000,0.77300000,0.71700000,0.72600000,968469.20000000
2022-03-04 16:00:00,0.72800000,0.75200000,0.71000000,0.74900000,1569181.60000000
2022-03-05 16:00:00,0.74900000,0.78700000,0.71300000,0.72200000,1687792.30000000
2022-03-06 16:00:00,0.72200000,0.73400000,0.70200000,0.71800000,1935116.10000000
2022-03-07 16:00:00,0.71700000,0.77800000,0.70600000,0.74100000,1858328.50000000
2022-03-08 16:00:00,0.74100000,0.83200000,0.73800000,0.77900000,2778237.50000000
2022-03-09 16:00:00,0.78000000,0.78400000,0.72100000,0.74200000,1166527.90000000
2022-03-10 16:00:00,0.74200000,0.74300000,0.71900000,0.73000000,565884.00000000
2022-03-11 16:00:00,0.72900000,0.73500000,0.72500000,0.72700000,218890.50000000
2022-03-12 16:00:00,0.72600000,0.74400000,0.70800000,0.71200000,378957.80000000
2022-03-13 17:00:00,0.71100000,0.72700000,0.70300000,0.72500000,527785.90000000
2022-03-14 17:00:00,0.72700000,0.73100000,0.70500000,0.72800000,417031.40000000
2022-03-15 17:00:00,0.72600000,0.74800000,0.71600000,0.74300000,728850.70000000
2022-03-16 17:00:00,0.74300000,0.74500000,0.73200000,0.74200000,499418.10000000
2022-03-17 17:00:00,0.74100000,0.78000000,0.73300000,0.76000000,2013000.30000000
2022-03-18 17:00:00,0.75900000,0.77700000,0.75100000,0.77300000,1273810.10000000
2022-03-19 17:00:00,0.77400000,0.79300000,0.74800000,0.75600000,1679454.50000000
2022-03-20 17:00:00,0.75700000,0.91200000,0.75400000,0.81500000,7906858.30000000
2022-03-21 17:00:00,0.81800000,0.83000000,0.79100000,0.81900000,1153761.70000000
2022-03-22 17:00:00,0.81700000,0.82200000,0.79600000,0.81800000,958685.40000000
2022-03-23 17:00:00,0.81800000,0.83300000,0.80600000,0.83300000,678399.80000000
2022-03-24 17:00:00,0.83300000,0.85600000,0.81800000,0.82900000,1005108.80000000
2022-03-25 17:00:00,0.82800000,0.86100000,0.81500000,0.85500000,815206.90000000
2022-03-26 17:00:00,0.85300000,0.93200000,0.84600000,0.90600000,3584453.10000000
2022-03-27 17:00:00,0.90600000,0.99800000,0.90100000,0.91500000,3028731.80000000
2022-03-28 17:00:00,0.91500000,0.96000000,0.88700000,0.92500000,1848604.20000000
2022-03-29 17:00:00,0.92500000,0.96000000,0.89300000,0.95200000,1263623.40000000
2022-03-30 17:00:00,0.95100000,1.10000000,0.93200000,0.96500000,4765103.70000000
2022-03-31 17:00:00,0.96400000,1.01100000,0.91700000,0.99900000,2203017.50000000
2022-04-01 17:00:00,0.99900000,1.17000000,0.98600000,1.03300000,5300040.10000000
2022-04-02 17:00:00,1.03700000,1.18000000,1.00500000,1.06700000,3587213.60000000
2022-04-03 17:00:00,1.06700000,1.06700000,0.95400000,0.99400000,1650891.70000000
2022-04-04 17:00:00,0.99300000,1.12000000,0.97200000,0.99000000,6106562.50000000
2022-04-05 17:00:00,0.99000000,1.09300000,0.87900000,0.88500000,5330431.90000000
2022-04-06 17:00:00,0.88400000,0.93100000,0.87700000,0.92400000,1774268.00000000
2022-04-07 17:00:00,0.92100000,0.95100000,0.88600000,0.88800000,2151627.00000000
2022-04-08 17:00:00,0.88800000,0.90300000,0.85200000,0.88600000,1049269.00000000
2022-04-09 17:00:00,0.88500000,0.88800000,0.85800000,0.86000000,833947.80000000
2022-04-10 17:00:00,0.85900000,0.85900000,0.76500000,0.77100000,1507029.90000000
2022-04-11 17:00:00,0.77200000,0.82500000,0.75000000,0.80300000,1603781.10000000
2022-04-12 17:00:00,0.80500000,1.14400000,0.79700000,0.94600000,44462705.60000000
2022-04-13 17:00:00,0.94700000,0.95400000,0.85700000,0.86600000,5812868.50000000
2022-04-14 17:00:00,0.86400000,0.89000000,0.84800000,0.87100000,2359790.00000000
2022-04-15 17:00:00,0.87100000,0.87300000,0.84200000,0.85300000,870030.40000000
2022-04-16 17:00:00,0.85100000,0.90600000,0.83700000,0.90200000,3340078.80000000
2022-04-17 17:00:00,0.90100000,0.90900000,0.83400000,0.89700000,4539110.20000000
2022-04-18 17:00:00,0.89500000,0.91600000,0.87600000,0.91100000,2040210.00000000
2022-04-19 17:00:00,0.91300000,0.91300000,0.86700000,0.89300000,1700155.90000000
2022-04-20 17:00:00,0.89400000,0.93100000,0.85800000,0.87200000,2017949.60000000
2022-04-21 17:00:00,0.87000000,0.89700000,0.85400000,0.86700000,1321010.40000000
2022-04-22 17:00:00,0.86600000,0.86700000,0.84000000,0.85200000,966615.50000000
2022-04-23 17:00:00,0.85200000,1.07800000,0.84300000,0.87100000,27052164.60000000
2022-04-24 17:00:00,0.87100000,0.95900000,0.85400000,0.90500000,12951603.60000000
2022-04-25 17:00:00,0.90600000,0.91100000,0.81900000,0.83100000,2112501.80000000
2022-04-26 17:00:00,0.83100000,0.95500000,0.80900000,0.84800000,7039168.80000000
2022-04-27 17:00:00,0.84800000,0.88600000,0.83500000,0.85600000,3000227.40000000
2022-04-28 17:00:00,0.85600000,0.88400000,0.82200000,0.83000000,2945914.20000000
2022-04-29 17:00:00,0.83000000,0.86600000,0.78800000,0.79400000,2952126.30000000
2022-04-30 17:00:00,0.79400000,0.80200000,0.74400000,0.80000000,2108048.10000000
2022-05-01 17:00:00,0.79900000,0.80500000,0.76400000,0.78000000,1125038.90000000
2022-05-02 17:00:00,0.78000000,0.78300000,0.76100000,0.76600000,525136.60000000
2022-05-03 17:00:00,0.76700000,0.82700000,0.74800000,0.82400000,2058523.80000000
2022-05-04 17:00:00,0.82500000,0.83200000,0.73600000,0.75100000,2145203.50000000
2022-05-05 17:00:00,0.75100000,0.75400000,0.70400000,0.73600000,1482123.60000000
2022-05-06 17:00:00,0.73500000,0.73500000,0.68000000,0.70000000,934953.70000000
2022-05-07 17:00:00,0.70000000,0.70000000,0.65600000,0.66700000,1518804.70000000
2022-05-08 17:00:00,0.66800000,0.67300000,0.55100000,0.55100000,1669832.60000000
2022-05-09 17:00:00,0.55300000,0.61300000,0.53200000,0.56800000,2261734.40000000
2022-05-10 17:00:00,0.56800000,0.58100000,0.40700000,0.43200000,4189472.20000000
2022-05-11 17:00:00,0.43000000,0.44700000,0.34100000,0.38400000,4217093.80000000
2022-05-12 17:00:00,0.38400000,0.46300000,0.37400000,0.42800000,3556959.70000000
2022-05-13 17:00:00,0.42800000,0.55400000,0.42400000,0.49000000,7083075.60000000
2022-05-14 17:00:00,0.49000000,0.52100000,0.47100000,0.52100000,1965042.20000000
2022-05-15 17:00:00,0.52000000,0.56000000,0.49600000,0.52700000,3871458.30000000
2022-05-16 17:00:00,0.52400000,0.54300000,0.49800000,0.53900000,1363610.80000000
2022-05-17 17:00:00,0.53700000,0.53700000,0.47000000,0.47400000,1631898.90000000
2022-05-18 17:00:00,0.47600000,0.49400000,0.45300000,0.49400000,1503503.40000000
2022-05-19 17:00:00,0.49400000,0.50200000,0.46700000,0.48600000,1138160.30000000
2022-05-20 17:00:00,0.48300000,0.49700000,0.47000000,0.49700000,512873.30000000
2022-05-21 17:00:00,0.49700000,0.54500000,0.49000000,0.52900000,1733386.30000000
2022-05-22 17:00:00,0.52800000,0.56300000,0.49700000,0.50900000,2906576.30000000
2022-05-23 17:00:00,0.50900000,0.56000000,0.47300000,0.51200000,2236929.60000000
2022-05-24 17:00:00,0.51100000,0.51400000,0.48600000,0.50000000,866121.10000000
2022-05-25 17:00:00,0.50000000,0.50900000,0.44700000,0.47300000,1406792.30000000
2022-05-26 17:00:00,0.47300000,0.54400000,0.44800000,0.46000000,2400971.80000000
2022-05-27 17:00:00,0.46200000,0.48900000,0.45900000,0.47600000,2281679.70000000
2022-05-28 17:00:00,0.47600000,0.51200000,0.46500000,0.49000000,3051066.10000000
2022-05-29 17:00:00,0.49000000,0.54000000,0.48500000,0.52500000,1218181.80000000
2022-05-30 17:00:00,0.52600000,0.53300000,0.50600000,0.51900000,1064725.30000000
2022-05-31 17:00:00,0.52000000,0.63300000,0.50000000,0.51200000,11084526.90000000
2022-06-01 17:00:00,0.51200000,0.52800000,0.49800000,0.52300000,1272580.50000000
2022-06-02 17:00:00,0.52400000,0.52700000,0.49900000,0.51400000,749112.90000000
2022-06-03 17:00:00,0.51200000,0.52000000,0.49900000,0.51300000,500629.90000000
2022-06-04 17:00:00,0.51300000,0.57400000,0.50500000,0.53400000,6284262.70000000
2022-06-05 17:00:00,0.53500000,0.64500000,0.53300000,0.55800000,7234769.70000000
2022-06-06 17:00:00,0.55800000,0.55800000,0.50700000,0.53100000,2256501.40000000
2022-06-07 17:00:00,0.53100000,0.53900000,0.51100000,0.52200000,1203265.40000000
2022-06-08 17:00:00,0.52400000,0.52600000,0.51300000,0.51700000,622747.00000000
2022-06-09 17:00:00,0.51700000,0.52500000,0.47500000,0.48000000,1424345.30000000
2022-06-10 17:00:00,0.48000000,0.51200000,0.44400000,0.45700000,1712149.20000000
2022-06-11 17:00:00,0.45700000,0.46200000,0.41000000,0.41100000,1556570.50000000
2022-06-12 17:00:00,0.41100000,0.45000000,0.32400000,0.34300000,4583485.20000000
2022-06-13 17:00:00,0.34400000,0.35900000,0.30600000,0.34100000,3176940.20000000
2022-06-14 17:00:00,0.34100000,0.36500000,0.30300000,0.36400000,3187154.70000000
2022-06-15 17:00:00,0.36300000,0.39000000,0.32700000,0.33300000,4005148.20000000
2022-06-16 17:00:00,0.33300000,0.36600000,0.33300000,0.35100000,2200274.90000000
2022-06-17 17:00:00,0.35100000,0.36000000,0.30300000,0.32800000,1903234.50000000
2022-06-18 17:00:00,0.32700000,0.35800000,0.30900000,0.35000000,2143140.40000000
2022-06-19 17:00:00,0.35000000,0.36000000,0.33100000,0.35800000,2103434.30000000
2022-06-20 17:00:00,0.35500000,0.37800000,0.35000000,0.36600000,1386785.40000000
2022-06-21 17:00:00,0.36500000,0.52100000,0.35500000,0.41900000,44013391.80000000
2022-06-22 17:00:00,0.41900000,0.49300000,0.40400000,0.45300000,8519816.50000000
2022-06-23 17:00:00,0.45300000,0.47000000,0.44100000,0.46800000,2020147.80000000
2022-06-24 17:00:00,0.46700000,0.46700000,0.43400000,0.45200000,1237167.50000000
2022-06-25 17:00:00,0.45200000,0.45200000,0.42800000,0.43000000,1011524.20000000
2022-06-26 17:00:00,0.43000000,0.46400000,0.41900000,0.44600000,4806669.70000000
2022-06-27 17:00:00,0.44700000,0.51400000,0.42500000,0.42800000,6861583.20000000
2022-06-28 17:00:00,0.42900000,0.46200000,0.41000000,0.41500000,4443728.40000000
2022-06-29 17:00:00,0.41500000,0.41700000,0.37500000,0.39800000,1388327.60000000
2022-06-30 17:00:00,0.39800000,0.41000000,0.38300000,0.39300000,1201710.30000000
2022-07-01 17:00:00,0.39200000,0.39600000,0.38300000,0.39300000,395474.70000000
2022-07-02 17:00:00,0.39400000,0.41800000,0.38500000,0.39500000,1642426.70000000
2022-07-03 17:00:00,0.39600000,0.40500000,0.38400000,0.40100000,782566.40000000
2022-07-04 17:00:00,0.40300000,0.40700000,0.38300000,0.39300000,852105.20000000
2022-07-05 17:00:00,0.39500000,0.40500000,0.38800000,0.40200000,864414.70000000
2022-07-06 17:00:00,0.40000000,0.41400000,0.39400000,0.41000000,966759.40000000
2022-07-07 17:00:00,0.41000000,0.52500000,0.40300000,0.41200000,13204705.60000000
2022-07-08 17:00:00,0.41200000,0.42200000,0.40800000,0.41800000,892878.00000000
2022-07-09 17:00:00,0.41700000,0.43200000,0.40000000,0.40700000,1720700.60000000
2022-07-10 17:00:00,0.40600000,0.42400000,0.37200000,0.37800000,1547283.80000000
2022-07-11 17:00:00,0.37800000,0.39500000,0.36900000,0.36900000,1467623.00000000
2022-07-12 17:00:00,0.36800000,0.38800000,0.35100000,0.38500000,1544333.10000000
2022-07-13 17:00:00,0.38600000,0.38800000,0.37100000,0.38800000,1079572.90000000
2022-07-14 17:00:00,0.38800000,0.39800000,0.38200000,0.39300000,1507483.10000000
2022-07-15 17:00:00,0.39300000,0.40700000,0.38500000,0.40400000,1412029.80000000
2022-07-16 17:00:00,0.40500000,0.40800000,0.39500000,0.39700000,1239204.70000000
2022-07-17 17:00:00,0.39600000,0.42600000,0.39600000,0.42300000,2254651.60000000
2022-07-18 17:00:00,0.42300000,0.43800000,0.41000000,0.43200000,2603920.50000000
2022-07-19 17:00:00,0.43300000,0.46100000,0.41200000,0.41400000,3586653.10000000
2022-07-20 17:00:00,0.41200000,0.41700000,0.39700000,0.41500000,1611791.70000000
2022-07-21 17:00:00,0.41500000,0.42300000,0.40500000,0.40900000,1100837.80000000
2022-07-22 17:00:00,0.41000000,0.41800000,0.40200000,0.41100000,882735.20000000
2022-07-23 17:00:00,0.41100000,0.42600000,0.41000000,0.41600000,1212562.10000000
2022-07-24 17:00:00,0.41400000,0.41400000,0.38500000,0.38600000,1490298.40000000
2022-07-25 17:00:00,0.38600000,0.38900000,0.37400000,0.38700000,853252.10000000
2022-07-26 17:00:00,0.38900000,0.41000000,0.38100000,0.41000000,1794179.80000000
2022-07-27 17:00:00,0.40900000,0.42200000,0.40100000,0.41600000,1362935.80000000
2022-07-28 17:00:00,0.41700000,0.42400000,0.40700000,0.41800000,1551326.60000000
2022-07-29 17:00:00,0.41700000,0.45400000,0.41700000,0.42600000,3101787.00000000
2022-07-30 17:00:00,0.42500000,1.05900000,0.42300000,1.02700000,118221639.80000000
2022-07-31 17:00:00,1.02700000,1.06300000,0.74200000,0.75900000,65618496.60000000
2022-08-01 17:00:00,0.75700000,0.75900000,0.62500000,0.64900000,14206622.90000000
2022-08-02 17:00:00,0.64900000,0.74400000,0.60500000,0.68400000,20173809.20000000
2022-08-03 17:00:00,0.68200000,0.72900000,0.63500000,0.65200000,12649618.60000000
2022-08-04 17:00:00,0.65200000,0.67400000,0.63600000,0.65400000,3668246.80000000
2022-08-05 17:00:00,0.65400000,0.65400000,0.59600000,0.63300000,4684372.00000000
2022-08-06 17:00:00,0.63300000,0.65800000,0.62800000,0.63700000,2154960.00000000
2022-08-07 17:00:00,0.63600000,0.64600000,0.61800000,0.63700000,3040833.70000000
2022-08-08 17:00:00,0.63700000,0.66200000,0.60500000,0.61800000,2795405.90000000
2022-08-09 17:00:00,0.61700000,0.63700000,0.59900000,0.63500000,2084130.60000000
2022-08-10 17:00:00,0.63400000,0.66000000,0.62300000,0.63700000,4104242.50000000
2022-08-11 17:00:00,0.63700000,0.64100000,0.61700000,0.63900000,2448744.60000000
2022-08-12 17:00:00,0.63800000,0.64000000,0.62800000,0.63300000,1632707.70000000
2022-08-13 17:00:00,0.63300000,0.64700000,0.62100000,0.63100000,2159183.90000000
2022-08-14 17:00:00,0.63200000,0.71900000,0.63100000,0.64500000,8235837.50000000
2022-08-15 17:00:00,0.64500000,0.65400000,0.61500000,0.62100000,2327719.90000000
2022-08-16 17:00:00,0.62100000,0.62300000,0.58200000,0.59100000,1923264.90000000
2022-08-17 17:00:00,0.59000000,0.59700000,0.57900000,0.58300000,1051698.20000000
2022-08-18 17:00:00,0.58300000,0.58300000,0.51000000,0.51300000,2439243.80000000
2022-08-19 17:00:00,0.51400000,0.59000000,0.50100000,0.51700000,4786198.40000000
2022-08-20 17:00:00,0.51700000,0.60300000,0.51300000,0.56100000,10317684.10000000
2022-08-21 17:00:00,0.56200000,0.59800000,0.54500000,0.58600000,5342857.00000000
2022-08-22 17:00:00,0.58700000,0.60500000,0.55400000,0.57900000,2587181.40000000
2022-08-23 17:00:00,0.57800000,0.57900000,0.55300000,0.56500000,1042604.40000000
2022-08-24 17:00:00,0.56500000,0.61300000,0.55700000,0.57400000,2770056.40000000
2022-08-25 17:00:00,0.57400000,0.57400000,0.51700000,0.52300000,2041120.30000000
2022-08-26 17:00:00,0.52200000,0.54000000,0.51100000,0.52400000,1046576.20000000
2022-08-27 17:00:00,0.52300000,0.52700000,0.50100000,0.50300000,902719.70000000
2022-08-28 17:00:00,0.50200000,0.52100000,0.48500000,0.52100000,1668264.00000000
2022-08-29 17:00:00,0.52000000,0.54100000,0.50100000,0.51400000,1858985.30000000
2022-08-30 17:00:00,0.51400000,0.53100000,0.51200000,0.52000000,1145936.00000000
2022-08-31 17:00:00,0.51900000,0.51900000,0.49300000,0.51400000,1043112.50000000
2022-09-01 17:00:00,0.51500000,0.52800000,0.50200000,0.51000000,1321415.00000000
2022-09-02 17:00:00,0.51000000,0.51300000,0.50200000,0.50700000,314758.50000000
2022-09-03 17:00:00,0.50700000,0.51800000,0.50400000,0.51400000,865116.60000000
2022-09-04 17:00:00,0.51400000,0.51500000,0.49400000,0.51000000,1374835.00000000
2022-09-05 17:00:00,0.51000000,0.52300000,0.46400000,0.47700000,4224070.80000000
2022-09-06 17:00:00,0.47700000,0.49600000,0.46100000,0.49500000,1420497.30000000
2022-09-07 17:00:00,0.49400000,0.56000000,0.48200000,0.51000000,5451033.70000000
2022-09-08 17:00:00,0.51000000,0.54000000,0.50200000,0.53200000,2286941.30000000
2022-09-09 17:00:00,0.53200000,0.61000000,0.52100000,0.54200000,3626507.00000000
2022-09-10 17:00:00,0.54200000,0.57500000,0.53700000,0.54600000,2640499.60000000
2022-09-11 17:00:00,0.54500000,0.59200000,0.53600000,0.55500000,2303444.40000000
2022-09-12 17:00:00,0.55600000,1.11500000,0.55100000,0.79300000,58063458.40000000
2022-09-13 17:00:00,0.79200000,0.86600000,0.61900000,0.63000000,15484736.10000000
2022-09-14 17:00:00,0.63000000,0.63400000,0.56900000,0.58500000,7932654.00000000
2022-09-15 17:00:00,0.58500000,0.59800000,0.51500000,0.53100000,11758711.70000000
2022-09-16 17:00:00,0.53100000,0.53800000,0.52000000,0.53700000,3712451.10000000
2022-09-17 17:00:00,0.53700000,0.53700000,0.47700000,0.48600000,3687894.70000000
2022-09-18 17:00:00,0.48500000,0.58400000,0.45100000,0.55600000,23887426.70000000
2022-09-19 17:00:00,0.55600000,0.61500000,0.51100000,0.52500000,26740245.00000000
2022-09-20 17:00:00,0.52600000,0.54000000,0.47800000,0.49200000,7800110.30000000
2022-09-21 17:00:00,0.49100000,0.51100000,0.48300000,0.50900000,3968548.60000000
2022-09-22 17:00:00,0.50800000,0.53000000,0.48600000,0.50700000,6672089.00000000
2022-09-23 17:00:00,0.50700000,0.50800000,0.49400000,0.49600000,2975499.40000000
2022-09-24 17:00:00,0.49600000,0.50400000,0.48400000,0.48800000,1368222.80000000
2022-09-25 17:00:00,0.48900000,0.50000000,0.46500000,0.48900000,3358809.10000000
2022-09-26 17:00:00,0.48900000,0.49900000,0.47300000,0.48000000,2982596.00000000
2022-09-27 17:00:00,0.48000000,0.48500000,0.46100000,0.48100000,1991585.30000000
2022-09-28 17:00:00,0.48100000,0.48500000,0.46400000,0.48300000,1713784.50000000
2022-09-29 17:00:00,0.48200000,0.48300000,0.47000000,0.47600000,1944053.10000000
2022-09-30 17:00:00,0.47600000,0.50600000,0.47200000,0.48300000,3959953.00000000
2022-10-01 17:00:00,0.48200000,0.48400000,0.46700000,0.46900000,1570830.20000000
2022-10-02 17:00:00,0.46900000,0.48200000,0.46400000,0.47600000,1246394.00000000
2022-10-03 17:00:00,0.47600000,0.48700000,0.47200000,0.48300000,1759907.60000000
2022-10-04 17:00:00,0.48300000,0.54600000,0.48300000,0.50600000,12890525.70000000
2022-10-05 17:00:00,0.50700000,0.51200000,0.49000000,0.49100000,2023958.00000000
2022-10-06 17:00:00,0.49100000,0.53600000,0.47800000,0.49900000,5111703.70000000
2022-10-07 17:00:00,0.49900000,0.55800000,0.49600000,0.50600000,7105812.80000000
2022-10-08 17:00:00,0.50600000,0.50600000,0.48900000,0.50000000,1615458.70000000
2022-10-09 17:00:00,0.50000000,0.50900000,0.48000000,0.48200000,1749254.20000000
2022-10-10 17:00:00,0.48100000,0.50600000,0.47000000,0.48000000,2439107.90000000
2022-10-11 17:00:00,0.48000000,0.48500000,0.46800000,0.47700000,1358523.50000000
2022-10-12 17:00:00,0.47500000,0.47600000,0.41600000,0.45400000,2778306.70000000
2022-10-13 17:00:00,0.45600000,0.49900000,0.45500000,0.46400000,3747545.00000000
2022-10-14 17:00:00,0.46300000,0.47000000,0.45600000,0.45900000,1430578.80000000
2022-10-15 17:00:00,0.46000000,0.49300000,0.46000000,0.47200000,3035394.70000000
2022-10-16 17:00:00,0.47100000,0.48000000,0.46100000,0.48000000,1351410.20000000
2022-10-17 17:00:00,0.47900000,0.52400000,0.47300000,0.49200000,9645433.30000000
2022-10-18 17:00:00,0.49400000,0.50400000,0.46500000,0.46500000,6615949.10000000
2022-10-19 17:00:00,0.46600000,0.48100000,0.46000000,0.46600000,1910054.70000000
2022-10-20 17:00:00,0.46600000,0.46700000,0.44800000,0.46500000,1478482.90000000
2022-10-21 17:00:00,0.46500000,0.47300000,0.46300000,0.46800000,1260820.30000000
2022-10-22 17:00:00,0.46800000,0.47400000,0.45700000,0.47100000,884628.70000000
2022-10-23 17:00:00,0.47200000,0.47300000,0.46100000,0.47100000,1186659.80000000
2022-10-24 17:00:00,0.47200000,0.49200000,0.46800000,0.48600000,1940318.80000000
2022-10-25 17:00:00,0.48600000,0.53000000,0.48500000,0.51200000,11939027.20000000
2022-10-26 17:00:00,0.51400000,0.51400000,0.48800000,0.49300000,4601830.20000000
2022-10-27 17:00:00,0.49200000,0.49900000,0.48000000,0.49700000,1702706.60000000
2022-10-28 17:00:00,0.49700000,0.50600000,0.48600000,0.49200000,2726586.50000000
2022-10-29 17:00:00,0.49300000,0.49700000,0.47700000,0.48300000,2322043.90000000
2022-10-30 17:00:00,0.48400000,0.55500000,0.48000000,0.50700000,14397584.90000000
2022-10-31 17:00:00,0.50700000,0.54900000,0.50400000,0.51500000,8109201.10000000
2022-11-01 17:00:00,0.51500000,0.51600000,0.48000000,0.48700000,3163586.10000000
2022-11-02 17:00:00,0.48700000,0.50200000,0.48200000,0.49300000,2262789.30000000
2022-11-03 17:00:00,0.49300000,0.51700000,0.48900000,0.51600000,2233900.80000000
2022-11-04 17:00:00,0.51600000,0.53100000,0.50500000,0.51500000,3346347.70000000
2022-11-05 17:00:00,0.51500000,0.53900000,0.49500000,0.49600000,2128052.80000000
2022-11-06 16:00:00,0.49700000,0.50600000,0.48700000,0.49500000,1974431.40000000
2022-11-07 16:00:00,0.49400000,0.49700000,0.39400000,0.42800000,4491544.50000000
2022-11-08 16:00:00,0.42800000,0.43800000,0.29700000,0.31100000,5918207.50000000
2022-11-09 16:00:00,0.31100000,0.38600000,0.30700000,0.38000000,6560119.30000000
2022-11-10 16:00:00,0.37900000,0.40800000,0.35000000,0.38000000,5921325.30000000
2022-11-11 16:00:00,0.37900000,0.43500000,0.36500000,0.38100000,7426140.70000000
2022-11-12 16:00:00,0.38200000,0.38200000,0.34700000,0.35800000,2209177.90000000
2022-11-13 16:00:00,0.35800000,0.37200000,0.32300000,0.36800000,4023704.10000000
2022-11-14 16:00:00,0.36700000,0.38300000,0.35800000,0.37600000,1996620.70000000
2022-11-15 16:00:00,0.37700000,0.39100000,0.35700000,0.36900000,1651251.10000000
2022-11-16 16:00:00,0.36900000,0.36900000,0.35300000,0.36400000,695185.30000000
2022-11-17 16:00:00,0.36500000,0.37700000,0.36300000,0.37200000,1094010.20000000
2022-11-18 16:00:00,0.37200000,0.42300000,0.37000000,0.38600000,5975849.50000000
2022-11-19 16:00:00,0.38500000,0.40600000,0.35600000,0.36000000,2706617.00000000
2022-11-20 16:00:00,0.36100000,0.36700000,0.34500000,0.35700000,1889654.90000000
2022-11-21 16:00:00,0.35600000,0.37000000,0.34500000,0.37000000,851662.00000000
2022-11-22 16:00:00,0.37000000,0.39100000,0.36500000,0.39000000,2227850.50000000
2022-11-23 16:00:00,0.38900000,0.39400000,0.36600000,0.38700000,1679629.00000000
2022-11-24 16:00:00,0.38700000,0.39700000,0.37300000,0.38700000,734796.10000000
2022-11-25 16:00:00,0.38500000,0.40100000,0.38200000,0.38900000,1664252.30000000
2022-11-26 16:00:00,0.38800000,0.39500000,0.38100000,0.38500000,1278799.20000000
2022-11-27 16:00:00,0.38500000,0.38700000,0.36300000,0.37400000,1183539.70000000
2022-11-28 16:00:00,0.37400000,0.38300000,0.37000000,0.38000000,704019.50000000
2022-11-29 16:00:00,0.38100000,0.40400000,0.38000000,0.39500000,1599157.70000000
2022-11-30 16:00:00,0.39500000,0.44200000,0.39200000,0.40300000,6670522.00000000
2022-12-01 16:00:00,0.40300000,0.40300000,0.38000000,0.39500000,1621470.60000000
2022-12-02 16:00:00,0.39600000,0.39700000,0.38700000,0.38800000,580922.00000000
2022-12-03 16:00:00,0.38800000,0.39400000,0.38600000,0.39100000,575403.60000000
2022-12-04 16:00:00,0.39200000,0.39600000,0.38500000,0.38800000,863700.90000000
2022-12-05 16:00:00,0.38900000,0.41800000,0.38700000,0.39400000,5153745.70000000
2022-12-06 16:00:00,0.39400000,0.39400000,0.37100000,0.37800000,1522914.70000000
2022-12-07 16:00:00,0.37800000,0.40000000,0.37400000,0.39000000,1932895.20000000
2022-12-08 16:00:00,0.39000000,0.39800000,0.38500000,0.39000000,1352949.30000000
2022-12-09 16:00:00,0.39000000,0.44400000,0.38800000,0.39500000,11211390.90000000
2022-12-10 16:00:00,0.39500000,0.43500000,0.39200000,0.39900000,5982490.90000000
2022-12-11 16:00:00,0.40000000,0.40000000,0.38100000,0.39400000,1164624.20000000
2022-12-12 16:00:00,0.39400000,0.40100000,0.38000000,0.39900000,1050186.00000000
2022-12-13 16:00:00,0.39900000,0.41500000,0.39500000,0.39900000,1423473.40000000
2022-12-14 16:00:00,0.40000000,0.40100000,0.38500000,0.38800000,838053.60000000
2022-12-15 16:00:00,0.38700000,0.39300000,0.34000000,0.34900000,1193614.40000000
2022-12-16 16:00:00,0.34900000,0.36000000,0.33400000,0.35000000,1140232.70000000
2022-12-17 16:00:00,0.35000000,0.37400000,0.34700000,0.35100000,1479726.50000000
2022-12-18 16:00:00,0.35200000,0.36200000,0.32800000,0.33500000,996435.80000000
2022-12-19 16:00:00,0.33400000,0.35500000,0.33200000,0.35400000,808533.60000000
2022-12-20 16:00:00,0.35300000,0.36500000,0.34900000,0.35700000,1934285.00000000
2022-12-21 16:00:00,0.35800000,0.35800000,0.33800000,0.34900000,1283209.90000000
2022-12-22 16:00:00,0.35000000,0.36400000,0.34500000,0.35400000,973125.40000000
2022-12-23 16:00:00,0.35500000,0.36200000,0.35400000,0.36000000,721803.40000000
2022-12-24 16:00:00,0.36000000,0.36100000,0.34500000,0.35000000,520090.00000000
2022-12-25 16:00:00,0.35000000,0.35100000,0.34200000,0.35100000,525794.10000000
2022-12-26 16:00:00,0.35000000,0.35000000,0.33700000,0.34100000,405183.40000000
2022-12-27 16:00:00,0.34100000,0.34200000,0.31800000,0.32000000,1689745.20000000
2022-12-28 16:00:00,0.32100000,0.32200000,0.30500000,0.31500000,1495519.10000000
2022-12-29 16:00:00,0.31400000,0.31400000,0.29800000,0.30500000,991670.40000000
2022-12-30 16:00:00,0.30500000,0.33900000,0.30400000,0.31300000,3008251.20000000
2022-12-31 16:00:00,0.31100000,0.32300000,0.31100000,0.32000000,841539.00000000
2023-01-01 16:00:00,0.31800000,0.32200000,0.31200000,0.32100000,584520.80000000
2023-01-02 16:00:00,0.32000000,0.32100000,0.31400000,0.31700000,493804.40000000
2023-01-03 16:00:00,0.31700000,0.33100000,0.31400000,0.32400000,1183468.30000000
2023-01-04 16:00:00,0.32400000,0.33300000,0.31800000,0.32300000,855508.20000000
2023-01-05 16:00:00,0.32300000,0.32500000,0.31100000,0.32400000,676469.60000000
2023-01-06 16:00:00,0.32300000,0.32500000,0.32100000,0.32300000,298759.30000000
2023-01-07 16:00:00,0.32300000,0.33100000,0.32100000,0.33100000,765381.80000000
2023-01-08 16:00:00,0.33000000,0.34800000,0.32800000,0.34100000,973093.20000000
2023-01-09 16:00:00,0.34100000,0.35800000,0.33900000,0.35000000,1658118.90000000
2023-01-10 16:00:00,0.34900000,0.39300000,0.34800000,0.36300000,5149994.30000000
2023-01-11 16:00:00,0.36300000,0.37800000,0.35200000,0.37400000,2481890.60000000
2023-01-12 16:00:00,0.37400000,0.39700000,0.37200000,0.38800000,2579861.60000000
2023-01-13 16:00:00,0.38800000,0.41300000,0.37800000,0.39900000,3241217.40000000
2023-01-14 16:00:00,0.39900000,0.43800000,0.39400000,0.40500000,4372554.90000000
2023-01-15 16:00:00,0.40400000,0.42900000,0.39000000,0.40500000,2176129.30000000
2023-01-16 16:00:00,0.40600000,0.41700000,0.39600000,0.40900000,985185.00000000
2023-01-17 16:00:00,0.40900000,0.43500000,0.38100000,0.38700000,3583661.70000000
2023-01-18 16:00:00,0.38600000,0.41000000,0.38500000,0.40300000,1005271.50000000
2023-01-19 16:00:00,0.40300000,0.42800000,0.39700000,0.42600000,765879.30000000
2023-01-20 16:00:00,0.42700000,0.43100000,0.41500000,0.42300000,2251689.50000000
2023-01-21 16:00:00,0.42200000,0.43100000,0.41500000,0.42400000,960856.50000000
2023-01-22 16:00:00,0.42500000,0.44400000,0.41500000,0.44200000,1471796.70000000
2023-01-23 16:00:00,0.44200000,0.48100000,0.40800000,0.41800000,4126218.90000000
2023-01-24 16:00:00,0.41900000,0.43500000,0.39800000,0.43200000,2505651.70000000
2023-01-25 16:00:00,0.43300000,0.44700000,0.42300000,0.44500000,1332612.50000000
2023-01-26 16:00:00,0.44700000,0.52000000,0.43600000,0.46100000,13522178.50000000
2023-01-27 16:00:00,0.46100000,0.47300000,0.44300000,0.46200000,2362934.20000000
2023-01-28 16:00:00,0.46200000,0.51400000,0.45300000,0.48500000,5749772.40000000
2023-01-29 16:00:00,0.48500000,0.49700000,0.43600000,0.44800000,4374970.20000000
2023-01-30 16:00:00,0.44700000,0.45400000,0.43200000,0.45200000,2844048.70000000
2023-01-31 16:00:00,0.45000000,0.46300000,0.42600000,0.46100000,1766111.70000000
2023-02-01 16:00:00,0.46100000,0.48800000,0.45800000,0.46400000,2474370.50000000
2023-02-02 16:00:00,0.46500000,0.52600000,0.45900000,0.48800000,4314718.00000000
2023-02-03 16:00:00,0.48800000,0.57800000,0.48500000,0.50300000,7260947.20000000
2023-02-04 16:00:00,0.50200000,0.51500000,0.47700000,0.48700000,2575676.10000000
2023-02-05 16:00:00,0.48800000,0.51500000,0.48200000,0.49700000,2000698.00000000
2023-02-06 16:00:00,0.49900000,0.51200000,0.48000000,0.50700000,2445942.20000000
2023-02-07 16:00:00,0.50500000,0.50700000,0.47800000,0.49700000,1175378.60000000
2023-02-08 16:00:00,0.49700000,0.50500000,0.46000000,0.46900000,2326003.50000000
2023-02-09 16:00:00,0.46800000,0.48400000,0.46100000,0.47000000,1198043.50000000
2023-02-10 16:00:00,0.46900000,0.47600000,0.46400000,0.47500000,556282.10000000
2023-02-11 16:00:00,0.47500000,0.48300000,0.46600000,0.46900000,884148.60000000
2023-02-12 16:00:00,0.46800000,0.47000000,0.43100000,0.45000000,1832038.10000000
2023-02-13 16:00:00,0.45000000,0.46300000,0.42800000,0.45700000,1698127.70000000
2023-02-14 16:00:00,0.45700000,0.49200000,0.45300000,0.49200000,1626166.60000000
2023-02-15 16:00:00,0.49100000,0.51800000,0.47500000,0.47700000,2768415.50000000
2023-02-16 16:00:00,0.47700000,0.51000000,0.47400000,0.50600000,1529384.80000000
2023-02-17 16:00:00,0.50600000,0.51000000,0.49200000,0.50500000,1101367.80000000
2023-02-18 16:00:00,0.50300000,0.52300000,0.49300000,0.51700000,1909796.80000000
2023-02-19 16:00:00,0.51700000,0.56200000,0.49600000,0.54600000,7698276.90000000
2023-02-20 16:00:00,0.54500000,0.57900000,0.52200000,0.56800000,8201986.70000000
2023-02-21 16:00:00,0.56700000,0.59500000,0.54000000,0.57800000,6200789.40000000
2023-02-22 16:00:00,0.57800000,0.57800000,0.54800000,0.56400000,2825523.70000000
2023-02-23 16:00:00,0.56500000,0.74900000,0.56500000,0.64100000,41334612.40000000
2023-02-24 16:00:00,0.64100000,0.64700000,0.53200000,0.55500000,10015815.10000000
2023-02-25 16:00:00,0.55400000,0.56300000,0.52800000,0.55400000,4881497.30000000
2023-02-26 16:00:00,0.55300000,0.55400000,0.52200000,0.53300000,2822350.20000000
2023-02-27 16:00:00,0.53200000,0.53700000,0.50500000,0.51100000,2595985.80000000
2023-02-28 16:00:00,0.51100000,0.54700000,0.50900000,0.53200000,2581618.60000000
2023-03-01 16:00:00,0.53000000,0.53100000,0.48900000,0.50200000,3058432.50000000
2023-03-02 16:00:00,0.50400000,0.51700000,0.46000000,0.47200000,3381508.50000000
2023-03-03 16:00:00,0.47200000,0.49200000,0.46100000,0.47000000,1426243.70000000
2023-03-04 16:00:00,0.47000000,0.47500000,0.46000000,0.46400000,924797.70000000
2023-03-05 16:00:00,0.46400000,0.47600000,0.44500000,0.45900000,2043297.00000000
2023-03-06 16:00:00,0.45800000,0.46000000,0.43200000,0.44200000,1301616.40000000
2023-03-07 16:00:00,0.44300000,0.44900000,0.42100000,0.42300000,1687069.10000000
2023-03-08 16:00:00,0.42300000,0.43200000,0.38800000,0.39400000,2007892.70000000
2023-03-09 16:00:00,0.39300000,0.39700000,0.37200000,0.39500000,1607631.10000000
2023-03-10 16:00:00,0.39600000,0.40500000,0.37700000,0.39200000,974293.00000000
2023-03-11 16:00:00,0.39100000,0.41900000,0.38100000,0.41800000,1184433.20000000
2023-03-12 17:00:00,0.41800000,0.45400000,0.40600000,0.45300000,2183219.80000000
2023-03-13 17:00:00,0.45400000,0.48300000,0.44400000,0.47500000,3717765.80000000
2023-03-14 17:00:00,0.47300000,0.47800000,0.43400000,0.44300000,1376191.50000000
2023-03-15 17:00:00,0.44400000,0.46200000,0.44400000,0.45900000,1188167.30000000
2023-03-16 17:00:00,0.45900000,0.48700000,0.45600000,0.48600000,914592.00000000
2023-03-17 17:00:00,0.48500000,0.49000000,0.46400000,0.46900000,1194840.90000000
2023-03-18 17:00:00,0.46800000,0.49600000,0.46400000,0.49300000,971339.50000000
2023-03-19 17:00:00,0.49200000,0.55800000,0.47200000,0.47400000,9609578.30000000
2023-03-20 17:00:00,0.47400000,0.47400000,0.44100000,0.46500000,2892588.30000000
2023-03-21 17:00:00,0.46400000,0.46500000,0.43200000,0.44400000,1888911.50000000
2023-03-22 17:00:00,0.44500000,0.48000000,0.44400000,0.46900000,3199546.70000000
2023-03-23 17:00:00,0.46900000,0.48900000,0.46200000,0.46900000,2742298.80000000
2023-03-24 17:00:00,0.46800000,0.46900000,0.44800000,0.45900000,1020133.80000000
2023-03-25 17:00:00,0.45800000,0.46800000,0.45500000,0.46200000,621053.70000000
2023-03-26 17:00:00,0.46200000,0.46300000,0.42500000,0.43800000,1345073.90000000
2023-03-27 17:00:00,0.43900000,0.45200000,0.42600000,0.44600000,1529151.90000000
2023-03-28 17:00:00,0.44600000,0.46700000,0.44600000,0.46400000,893786.60000000
2023-03-29 17:00:00,0.46400000,0.49800000,0.45700000,0.47000000,4160289.80000000
2023-03-30 17:00:00,0.47000000,0.49200000,0.45400000,0.48900000,1588324.70000000
2023-03-31 17:00:00,0.49000000,0.49800000,0.47900000,0.49200000,1346763.30000000
2023-04-01 17:00:00,0.49200000,0.49400000,0.46500000,0.47100000,755411.30000000
2023-04-02 17:00:00,0.47200000,0.48600000,0.46200000,0.48500000,1045569.90000000
2023-04-03 17:00:00,0.48600000,0.50200000,0.46900000,0.49100000,2002612.50000000
2023-04-04 17:00:00,0.49100000,0.51700000,0.48700000,0.51300000,2558026.40000000
2023-04-05 17:00:00,0.51400000,0.53600000,0.49400000,0.51100000,2543670.70000000
2023-04-06 17:00:00,0.51100000,0.58000000,0.49900000,0.53000000,5731726.90000000
2023-04-07 17:00:00,0.53100000,0.53100000,0.49800000,0.50300000,2913568.60000000
2023-04-08 17:00:00,0.50300000,0.50300000,0.48000000,0.49300000,1720785.10000000
2023-04-09 17:00:00,0.49300000,0.50700000,0.48200000,0.50400000,1794174.00000000
2023-04-10 17:00:00,0.50300000,0.51700000,0.50000000,0.50700000,1510821.90000000
2023-04-11 17:00:00,0.50600000,0.50700000,0.48300000,0.49200000,1960389.20000000
2023-04-12 17:00:00,0.49000000,0.50300000,0.48600000,0.50200000,1272474.00000000
2023-04-13 17:00:00,0.50200000,0.51200000,0.49600000,0.50700000,1327214.10000000
2023-04-14 17:00:00,0.50600000,0.50800000,0.49800000,0.50300000,766186.10000000
2023-04-15 17:00:00,0.50300000,0.51500000,0.49900000,0.51000000,622590.00000000
2023-04-16 17:00:00,0.50900000,0.51600000,0.49100000,0.50100000,1034177.80000000
2023-04-17 17:00:00,0.50000000,0.51100000,0.49600000,0.50800000,725833.60000000
2023-04-18 17:00:00,0.50800000,0.51400000,0.46600000,0.47000000,1117249.70000000
2023-04-19 17:00:00,0.47000000,0.49900000,0.46100000,0.48100000,2731761.30000000
2023-04-20 17:00:00,0.48100000,0.49500000,0.45900000,0.46400000,2489827.70000000
2023-04-21 17:00:00,0.46300000,0.47500000,0.45000000,0.47400000,1076209.60000000
2023-04-22 17:00:00,0.47400000,0.47400000,0.45200000,0.46400000,427273.00000000
2023-04-23 17:00:00,0.46300000,0.46600000,0.44700000,0.45500000,487483.50000000
2023-04-24 17:00:00,0.45400000,0.47200000,0.44000000,0.46100000,1000559.10000000
2023-04-25 17:00:00,0.46200000,0.47300000,0.43900000,0.45500000,742749.90000000
2023-04-26 17:00:00,0.45400000,0.46400000,0.45100000,0.46000000,509578.40000000
2023-04-27 17:00:00,0.46100000,0.46400000,0.45000000,0.45800000,342639.40000000
2023-04-28 17:00:00,0.45800000,0.46200000,0.45500000,0.46200000,217431.20000000
2023-04-29 17:00:00,0.46100000,0.46300000,0.45400000,0.45600000,290485.30000000
2023-04-30 17:00:00,0.45500000,0.46400000,0.44000000,0.44500000,445841.70000000
2023-05-01 17:00:00,0.44600000,0.45300000,0.43800000,0.44800000,340413.40000000
2023-05-02 17:00:00,0.44600000,0.45800000,0.43300000,0.45000000,460152.90000000
2023-05-03 17:00:00,0.44900000,0.45400000,0.44500000,0.44800000,277898.80000000
2023-05-04 17:00:00,0.44900000,0.45800000,0.44500000,0.45500000,313077.50000000
2023-05-05 17:00:00,0.45500000,0.47000000,0.44000000,0.44300000,1434203.10000000
2023-05-06 17:00:00,0.44500000,0.45800000,0.43900000,0.43900000,466648.40000000
2023-05-07 17:00:00,0.43800000,0.44000000,0.40500000,0.40900000,1024366.90000000
2023-05-08 17:00:00,0.40900000,0.41800000,0.40400000,0.41400000,492322.70000000
2023-05-09 17:00:00,0.41400000,0.42900000,0.40400000,0.41700000,960436.30000000
2023-05-10 17:00:00,0.41800000,0.41800000,0.39200000,0.39900000,709430.20000000
2023-05-11 17:00:00,0.39900000,0.39900000,0.37800000,0.39700000,676592.40000000
2023-05-12 17:00:00,0.39800000,0.40600000,0.39500000,0.39800000,483294.30000000
2023-05-13 17:00:00,0.39800000,0.40300000,0.39500000,0.40000000,265095.60000000
2023-05-14 17:00:00,0.40100000,0.41300000,0.39500000,0.40300000,390798.40000000
2023-05-15 17:00:00,0.40400000,0.41900000,0.39500000,0.40600000,951772.80000000
2023-05-16 17:00:00,0.40600000,0.41700000,0.40300000,0.41400000,838214.40000000
2023-05-17 17:00:00,0.41300000,0.41600000,0.39800000,0.40800000,301250.40000000
2023-05-18 17:00:00,0.40700000,0.41000000,0.40000000,0.40700000,247598.20000000
2023-05-19 17:00:00,0.40700000,0.41000000,0.40500000,0.40800000,178479.00000000
2023-05-20 17:00:00,0.40800000,0.40800000,0.39100000,0.39200000,438399.80000000
2023-05-21 17:00:00,0.39100000,0.39300000,0.38400000,0.39000000,508370.10000000
2023-05-22 17:00:00,0.39000000,0.39900000,0.38900000,0.39500000,245375.20000000
2023-05-23 17:00:00,0.39500000,0.39800000,0.37200000,0.37800000,566103.60000000
2023-05-24 17:00:00,0.37800000,0.38300000,0.37300000,0.38000000,340617.80000000
2023-05-25 17:00:00,0.38000000,0.38700000,0.37900000,0.38300000,586722.20000000
2023-05-26 17:00:00,0.38300000,0.38600000,0.38200000,0.38500000,293416.40000000
2023-05-27 17:00:00,0.38700000,0.39600000,0.38300000,0.39400000,333438.60000000
2023-05-28 17:00:00,0.39300000,0.39500000,0.38600000,0.38900000,488954.40000000
2023-05-29 17:00:00,0.39000000,0.39100000,0.38500000,0.38800000,546748.80000000
2023-05-30 17:00:00,0.38900000,0.39000000,0.37300000,0.37700000,439384.70000000
2023-05-31 17:00:00,0.37600000,0.38900000,0.37200000,0.37800000,1292803.20000000
2023-06-01 17:00:00,0.37800000,0.39300000,0.37700000,0.38800000,1464966.90000000
2023-06-02 17:00:00,0.38800000,0.39200000,0.38400000,0.38700000,394766.30000000
2023-06-03 17:00:00,0.38700000,0.39400000,0.38300000,0.38700000,232343.20000000
2023-06-04 17:00:00,0.38700000,0.38800000,0.35700000,0.36400000,1017533.90000000
2023-06-05 17:00:00,0.36300000,0.37300000,0.35100000,0.37200000,658241.20000000
2023-06-06 17:00:00,0.37300000,0.39000000,0.36500000,0.37600000,3149589.80000000
2023-06-07 17:00:00,0.37500000,0.38000000,0.36800000,0.37600000,1561092.30000000
2023-06-08 17:00:00,0.37500000,0.38100000,0.37000000,0.37700000,464916.30000000
2023-06-09 17:00:00,0.37700000,0.38100000,0.31500000,0.33000000,2354400.00000000
2023-06-10 17:00:00,0.33000000,0.34800000,0.32800000,0.33100000,1485361.70000000
2023-06-11 17:00:00,0.33100000,0.34100000,0.32100000,0.32700000,1154537.10000000
2023-06-12 17:00:00,0.32700000,0.33300000,0.32400000,0.32800000,548205.90000000
2023-06-13 17:00:00,0.32800000,0.34200000,0.31300000,0.31700000,1282384.00000000
2023-06-14 17:00:00,0.31800000,0.32500000,0.30900000,0.32300000,818043.60000000
2023-06-15 17:00:00,0.32300000,0.32900000,0.31800000,0.32700000,601665.90000000
2023-06-16 17:00:00,0.32700000,0.33400000,0.32500000,0.32900000,486704.00000000
2023-06-17 17:00:00,0.33000000,0.34200000,0.32700000,0.32900000,1153068.30000000
2023-06-18 17:00:00,0.32700000,0.32900000,0.32300000,0.32800000,532503.40000000
2023-06-19 17:00:00,0.32800000,0.34100000,0.32200000,0.33900000,904145.80000000
2023-06-20 17:00:00,0.33900000,0.35500000,0.33700000,0.35300000,1053059.20000000
2023-06-21 17:00:00,0.35300000,0.36400000,0.34300000,0.34900000,2039176.10000000
2023-06-22 17:00:00,0.34900000,0.36800000,0.34900000,0.36500000,933828.60000000
2023-06-23 17:00:00,0.36600000,0.37700000,0.36300000,0.37600000,1318099.50000000
2023-06-24 17:00:00,0.37600000,0.38300000,0.36700000,0.37300000,952396.70000000
2023-06-25 17:00:00,0.37400000,0.38100000,0.36300000,0.37100000,907532.80000000
2023-06-26 17:00:00,0.37100000,0.38700000,0.36600000,0.37900000,1383801.20000000
2023-06-27 17:00:00,0.38000000,0.40000000,0.35400000,0.35700000,1394570.60000000
2023-06-28 17:00:00,0.35800000,0.36400000,0.35300000,0.35900000,386192.70000000
2023-06-29 17:00:00,0.36000000,0.37300000,0.35000000,0.36900000,1153256.10000000
2023-06-30 17:00:00,0.36700000,0.38400000,0.36200000,0.38300000,721084.30000000
2023-07-01 17:00:00,0.38400000,0.39800000,0.37800000,0.39100000,2565678.50000000
2023-07-02 17:00:00,0.39100000,0.39600000,0.38400000,0.39300000,969761.40000000
2023-07-03 17:00:00,0.39400000,0.39400000,0.38000000,0.38700000,881373.40000000
2023-07-04 17:00:00,0.38700000,0.39500000,0.37500000,0.38000000,639697.90000000
2023-07-05 17:00:00,0.38100000,0.38700000,0.36600000,0.36700000,331368.20000000
2023-07-06 17:00:00,0.36800000,0.37900000,0.36300000,0.37500000,457010.10000000
2023-07-07 17:00:00,0.37500000,0.37500000,0.36600000,0.36900000,267477.10000000
2023-07-08 17:00:00,0.37000000,0.37600000,0.36700000,0.37300000,435270.30000000
2023-07-09 17:00:00,0.37400000,0.37700000,0.36600000,0.37300000,432335.90000000
2023-07-10 17:00:00,0.37300000,0.42900000,0.37000000,0.39700000,6462090.00000000
2023-07-11 17:00:00,0.39800000,0.41200000,0.38400000,0.38800000,1955425.40000000
2023-07-12 17:00:00,0.38900000,0.40400000,0.38100000,0.40300000,1695191.60000000
2023-07-13 17:00:00,0.40300000,0.41100000,0.38700000,0.40300000,1577145.00000000
2023-07-14 17:00:00,0.40400000,0.42900000,0.39900000,0.42800000,2667247.60000000
2023-07-15 17:00:00,0.42800000,0.43500000,0.40200000,0.40600000,1448082.00000000
2023-07-16 17:00:00,0.40700000,0.41400000,0.39800000,0.41200000,589213.00000000
2023-07-17 17:00:00,0.41300000,0.41300000,0.39200000,0.40000000,568226.10000000
2023-07-18 17:00:00,0.40000000,0.46800000,0.39800000,0.43900000,20001854.00000000
2023-07-19 17:00:00,0.43900000,0.47200000,0.42000000,0.42900000,9601625.60000000
2023-07-20 17:00:00,0.42900000,0.45300000,0.41000000,0.41800000,2791854.10000000
2023-07-21 17:00:00,0.41900000,0.42400000,0.40900000,0.41500000,650242.30000000
2023-07-22 17:00:00,0.41400000,0.42300000,0.41100000,0.41700000,786244.10000000
2023-07-23 17:00:00,0.41700000,0.41700000,0.38300000,0.39100000,1570966.30000000
2023-07-24 17:00:00,0.39100000,0.39400000,0.38100000,0.39300000,1010420.20000000
2023-07-25 17:00:00,0.39200000,0.39900000,0.38400000,0.39200000,632135.60000000
2023-07-26 17:00:00,0.39300000,0.40800000,0.38700000,0.39100000,940285.10000000
2023-07-27 17:00:00,0.39000000,0.40200000,0.38800000,0.40200000,626045.40000000
2023-07-28 17:00:00,0.40100000,0.41100000,0.39700000,0.40800000,492296.50000000
2023-07-29 17:00:00,0.40800000,0.43000000,0.39000000,0.39700000,2105678.80000000
2023-07-30 17:00:00,0.39700000,0.40600000,0.39100000,0.39600000,685338.20000000
2023-07-31 17:00:00,0.39600000,0.41400000,0.38700000,0.39900000,881579.20000000
2023-08-01 17:00:00,0.39800000,0.39900000,0.38500000,0.39000000,404634.60000000
2023-08-02 17:00:00,0.38900000,0.39100000,0.38300000,0.38700000,208507.00000000
2023-08-03 17:00:00,0.38700000,0.38900000,0.38100000,0.38600000,299085.90000000
2023-08-04 17:00:00,0.38700000,0.39300000,0.38400000,0.38800000,300720.10000000
2023-08-05 17:00:00,0.38800000,0.38900000,0.38400000,0.38600000,228359.10000000
2023-08-06 17:00:00,0.38600000,0.39000000,0.38000000,0.38400000,420560.50000000
2023-08-07 17:00:00,0.38400000,0.39000000,0.38100000,0.38600000,350283.40000000
2023-08-08 17:00:00,0.38600000,0.38800000,0.38300000,0.38500000,317292.10000000
2023-08-09 17:00:00,0.38400000,0.38900000,0.38100000,0.38400000,187664.90000000
2023-08-10 17:00:00,0.38400000,0.38700000,0.38100000,0.38400000,127111.60000000
2023-08-11 17:00:00,0.38500000,0.39300000,0.38300000,0.39000000,301896.00000000
2023-08-12 17:00:00,0.39000000,0.39400000,0.38600000,0.38800000,312491.90000000
2023-08-13 17:00:00,0.38900000,0.40100000,0.38800000,0.39800000,788094.30000000
2023-08-14 17:00:00,0.39800000,0.39900000,0.37400000,0.37600000,512611.30000000
2023-08-15 17:00:00,0.37500000,0.37600000,0.34900000,0.35000000,1638727.00000000
2023-08-16 17:00:00,0.35000000,0.35500000,0.30810000,0.32390000,2051457.70000000
2023-08-17 17:00:00,0.32340000,0.33390000,0.31950000,0.32920000,769279.30000000
2023-08-18 17:00:00,0.32940000,0.34740000,0.32850000,0.34140000,1123725.00000000
2023-08-19 17:00:00,0.34120000,0.34810000,0.33680000,0.34280000,749311.30000000
2023-08-20 17:00:00,0.34270000,0.34360000,0.32880000,0.33600000,388424.40000000
2023-08-21 17:00:00,0.33630000,0.34170000,0.32320000,0.33060000,538887.30000000
2023-08-22 17:00:00,0.33060000,0.33880000,0.32730000,0.33610000,320817.40000000
2023-08-23 17:00:00,0.33710000,0.33830000,0.32980000,0.33230000,922839.70000000
2023-08-24 17:00:00,0.33200000,0.33670000,0.32910000,0.33660000,486168.00000000
2023-08-25 17:00:00,0.33660000,0.33830000,0.33320000,0.33500000,223787.60000000
2023-08-26 17:00:00,0.33560000,0.33800000,0.33490000,0.33610000,132630.30000000
2023-08-27 17:00:00,0.33630000,0.33680000,0.32550000,0.33110000,385969.60000000
2023-08-28 17:00:00,0.33120000,0.34280000,0.32000000,0.34000000,859497.00000000
2023-08-29 17:00:00,0.34020000,0.34490000,0.33120000,0.33420000,617281.90000000
2023-08-30 17:00:00,0.33320000,0.33340000,0.31950000,0.32090000,722788.00000000
2023-08-31 17:00:00,0.32060000,0.32280000,0.31010000,0.31460000,651449.10000000
2023-09-01 17:00:00,0.31450000,0.33450000,0.31320000,0.33130000,2328856.10000000
2023-09-02 17:00:00,0.33040000,0.33350000,0.32270000,0.32810000,1174871.70000000
